Entry Date,Exit Date,Type,Entry Price,Exit Price,Size,P&L,Holding Period (Days)
1996-11-21,1996-11-22,LONG,111.27,111.4,373.47,47.72,1
1996-11-22,1996-11-26,LONG,111.44,112.38,329.74,309.22,4
1996-11-26,1996-11-28,LONG,112.42,113.65,135.93,166.88,2
1996-11-28,1996-11-29,LONG,113.69,113.78,350.93,30.79,1
1996-11-29,1996-12-02,LONG,113.82,114.5,354.99,240.58,3
1996-12-02,1996-12-03,LONG,114.54,113.28,377.05,-475.93,1
1996-12-03,1996-12-04,LONG,113.32,113.03,235.13,-68.72,1
1996-12-04,1996-12-05,LONG,113.07,112.23,183.63,-154.66,1
1996-12-05,1996-12-06,SHORT,112.23,112.97,-139.13,-103.27,1
1996-12-06,1996-12-09,LONG,112.97,113.38,126.43,51.55,3
1996-12-09,1996-12-10,LONG,113.42,113.33,166.09,-15.32,1
1996-12-10,1996-12-11,LONG,113.37,112.86,153.03,-78.39,1
1996-12-11,1996-12-12,SHORT,112.86,113.15,-128.51,-37.56,1
1996-12-13,1996-12-16,LONG,113.87,113.8,116.63,-8.43,3
1996-12-16,1996-12-17,LONG,113.84,113.8,116.47,-4.92,1
1996-12-17,1996-12-18,LONG,113.84,113.61,121.57,-28.24,1
1996-12-18,1996-12-19,LONG,113.65,113.99,130.22,43.98,1
1996-12-19,1996-12-20,LONG,114.03,114.23,276.89,54.74,1
1996-12-20,1996-12-23,LONG,114.27,114.03,254.64,-61.69,3
1996-12-23,1996-12-24,LONG,114.07,114.38,155.01,47.7,1
1996-12-24,1996-12-25,LONG,114.42,114.61,225.92,42.41,1
1996-12-25,1996-12-27,LONG,114.65,115.23,449.12,259.45,2
1996-12-27,1996-12-30,LONG,115.27,116.18,410.66,372.74,3
1996-12-30,1996-12-31,LONG,116.22,115.88,488.02,-167.06,1
1996-12-31,1997-01-01,LONG,115.92,115.83,386.38,-35.67,1
1997-01-01,1997-01-02,LONG,115.87,115.63,470.01,-113.89,1
1997-01-02,1997-01-03,LONG,115.67,116.39,383.58,275.28,1
1997-01-03,1997-01-06,LONG,116.43,115.69,404.56,-300.31,3
1997-01-06,1997-01-07,LONG,115.73,115.2,250.75,-133.47,1
1997-01-07,1997-01-08,SHORT,115.2,115.87,-148.26,-99.68,1
1997-01-08,1997-01-09,LONG,115.87,116.29,151.1,63.11,1
1997-01-09,1997-01-10,LONG,116.33,116.09,165.11,-40.01,1
1997-01-10,1997-01-13,LONG,116.13,116.46,131.46,43.08,3
1997-01-13,1997-01-14,LONG,116.5,116.92,129.48,54.08,1
1997-01-14,1997-01-15,LONG,116.96,116.75,124.75,-26.49,1
1997-01-15,1997-01-16,LONG,116.79,116.52,123.84,-33.72,1
1997-01-16,1997-01-17,LONG,116.56,117.3,126.66,93.43,1
1997-01-17,1997-01-20,LONG,117.34,117.89,127.33,69.73,3
1997-01-20,1997-01-21,LONG,117.93,117.86,253.24,-18.33,1
1997-01-21,1997-01-22,LONG,117.9,117.91,327.47,2.5,1
1997-01-22,1997-01-23,LONG,117.95,119.18,319.66,392.42,1
1997-01-23,1997-01-24,LONG,119.22,118.83,346.93,-136.13,1
1997-01-24,1997-01-27,LONG,118.87,119.51,313.25,199.73,3
1997-01-27,1997-01-28,LONG,119.55,120.98,335.74,479.29,1
1997-01-28,1997-01-30,LONG,121.02,121.73,340.86,241.18,2
1997-01-30,1997-01-31,LONG,121.77,121.23,358.4,-194.4,1
1997-01-31,1997-02-03,LONG,121.27,121.63,326.45,116.73,3
1997-02-03,1997-02-04,LONG,121.67,122.44,312.48,239.84,1
1997-02-04,1997-02-05,LONG,122.48,123.47,316.87,312.92,1
1997-02-05,1997-02-06,LONG,123.51,123.78,326.19,87.26,1
1997-02-06,1997-02-07,LONG,123.82,123.13,325.98,-225.73,1
1997-02-07,1997-02-10,LONG,123.17,122.74,208.01,-89.95,3
1997-02-10,1997-02-11,LONG,122.78,123.26,200.73,95.85,1
1997-02-11,1997-02-13,LONG,123.3,124.21,196.91,178.7,2
1997-02-13,1997-02-14,LONG,124.25,124.23,172.44,-3.88,1
1997-02-14,1997-02-17,LONG,124.27,124.53,156.46,40.29,3
1997-02-17,1997-02-18,LONG,124.57,123.98,225.67,-133.71,1
1997-02-18,1997-02-19,LONG,124.02,124.49,154.94,72.44,1
1997-02-19,1997-02-21,LONG,124.53,123.18,156.03,-211.02,2
1997-02-21,1997-02-25,SHORT,123.18,121.42,-96.87,170.26,4
1997-02-25,1997-02-26,SHORT,121.38,122.17,-129.97,-102.99,1
1997-02-26,1997-02-28,SHORT,122.13,120.32,-89.49,161.75,2
1997-02-28,1997-03-03,SHORT,120.28,121.33,-96.26,-101.3,3
1997-03-03,1997-03-04,SHORT,121.29,122.1,-85.05,-69.1,1
1997-03-04,1997-03-05,SHORT,122.06,121.22,-85.2,71.36,1
1997-03-05,1997-03-06,SHORT,121.18,121.05,-119.41,15.23,1
1997-03-06,1997-03-07,SHORT,121.01,122.02,-142.75,-144.53,1
1997-03-07,1997-03-10,SHORT,121.98,121.64,-95.52,32.24,3
1997-03-10,1997-03-11,SHORT,121.6,121.87,-117.16,-31.92,1
1997-03-11,1997-03-12,SHORT,121.83,122.29,-101.28,-46.84,1
1997-03-12,1997-03-13,SHORT,122.25,123.45,-99.59,-119.76,1
1997-03-13,1997-03-14,LONG,123.45,123.4,96.29,-5.05,1
1997-03-14,1997-03-17,LONG,123.44,123.73,194.08,55.8,3
1997-03-17,1997-03-19,LONG,123.77,122.73,185.39,-193.26,2
1997-03-19,1997-03-20,SHORT,122.73,123.74,-103.51,-104.8,1
1997-03-20,1997-03-21,LONG,123.74,122.65,189.44,-206.96,1
1997-03-21,1997-03-24,SHORT,122.65,122.97,-111.85,-36.07,3
1997-03-24,1997-03-25,SHORT,122.93,123.75,-111.2,-91.46,1
1997-03-25,1997-03-27,LONG,123.75,123.49,149.28,-39.18,2
1997-03-27,1997-03-28,LONG,123.53,123.61,118.55,9.19,1
1997-03-28,1997-03-31,LONG,123.65,123.76,117.26,12.61,3
1997-03-31,1997-04-01,LONG,123.8,121.88,120.72,-232.07,1
1997-04-01,1997-04-02,SHORT,121.88,123.14,-105.2,-132.81,1
1997-04-02,1997-04-04,SHORT,123.1,124.27,-101.25,-118.71,2
1997-04-04,1997-04-07,LONG,124.27,125.68,101.07,142.26,3
1997-04-07,1997-04-08,LONG,125.72,126.28,142.41,79.39,1
1997-04-08,1997-04-09,LONG,126.32,126.81,146.29,71.31,1
1997-04-09,1997-04-10,LONG,126.85,125.79,142.48,-151.39,1
1997-04-10,1997-04-11,LONG,125.83,126.08,96.44,23.87,1
1997-04-11,1997-04-14,LONG,126.12,126.55,107.02,45.75,3
1997-04-14,1997-04-15,LONG,126.59,125.98,119.82,-73.39,1
1997-04-15,1997-04-16,LONG,126.02,125.57,212.45,-96.14,1
1997-04-16,1997-04-17,LONG,125.61,125.98,147.41,54.17,1
1997-04-17,1997-04-18,LONG,126.02,125.78,192.3,-46.64,1
1997-04-18,1997-04-21,LONG,125.82,125.34,109.85,-53.0,3
1997-04-21,1997-04-23,LONG,125.38,126.02,118.59,75.6,2
1997-04-23,1997-04-24,LONG,126.06,126.05,126.99,-1.59,1
1997-04-24,1997-04-29,LONG,126.09,126.82,139.81,101.7,5
1997-04-29,1997-04-30,LONG,126.86,127.04,174.95,31.05,1
1997-04-30,1997-05-01,LONG,127.08,126.43,362.43,-236.5,1
1997-05-01,1997-05-02,LONG,126.47,126.63,166.85,26.27,1
1997-05-02,1997-05-05,LONG,126.67,126.6,181.76,-13.18,3
1997-05-05,1997-05-06,LONG,126.64,125.25,315.19,-438.91,1
1997-05-06,1997-05-07,SHORT,125.25,125.15,-162.56,15.85,1
1997-05-07,1997-05-08,SHORT,125.11,123.74,-167.95,229.67,1
1997-05-08,1997-05-09,SHORT,123.7,120.02,-278.15,1022.92,1
1997-05-09,1997-05-12,SHORT,119.98,119.32,-323.99,213.06,3
1997-05-12,1997-05-13,SHORT,119.28,118.42,-391.95,336.15,1
1997-05-13,1997-05-14,SHORT,118.38,116.62,-376.3,661.41,1
1997-05-14,1997-05-15,SHORT,116.58,115.9,-358.99,243.28,1
1997-05-15,1997-05-16,SHORT,115.86,115.77,-330.28,28.96,1
1997-05-16,1997-05-21,SHORT,115.73,114.07,-321.84,533.52,5
1997-05-21,1997-05-22,SHORT,114.03,116.17,-212.86,-456.01,1
1997-05-22,1997-05-23,LONG,116.17,115.49,129.14,-88.12,1
1997-05-23,1997-05-27,SHORT,115.49,116.67,-95.58,-113.0,4
1997-05-27,1997-05-28,LONG,116.67,115.58,62.4,-68.16,1
1997-05-28,1997-05-29,SHORT,115.58,116.32,-61.63,-45.75,1
1997-05-29,1997-06-04,LONG,116.32,116.21,62.55,-7.03,6
1997-06-04,1997-06-05,LONG,116.25,115.48,131.29,-101.4,1
1997-06-05,1997-06-06,SHORT,115.48,114.23,-83.91,104.69,1
1997-06-06,1997-06-09,SHORT,114.19,113.04,-94.35,108.29,3
1997-06-09,1997-06-10,SHORT,113.0,112.02,-107.71,105.32,1
1997-06-10,1997-06-11,SHORT,111.98,111.2,-229.45,178.46,1
1997-06-11,1997-06-12,SHORT,111.16,114.17,-224.73,-676.95,1
1997-06-12,1997-06-13,SHORT,114.13,114.85,-81.92,-59.17,1
1997-06-13,1997-06-16,SHORT,114.81,113.2,-81.27,130.66,3
1997-06-16,1997-06-17,SHORT,113.16,113.19,-98.69,-3.18,1
1997-06-17,1997-06-18,SHORT,113.15,113.55,-87.81,-35.32,1
1997-06-18,1997-06-19,SHORT,113.51,114.11,-84.25,-50.74,1
1997-06-19,1997-06-20,SHORT,114.07,114.98,-82.73,-75.48,1
1997-06-20,1997-06-23,SHORT,114.94,114.65,-82.75,23.81,3
1997-06-23,1997-06-24,SHORT,114.61,114.79,-83.66,-15.25,1
1997-06-24,1997-06-25,SHORT,114.75,113.86,-108.99,96.75,1
1997-06-25,1997-06-26,SHORT,113.82,113.15,-100.07,66.82,1
1997-06-26,1997-06-27,SHORT,113.11,114.57,-82.2,-120.2,1
1997-06-27,1997-06-30,SHORT,114.53,114.63,-85.24,-8.72,3
1997-06-30,1997-07-01,SHORT,114.59,114.85,-94.36,-24.75,1
1997-07-01,1997-07-02,SHORT,114.81,114.47,-111.16,37.54,1
1997-07-02,1997-07-03,SHORT,114.43,113.48,-116.91,110.8,1
1997-07-03,1997-07-04,SHORT,113.44,114.22,-115.97,-90.72,1
1997-07-04,1997-07-07,SHORT,114.18,112.51,-117.47,195.91,3
1997-07-07,1997-07-08,SHORT,112.47,112.89,-128.7,-54.35,1
1997-07-08,1997-07-09,SHORT,112.85,112.63,-108.77,23.69,1
1997-07-09,1997-07-10,SHORT,112.59,113.06,-110.4,-52.14,1
1997-07-10,1997-07-14,SHORT,113.02,113.68,-109.94,-72.81,4
1997-07-14,1997-07-16,SHORT,113.64,115.38,-109.12,-190.13,2
1997-07-16,1997-07-17,LONG,115.38,115.78,101.66,40.43,1
1997-07-17,1997-07-18,LONG,115.82,115.43,102.17,-40.08,1
1997-07-18,1997-07-21,LONG,115.47,116.1,110.85,69.58,3
1997-07-21,1997-07-22,LONG,116.14,115.19,105.92,-100.87,1
1997-07-22,1997-07-23,LONG,115.23,115.68,159.71,71.5,1
1997-07-23,1997-07-24,LONG,115.72,116.08,162.15,58.0,1
1997-07-24,1997-07-25,LONG,116.12,116.87,201.92,150.97,1
1997-07-25,1997-07-28,LONG,116.91,117.57,216.47,142.36,3
1997-07-28,1997-07-29,LONG,117.61,118.24,221.8,139.21,1
1997-07-29,1997-07-30,LONG,118.28,118.18,281.73,-28.84,1
1997-07-30,1997-07-31,LONG,118.22,118.53,225.79,69.46,1
1997-07-31,1997-08-01,LONG,118.57,118.38,217.42,-41.82,1
1997-08-01,1997-08-04,LONG,118.42,117.98,238.3,-105.41,3
1997-08-04,1997-08-05,LONG,118.02,119.28,161.26,202.8,1
1997-08-05,1997-08-06,LONG,119.32,118.6,353.81,-255.59,1
1997-08-06,1997-08-07,LONG,118.64,118.46,240.8,-43.91,1
1997-08-07,1997-08-08,LONG,118.5,114.53,208.29,-827.4,1
1997-08-08,1997-08-11,SHORT,114.53,116.16,-103.82,-169.47,3
1997-08-11,1997-08-12,SHORT,116.12,116.4,-92.51,-26.12,1
1997-08-12,1997-08-13,SHORT,116.36,115.62,-91.62,67.59,1
1997-08-13,1997-08-14,SHORT,115.58,117.97,-96.02,-229.71,1
1997-08-14,1997-08-15,LONG,117.97,117.28,81.64,-56.53,1
1997-08-15,1997-08-18,SHORT,117.28,118.14,-77.93,-67.21,3
1997-08-18,1997-08-21,LONG,118.14,117.85,77.44,-22.64,3
1997-08-21,1997-08-22,SHORT,117.85,117.23,-83.33,51.47,1
1997-08-22,1997-08-25,SHORT,117.19,118.15,-118.84,-114.37,3
1997-08-25,1997-08-26,LONG,118.15,118.1,99.5,-5.21,1
1997-08-26,1997-08-27,LONG,118.14,118.82,90.73,61.48,1
1997-08-27,1997-08-28,LONG,118.86,119.01,169.6,25.04,1
1997-08-28,1997-08-29,LONG,119.05,119.42,102.18,37.56,1
1997-08-29,1997-09-01,LONG,119.46,121.16,226.41,384.34,3
1997-09-01,1997-09-02,LONG,121.2,121.73,255.75,134.92,1
1997-09-02,1997-09-03,LONG,121.77,120.58,282.65,-337.03,1
1997-09-03,1997-09-04,LONG,120.62,121.08,203.55,93.14,1
1997-09-04,1997-09-05,LONG,121.12,121.12,239.22,-0.58,1
1997-09-05,1997-09-08,LONG,121.16,121.03,328.18,-43.46,3
1997-09-08,1997-09-09,LONG,121.07,118.71,282.93,-668.38,1
1997-09-09,1997-09-12,SHORT,118.71,121.08,-113.3,-268.8,3
1997-09-12,1997-09-15,LONG,121.08,119.98,98.37,-108.45,3
1997-09-15,1997-09-16,SHORT,119.98,121.26,-97.78,-125.39,1
1997-09-16,1997-09-23,LONG,121.26,122.25,96.31,95.11,7
1997-09-23,1997-09-24,LONG,122.29,120.32,169.94,-335.2,1
1997-09-24,1997-09-25,SHORT,120.32,121.12,-79.19,-63.54,1
1997-09-25,1997-09-26,LONG,121.12,121.14,77.28,1.36,1
1997-09-26,1997-09-29,LONG,121.18,120.99,76.07,-14.64,3
1997-09-29,1997-09-30,LONG,121.03,120.46,83.92,-48.04,1
1997-09-30,1997-10-01,SHORT,120.46,121.17,-82.18,-58.55,1
1997-10-01,1997-10-08,LONG,121.17,121.13,82.83,-3.51,7
1997-10-08,1997-10-09,LONG,121.17,121.11,94.34,-5.89,1
1997-10-09,1997-10-10,LONG,121.15,119.99,97.83,-113.72,1
1997-10-10,1997-10-13,SHORT,119.99,121.07,-96.79,-104.77,3
1997-10-13,1997-10-14,LONG,121.07,121.43,95.21,34.04,1
1997-10-14,1997-10-15,LONG,121.47,121.07,108.14,-43.52,1
1997-10-15,1997-10-16,LONG,121.11,119.88,114.19,-140.73,1
1997-10-16,1997-10-17,SHORT,119.88,120.73,-110.86,-94.5,1
1997-10-17,1997-10-20,LONG,120.73,121.15,104.97,43.83,3
1997-10-20,1997-10-21,LONG,121.19,120.8,107.35,-42.13,1
1997-10-21,1997-10-22,LONG,120.84,120.78,107.5,-6.71,1
1997-10-22,1997-10-24,LONG,120.82,122.06,111.07,137.46,2
1997-10-24,1997-10-27,LONG,122.1,121.75,142.27,-50.14,3
1997-10-27,1997-10-28,LONG,121.79,120.53,102.81,-129.79,1
1997-10-28,1997-10-29,SHORT,120.53,120.78,-94.26,-23.79,1
1997-10-29,1997-10-30,LONG,120.78,119.89,91.84,-81.96,1
1997-10-30,1997-11-03,SHORT,119.89,121.34,-95.24,-138.33,4
1997-11-03,1997-11-04,LONG,121.34,121.78,95.9,41.96,1
1997-11-04,1997-11-05,LONG,121.82,123.07,94.22,117.54,1
1997-11-05,1997-11-06,LONG,123.11,123.63,122.96,63.64,1
1997-11-06,1997-11-07,LONG,123.67,124.28,106.73,64.84,1
1997-11-07,1997-11-10,LONG,124.32,124.27,117.98,-6.19,3
1997-11-10,1997-11-11,LONG,124.31,124.71,142.98,56.84,1
1997-11-11,1997-11-12,LONG,124.75,126.26,262.94,396.37,1
1997-11-12,1997-11-13,LONG,126.3,125.78,274.56,-143.46,1
1997-11-13,1997-11-14,LONG,125.82,125.33,304.83,-150.13,1
1997-11-14,1997-11-17,LONG,125.37,125.58,244.8,50.79,3
1997-11-17,1997-11-18,LONG,125.62,126.11,244.17,119.03,1
1997-11-18,1997-11-19,LONG,126.15,127.01,250.38,214.69,1
1997-11-19,1997-11-20,LONG,127.05,126.03,237.14,-242.48,1
1997-11-20,1997-11-21,LONG,126.07,126.04,128.16,-4.17,1
1997-11-21,1997-11-24,LONG,126.08,127.02,104.42,97.89,3
1997-11-24,1997-11-25,LONG,127.06,127.22,138.09,21.74,1
1997-11-25,1997-11-26,LONG,127.26,127.11,131.53,-20.06,1
1997-11-26,1997-11-27,LONG,127.15,126.76,83.07,-32.61,1
1997-11-27,1997-11-28,LONG,126.8,127.78,86.2,84.26,1
1997-11-28,1997-12-01,LONG,127.82,128.74,154.88,142.09,3
1997-12-01,1997-12-02,LONG,128.78,128.51,171.64,-46.78,1
1997-12-02,1997-12-03,LONG,128.55,128.65,141.84,13.82,1
1997-12-03,1997-12-04,LONG,128.69,129.18,117.43,57.24,1
1997-12-04,1997-12-05,LONG,129.22,130.18,255.01,244.14,1
1997-12-05,1997-12-08,LONG,130.22,130.28,285.61,16.39,3
1997-12-08,1997-12-09,LONG,130.32,129.69,259.14,-163.93,1
1997-12-09,1997-12-10,LONG,129.73,129.25,185.81,-89.67,1
1997-12-10,1997-12-11,LONG,129.29,129.53,152.93,36.31,1
1997-12-11,1997-12-12,LONG,129.57,130.26,201.3,138.37,1
1997-12-12,1997-12-15,LONG,130.3,130.85,192.0,105.1,3
1997-12-15,1997-12-16,LONG,130.89,130.68,180.79,-38.44,1
1997-12-16,1997-12-17,LONG,130.72,127.08,191.55,-697.74,1
1997-12-17,1997-12-18,SHORT,127.08,128.45,-76.96,-105.64,1
1997-12-18,1997-12-19,SHORT,128.41,129.23,-71.65,-58.94,1
1997-12-19,1997-12-22,SHORT,129.19,130.25,-71.57,-76.06,3
1997-12-22,1997-12-29,LONG,130.25,129.68,70.36,-40.29,7
1997-12-29,1997-12-30,LONG,129.72,130.05,74.95,24.54,1
1997-12-30,1997-12-31,LONG,130.09,130.54,76.83,34.37,1
1997-12-31,1998-01-01,LONG,130.58,130.46,181.58,-22.26,1
1998-01-01,1998-01-02,LONG,130.5,132.25,140.91,246.21,1
1998-01-02,1998-01-05,LONG,132.29,133.38,166.54,181.09,3
1998-01-05,1998-01-06,LONG,133.42,134.08,159.9,105.11,1
1998-01-06,1998-01-07,LONG,134.12,131.8,252.2,-585.77,1
1998-01-07,1998-01-08,LONG,131.84,132.43,88.66,52.08,1
1998-01-08,1998-01-09,LONG,132.47,131.5,97.18,-94.52,1
1998-01-09,1998-01-12,LONG,131.54,132.75,83.58,100.91,3
1998-01-12,1998-01-13,LONG,132.79,131.32,105.5,-155.36,1
1998-01-13,1998-01-14,SHORT,131.32,130.82,-79.61,39.6,1
1998-01-14,1998-01-16,SHORT,130.78,129.34,-76.79,110.37,2
1998-01-16,1998-01-19,SHORT,129.3,129.13,-81.01,13.56,3
1998-01-19,1998-01-20,SHORT,129.09,128.39,-122.88,85.7,1
1998-01-20,1998-01-21,SHORT,128.35,126.77,-159.9,252.24,1
1998-01-21,1998-01-22,SHORT,126.73,127.25,-141.39,-73.88,1
1998-01-22,1998-01-23,SHORT,127.21,125.72,-153.52,228.35,1
1998-01-23,1998-01-26,SHORT,125.68,126.63,-160.58,-152.96,3
1998-01-26,1998-01-27,SHORT,126.59,125.02,-169.43,265.59,1
1998-01-27,1998-01-28,SHORT,124.98,124.91,-183.24,12.37,1
1998-01-28,1998-01-29,SHORT,124.87,125.92,-182.11,-191.67,1
1998-01-29,1998-01-30,SHORT,125.88,127.02,-123.75,-141.39,1
1998-01-30,1998-02-02,SHORT,126.98,126.37,-67.94,41.27,3
1998-02-02,1998-02-03,SHORT,126.33,125.74,-79.53,46.72,1
1998-02-03,1998-02-04,SHORT,125.7,123.7,-78.47,156.74,1
1998-02-04,1998-02-05,SHORT,123.66,123.55,-83.25,8.95,1
1998-02-05,1998-02-06,SHORT,123.51,124.07,-107.23,-60.32,1
1998-02-06,1998-02-09,SHORT,124.03,124.32,-73.84,-21.6,3
1998-02-09,1998-02-10,SHORT,124.28,123.25,-85.51,87.86,1
1998-02-10,1998-02-11,SHORT,123.21,123.62,-77.68,-32.04,1
1998-02-11,1998-02-12,SHORT,123.58,124.52,-77.34,-72.9,1
1998-02-12,1998-02-13,SHORT,124.48,125.15,-76.78,-51.63,1
1998-02-13,1998-02-16,SHORT,125.11,126.09,-84.17,-82.7,3
1998-02-16,1998-02-17,SHORT,126.05,126.59,-83.2,-45.14,1
1998-02-17,1998-02-18,SHORT,126.55,126.39,-84.62,13.32,1
1998-02-18,1998-02-19,SHORT,126.35,126.09,-166.45,42.86,1
1998-02-19,1998-02-20,SHORT,126.05,127.95,-160.42,-305.21,1
1998-02-20,1998-02-23,LONG,127.95,127.96,184.36,1.37,3
1998-02-23,1998-02-24,LONG,128.0,127.89,175.27,-19.73,1
1998-02-24,1998-02-25,LONG,127.93,128.28,285.32,99.13,1
1998-02-25,1998-02-26,LONG,128.32,127.44,275.28,-242.95,1
1998-02-26,1998-02-27,SHORT,127.44,126.07,-167.56,229.13,1
1998-02-27,1998-03-02,SHORT,126.03,125.69,-80.47,27.16,3
1998-03-02,1998-03-05,SHORT,125.65,127.65,-80.04,-160.29,3
1998-03-05,1998-03-06,SHORT,127.61,127.85,-83.05,-20.15,1
1998-03-06,1998-03-09,LONG,127.85,127.7,81.86,-12.49,3
1998-03-09,1998-03-10,SHORT,127.7,127.32,-84.69,31.97,1
1998-03-10,1998-03-11,SHORT,127.28,129.25,-86.15,-169.93,1
1998-03-11,1998-03-12,LONG,129.25,128.83,79.88,-33.76,1
1998-03-12,1998-03-13,LONG,128.87,127.71,84.87,-98.67,1
1998-03-13,1998-03-16,SHORT,127.71,129.62,-88.48,-169.23,3
1998-03-16,1998-03-17,LONG,129.62,128.74,157.49,-139.0,1
1998-03-17,1998-03-18,LONG,128.78,129.98,105.09,125.84,1
1998-03-18,1998-03-19,LONG,130.02,130.73,128.16,90.66,1
1998-03-19,1998-03-20,LONG,130.77,130.3,120.62,-57.0,1
1998-03-20,1998-03-23,LONG,130.34,130.3,91.02,-3.88,3
1998-03-23,1998-03-24,LONG,130.34,130.23,97.9,-11.02,1
1998-03-24,1998-03-25,LONG,130.27,128.98,118.29,-152.9,1
1998-03-25,1998-03-26,LONG,129.02,128.31,84.31,-60.07,1
1998-03-26,1998-03-27,SHORT,128.31,130.32,-84.79,-170.66,1
1998-03-27,1998-03-30,LONG,130.32,132.12,87.89,157.97,3
1998-03-30,1998-03-31,LONG,132.16,133.03,81.68,70.84,1
1998-03-31,1998-04-01,LONG,133.07,133.6,138.58,73.07,1
1998-04-01,1998-04-02,LONG,133.64,133.54,124.9,-12.82,1
1998-04-02,1998-04-03,LONG,133.58,135.16,106.68,168.26,1
1998-04-03,1998-04-06,LONG,135.2,134.63,159.18,-91.16,3
1998-04-06,1998-04-07,LONG,134.67,133.44,135.27,-166.74,1
1998-04-07,1998-04-08,LONG,133.48,131.71,90.99,-161.29,1
1998-04-08,1998-04-09,LONG,131.75,131.18,70.39,-40.31,1
1998-04-09,1998-04-10,SHORT,131.18,128.64,-67.93,172.36,1
1998-04-10,1998-04-13,SHORT,128.6,129.59,-57.47,-57.05,3
1998-04-13,1998-04-14,SHORT,129.55,129.29,-55.35,14.25,1
1998-04-14,1998-04-15,SHORT,129.25,129.95,-84.45,-59.33,1
1998-04-15,1998-04-16,SHORT,129.91,131.49,-81.5,-128.99,1
1998-04-16,1998-04-17,LONG,131.49,131.79,56.51,16.8,1
1998-04-17,1998-04-20,LONG,131.83,131.87,76.14,2.84,3
1998-04-20,1998-04-21,LONG,131.91,131.21,68.97,-48.46,1
1998-04-21,1998-04-22,SHORT,131.21,130.35,-62.58,53.66,1
1998-04-22,1998-04-23,SHORT,130.31,130.2,-61.39,6.59,1
1998-04-23,1998-04-24,SHORT,130.16,131.16,-63.93,-64.1,1
1998-04-24,1998-04-27,SHORT,131.12,132.39,-94.19,-119.87,3
1998-04-27,1998-04-28,LONG,132.39,132.03,97.9,-35.5,1
1998-04-28,1998-04-29,LONG,132.07,132.36,103.12,29.63,1
1998-04-29,1998-04-30,LONG,132.4,132.77,109.96,40.39,1
1998-04-30,1998-05-01,LONG,132.81,133.39,83.3,48.09,1
1998-05-01,1998-05-04,LONG,133.43,132.92,101.32,-51.94,3
1998-05-04,1998-05-05,LONG,132.96,131.43,93.82,-143.79,1
1998-05-05,1998-05-06,SHORT,131.43,132.98,-91.19,-141.59,1
1998-05-06,1998-05-07,LONG,132.98,133.31,131.39,43.01,1
1998-05-07,1998-05-08,LONG,133.35,132.84,154.21,-79.06,1
1998-05-08,1998-05-11,LONG,132.88,132.86,91.75,-2.08,3
1998-05-11,1998-05-12,LONG,132.9,133.86,91.46,87.55,1
1998-05-12,1998-05-13,LONG,133.9,133.89,99.63,-1.26,1
1998-05-13,1998-05-14,LONG,133.93,133.59,93.39,-32.0,1
1998-05-14,1998-05-15,LONG,133.63,134.59,97.23,93.08,1
1998-05-15,1998-05-18,LONG,134.63,135.62,103.56,102.25,3
1998-05-18,1998-05-19,LONG,135.66,136.34,149.82,101.47,1
1998-05-19,1998-05-20,LONG,136.38,135.75,295.78,-187.14,1
1998-05-20,1998-05-21,LONG,135.79,134.93,200.93,-173.34,1
1998-05-21,1998-05-22,LONG,134.97,135.68,104.11,73.63,1
1998-05-22,1998-05-25,LONG,135.72,137.17,169.89,245.87,3
1998-05-25,1998-05-26,LONG,137.21,137.81,214.0,127.81,1
1998-05-26,1998-05-27,LONG,137.85,137.6,213.5,-53.96,1
1998-05-27,1998-05-28,LONG,137.64,138.69,197.82,207.17,1
1998-05-28,1998-05-29,LONG,138.73,138.73,233.29,-0.65,1
1998-05-29,1998-06-01,LONG,138.77,139.64,214.96,186.42,3
1998-06-01,1998-06-02,LONG,139.68,138.6,215.83,-233.69,1
1998-06-02,1998-06-03,LONG,138.64,138.41,112.38,-26.16,1
1998-06-03,1998-06-04,LONG,138.45,138.51,137.86,7.89,1
1998-06-04,1998-06-05,LONG,138.55,139.73,210.1,247.34,1
1998-06-05,1998-06-08,LONG,139.77,140.93,225.1,260.48,3
1998-06-08,1998-06-09,LONG,140.97,140.58,215.67,-84.72,1
1998-06-09,1998-06-10,LONG,140.62,141.63,163.39,164.56,1
1998-06-10,1998-06-11,LONG,141.67,143.93,205.38,463.58,1
1998-06-11,1998-06-12,LONG,143.97,144.13,204.99,32.21,1
1998-06-12,1998-06-15,LONG,144.17,146.18,210.36,422.2,3
1998-06-15,1998-06-16,LONG,146.22,143.13,212.62,-657.6,1
1998-06-16,1998-06-17,LONG,143.17,136.83,105.3,-667.86,1
1998-06-17,1998-06-19,SHORT,136.83,137.11,-54.82,-15.5,2
1998-06-19,1998-06-22,SHORT,137.07,137.9,-48.04,-40.0,3
1998-06-22,1998-06-23,SHORT,137.86,139.12,-47.29,-59.72,1
1998-06-23,1998-06-25,SHORT,139.08,142.32,-46.48,-150.74,2
1998-06-25,1998-06-29,LONG,142.32,142.08,43.94,-10.67,4
1998-06-29,1998-06-30,SHORT,142.08,138.37,-44.4,164.61,1
1998-06-30,1998-07-01,SHORT,138.33,137.97,-46.45,16.59,1
1998-07-01,1998-07-02,SHORT,137.93,140.46,-41.59,-105.34,1
1998-07-02,1998-07-03,SHORT,140.42,139.44,-38.93,38.04,1
1998-07-03,1998-07-06,SHORT,139.4,139.94,-38.97,-21.15,3
1998-07-06,1998-07-07,SHORT,139.9,138.59,-41.62,54.41,1
1998-07-07,1998-07-08,SHORT,138.55,139.67,-49.09,-55.12,1
1998-07-08,1998-07-09,SHORT,139.63,140.97,-50.52,-67.84,1
1998-07-09,1998-07-10,SHORT,140.93,141.37,-53.46,-23.67,1
1998-07-10,1998-07-14,SHORT,141.33,140.24,-53.88,58.58,4
1998-07-14,1998-07-15,SHORT,140.2,140.65,-51.44,-23.29,1
1998-07-15,1998-07-16,SHORT,140.61,140.18,-57.8,24.69,1
1998-07-16,1998-07-21,SHORT,140.14,140.24,-51.92,-5.34,5
1998-07-21,1998-07-22,SHORT,140.2,141.1,-59.84,-54.02,1
1998-07-22,1998-07-23,SHORT,141.06,140.97,-65.74,5.73,1
1998-07-23,1998-07-24,SHORT,140.93,141.68,-68.12,-51.29,1
1998-07-24,1998-07-27,LONG,141.68,142.28,67.87,40.53,3
1998-07-27,1998-07-28,LONG,142.32,140.93,70.23,-97.82,1
1998-07-28,1998-07-29,SHORT,140.93,142.17,-70.36,-87.45,1
1998-07-29,1998-07-30,LONG,142.17,143.67,69.84,104.56,1
1998-07-30,1998-07-31,LONG,143.71,144.73,116.51,118.51,1
1998-07-31,1998-08-03,LONG,144.77,145.68,189.45,171.85,3
1998-08-03,1998-08-04,LONG,145.72,144.72,214.91,-215.53,1
1998-08-04,1998-08-05,LONG,144.76,143.8,149.65,-144.09,1
1998-08-05,1998-08-06,LONG,143.84,144.59,92.83,69.35,1
1998-08-06,1998-08-07,LONG,144.63,146.19,116.98,182.14,1
1998-08-07,1998-08-10,LONG,146.23,146.26,128.0,3.46,3
1998-08-10,1998-08-11,LONG,146.3,147.2,123.07,110.4,1
1998-08-11,1998-08-12,LONG,147.24,146.07,197.4,-231.54,1
1998-08-12,1998-08-13,LONG,146.11,144.6,119.15,-180.27,1
1998-08-13,1998-08-14,SHORT,144.6,146.43,-71.82,-131.65,1
1998-08-14,1998-08-17,LONG,146.43,146.37,68.37,-4.3,3
1998-08-17,1998-08-19,LONG,146.41,143.84,69.79,-179.56,2
1998-08-19,1998-08-20,SHORT,143.84,143.06,-74.01,57.52,1
1998-08-20,1998-08-21,SHORT,143.02,144.63,-69.62,-112.29,1
1998-08-21,1998-08-24,SHORT,144.59,143.67,-65.56,60.13,3
1998-08-24,1998-08-25,SHORT,143.63,144.26,-65.12,-41.22,1
1998-08-25,1998-08-26,SHORT,144.22,144.15,-70.35,4.72,1
1998-08-26,1998-08-27,SHORT,144.11,141.97,-64.95,138.81,1
1998-08-27,1998-08-28,SHORT,141.93,141.78,-64.56,9.5,1
1998-08-28,1998-08-31,SHORT,141.74,138.71,-117.45,355.55,3
1998-08-31,1998-09-01,SHORT,138.67,137.12,-135.85,210.2,1
1998-09-01,1998-09-02,SHORT,137.08,138.27,-126.75,-151.19,1
1998-09-02,1998-09-03,SHORT,138.23,133.98,-92.53,393.02,1
1998-09-03,1998-09-04,SHORT,133.94,133.48,-109.21,49.95,1
1998-09-04,1998-09-07,SHORT,133.44,131.55,-137.33,259.2,3
1998-09-07,1998-09-08,SHORT,131.51,131.46,-134.63,6.38,1
1998-09-08,1998-09-09,SHORT,131.42,135.82,-144.33,-635.46,1
1998-09-09,1998-09-10,SHORT,135.78,134.27,-64.8,97.68,1
1998-09-10,1998-09-11,SHORT,134.23,130.93,-62.74,206.86,1
1998-09-11,1998-09-14,SHORT,130.89,133.25,-70.32,-166.15,3
1998-09-14,1998-09-15,SHORT,133.21,134.23,-35.99,-36.81,1
1998-09-15,1998-09-16,SHORT,134.19,134.42,-34.24,-7.97,1
1998-09-16,1998-09-17,SHORT,134.38,131.81,-34.54,88.67,1
1998-09-17,1998-09-18,SHORT,131.77,132.67,-35.38,-31.93,1
1998-09-18,1998-09-21,SHORT,132.63,134.12,-36.68,-54.75,3
1998-09-21,1998-09-22,SHORT,134.08,135.47,-38.87,-54.13,1
1998-09-22,1998-09-23,SHORT,135.43,135.56,-38.73,-5.14,1
1998-09-23,1998-09-25,SHORT,135.52,136.16,-41.41,-26.62,2
1998-09-25,1998-09-28,SHORT,136.12,136.22,-75.86,-7.79,3
1998-09-28,1998-09-29,SHORT,136.18,134.19,-53.42,106.17,1
1998-09-29,1998-09-30,SHORT,134.15,136.31,-47.85,-103.49,1
1998-09-30,1998-10-01,SHORT,136.27,135.58,-46.93,32.25,1
1998-10-01,1998-10-02,SHORT,135.54,135.62,-74.25,-6.14,1
1998-10-02,1998-10-05,SHORT,135.58,133.87,-62.75,107.13,3
1998-10-05,1998-10-06,SHORT,133.83,130.36,-51.41,178.27,1
1998-10-06,1998-10-07,SHORT,130.32,121.67,-81.15,701.72,1
1998-10-07,1998-10-08,SHORT,121.63,119.77,-104.39,193.92,1
1998-10-08,1998-10-09,SHORT,119.73,116.63,-88.29,273.48,1
1998-10-09,1998-10-12,SHORT,116.59,117.74,-100.52,-115.84,3
1998-10-12,1998-10-13,SHORT,117.7,118.75,-88.64,-93.28,1
1998-10-13,1998-10-14,SHORT,118.71,118.66,-75.81,3.61,1
1998-10-14,1998-10-15,SHORT,118.62,115.57,-96.02,292.65,1
1998-10-15,1998-10-16,SHORT,115.53,115.25,-97.84,27.17,1
1998-10-16,1998-10-19,SHORT,115.21,114.58,-96.45,60.54,3
1998-10-19,1998-10-20,SHORT,114.54,115.88,-98.41,-132.1,1
1998-10-20,1998-10-21,SHORT,115.84,117.22,-80.03,-110.63,1
1998-10-21,1998-10-22,SHORT,117.18,117.45,-37.24,-10.14,1
1998-10-22,1998-10-23,SHORT,117.41,118.04,-29.75,-18.81,1
1998-10-23,1998-10-26,SHORT,118.0,119.43,-29.63,-42.44,3
1998-10-26,1998-10-27,SHORT,119.39,118.29,-31.13,34.17,1
1998-10-27,1998-10-29,SHORT,118.25,116.93,-37.76,49.75,2
1998-10-29,1998-10-30,SHORT,116.89,115.79,-51.69,56.74,1
1998-10-30,1998-11-09,SHORT,115.75,121.67,-53.89,-319.16,10
1998-11-09,1998-11-10,LONG,121.67,122.03,64.36,23.01,1
1998-11-10,1998-11-11,LONG,122.07,121.55,93.42,-48.81,1
1998-11-11,1998-11-12,LONG,121.59,121.84,94.19,23.32,1
1998-11-12,1998-11-13,LONG,121.88,122.83,127.19,120.52,1
1998-11-13,1998-11-16,LONG,122.87,120.44,181.47,-441.42,3
1998-11-16,1998-11-17,SHORT,120.44,120.93,-117.42,-57.82,1
1998-11-17,1998-11-18,SHORT,120.89,122.17,-116.81,-149.8,1
1998-11-18,1998-11-19,LONG,122.17,119.83,113.58,-266.05,1
1998-11-19,1998-11-20,SHORT,119.83,120.32,-56.37,-27.76,1
1998-11-20,1998-11-23,SHORT,120.28,121.12,-55.75,-46.97,3
1998-11-23,1998-11-30,LONG,121.12,122.91,55.53,99.26,7
1998-11-30,1998-12-01,LONG,122.95,121.8,82.81,-95.43,1
1998-12-01,1998-12-02,LONG,121.84,120.03,60.67,-109.96,1
1998-12-02,1998-12-03,SHORT,120.03,117.82,-61.24,135.2,1
1998-12-03,1998-12-04,SHORT,117.78,118.69,-58.94,-53.78,1
1998-12-04,1998-12-07,SHORT,118.65,120.02,-61.48,-84.37,3
1998-12-07,1998-12-08,SHORT,119.98,119.07,-62.13,56.39,1
1998-12-08,1998-12-09,SHORT,119.03,118.17,-61.92,53.11,1
1998-12-09,1998-12-10,SHORT,118.13,117.32,-89.23,72.07,1
1998-12-10,1998-12-11,SHORT,117.28,116.22,-124.61,131.8,1
1998-12-11,1998-12-14,SHORT,116.18,115.65,-156.95,82.82,3
1998-12-14,1998-12-15,SHORT,115.61,116.72,-160.5,-178.53,1
1998-12-15,1998-12-16,SHORT,116.68,116.62,-111.88,6.45,1
1998-12-16,1998-12-17,SHORT,116.58,116.22,-86.4,30.9,1
1998-12-17,1998-12-18,SHORT,116.18,115.72,-63.2,28.93,1
1998-12-18,1998-12-21,SHORT,115.68,115.72,-94.93,-4.02,3
1998-12-21,1998-12-22,SHORT,115.68,116.58,-165.75,-149.57,1
1998-12-22,1998-12-23,SHORT,116.54,115.62,-98.98,90.83,1
1998-12-23,1998-12-24,SHORT,115.58,116.28,-107.47,-75.48,1
1998-12-24,1998-12-25,SHORT,116.24,116.52,-69.19,-19.53,1
1998-12-25,1998-12-29,SHORT,116.48,115.69,-73.02,57.52,4
1998-12-29,1998-12-30,SHORT,115.65,114.83,-78.16,63.91,1
1998-12-30,1998-12-31,SHORT,114.79,113.47,-105.42,138.92,1
1998-12-31,1999-01-01,SHORT,113.43,113.48,-134.15,-7.01,1
1999-01-01,1999-01-04,SHORT,113.44,111.93,-127.49,192.22,3
1999-01-04,1999-01-05,SHORT,111.89,111.92,-164.56,-5.3,1
1999-01-05,1999-01-06,SHORT,111.88,112.77,-227.91,-203.35,1
1999-01-06,1999-01-07,SHORT,112.73,111.33,-135.81,189.83,1
1999-01-07,1999-01-08,SHORT,111.29,110.82,-200.91,93.98,1
1999-01-08,1999-01-11,SHORT,110.78,109.02,-225.43,396.27,3
1999-01-11,1999-01-12,SHORT,108.98,112.62,-225.53,-821.44,1
1999-01-12,1999-01-13,SHORT,112.58,113.52,-64.97,-61.22,1
1999-01-13,1999-01-14,SHORT,113.48,113.52,-59.91,-2.53,1
1999-01-14,1999-01-18,SHORT,113.48,114.25,-58.33,-45.05,4
1999-01-18,1999-01-19,SHORT,114.21,113.62,-56.16,33.01,1
1999-01-19,1999-01-20,SHORT,113.58,112.92,-57.07,37.54,1
1999-01-20,1999-01-21,SHORT,112.88,113.92,-59.25,-61.75,1
1999-01-21,1999-01-22,SHORT,113.88,114.44,-58.46,-32.87,1
1999-01-22,1999-01-25,LONG,114.44,113.68,85.81,-65.41,3
1999-01-25,1999-01-26,SHORT,113.68,113.8,-128.4,-15.7,1
1999-01-26,1999-01-27,SHORT,113.76,115.62,-62.0,-115.46,1
1999-01-27,1999-01-28,LONG,115.62,116.25,85.66,53.76,1
1999-01-28,1999-01-29,LONG,116.29,116.26,100.51,-3.25,1
1999-01-29,1999-02-01,LONG,116.3,115.03,93.25,-118.64,3
1999-02-01,1999-02-02,LONG,115.07,111.89,74.92,-238.4,1
1999-02-02,1999-02-03,SHORT,111.89,112.91,-73.8,-75.44,1
1999-02-03,1999-02-04,SHORT,112.87,112.04,-74.26,61.47,1
1999-02-04,1999-02-05,SHORT,112.0,113.1,-72.51,-79.92,1
1999-02-05,1999-02-08,SHORT,113.06,114.54,-70.71,-104.82,3
1999-02-08,1999-02-10,SHORT,114.5,114.32,-66.67,11.85,2
1999-02-10,1999-02-11,SHORT,114.28,114.66,-68.17,-26.06,1
1999-02-11,1999-02-12,SHORT,114.62,113.97,-68.23,44.2,1
1999-02-12,1999-02-15,SHORT,113.93,115.92,-66.15,-131.8,3
1999-02-15,1999-02-16,LONG,115.92,118.63,63.23,171.19,1
1999-02-16,1999-02-17,LONG,118.67,118.68,152.08,1.16,1
1999-02-17,1999-02-18,LONG,118.72,119.63,146.23,132.72,1
1999-02-18,1999-02-19,LONG,119.67,121.28,183.57,295.11,1
1999-02-19,1999-02-22,LONG,121.32,121.1,184.12,-40.95,3
1999-02-22,1999-02-23,LONG,121.14,120.76,172.48,-65.96,1
1999-02-23,1999-02-24,LONG,120.8,121.33,178.56,94.2,1
1999-02-24,1999-02-25,LONG,121.37,119.58,186.5,-334.29,1
1999-02-25,1999-02-26,SHORT,119.58,119.17,-112.51,45.86,1
1999-02-26,1999-03-01,SHORT,119.13,119.74,-119.25,-73.03,3
1999-03-01,1999-03-02,SHORT,119.7,119.92,-100.73,-22.4,1
1999-03-02,1999-03-03,LONG,119.92,121.81,62.41,117.8,1
1999-03-03,1999-03-04,LONG,121.85,123.46,88.76,142.68,1
1999-03-04,1999-03-05,LONG,123.5,122.68,100.2,-82.41,1
1999-03-05,1999-03-08,LONG,122.72,121.67,62.14,-65.39,3
1999-03-08,1999-03-10,LONG,121.71,119.74,64.7,-127.61,2
1999-03-10,1999-03-11,SHORT,119.74,119.11,-64.03,40.19,1
1999-03-11,1999-03-15,SHORT,119.07,117.9,-63.18,73.78,4
1999-03-15,1999-03-16,SHORT,117.86,117.44,-65.11,27.19,1
1999-03-16,1999-03-17,SHORT,117.4,118.29,-68.08,-60.75,1
1999-03-17,1999-03-18,SHORT,118.25,117.54,-113.22,80.12,1
1999-03-18,1999-03-19,SHORT,117.5,117.22,-222.32,61.73,1
1999-03-19,1999-03-22,SHORT,117.18,118.32,-218.95,-250.12,3
1999-03-22,1999-03-23,SHORT,118.28,118.18,-131.03,12.79,1
1999-03-23,1999-03-24,SHORT,118.14,118.16,-126.79,-2.83,1
1999-03-24,1999-03-25,SHORT,118.12,118.17,-88.77,-4.65,1
1999-03-25,1999-03-26,SHORT,118.13,120.32,-78.42,-171.93,1
1999-03-26,1999-03-29,LONG,120.32,120.26,76.95,-4.8,3
1999-03-29,1999-03-30,LONG,120.3,120.42,129.24,15.2,1
1999-03-30,1999-03-31,LONG,120.46,118.75,178.96,-306.45,1
1999-03-31,1999-04-01,SHORT,118.75,120.72,-79.61,-157.03,1
1999-04-01,1999-04-02,LONG,120.72,120.43,130.19,-38.07,1
1999-04-02,1999-04-05,LONG,120.47,121.68,142.92,172.58,3
1999-04-05,1999-04-06,LONG,121.72,120.65,144.05,-154.48,1
1999-04-06,1999-04-07,LONG,120.69,121.48,97.67,76.93,1
1999-04-07,1999-04-08,LONG,121.52,121.16,121.4,-44.0,1
1999-04-08,1999-04-09,LONG,121.2,120.87,104.71,-34.81,1
1999-04-09,1999-04-13,LONG,120.91,119.78,84.99,-96.24,4
1999-04-13,1999-04-15,SHORT,119.78,119.09,-84.48,58.09,2
1999-04-15,1999-04-16,SHORT,119.05,117.74,-91.55,119.72,1
1999-04-16,1999-04-19,SHORT,117.7,117.55,-125.25,18.49,3
1999-04-19,1999-04-20,SHORT,117.51,118.86,-222.05,-300.3,1
1999-04-20,1999-04-21,SHORT,118.82,119.75,-99.89,-93.14,1
1999-04-21,1999-04-22,SHORT,119.71,119.72,-101.55,-1.26,1
1999-04-22,1999-04-23,SHORT,119.68,119.32,-93.16,33.31,1
1999-04-23,1999-04-26,SHORT,119.28,119.36,-97.82,-8.06,3
1999-04-26,1999-04-27,SHORT,119.32,120.22,-100.71,-90.88,1
1999-04-27,1999-04-28,LONG,120.22,119.07,99.15,-114.25,1
1999-04-28,1999-04-30,SHORT,119.07,119.39,-95.08,-30.65,2
1999-04-30,1999-05-03,SHORT,119.35,120.24,-126.24,-112.65,3
1999-05-03,1999-05-04,LONG,120.24,120.79,184.5,101.03,1
1999-05-04,1999-05-05,LONG,120.83,120.43,155.18,-62.45,1
1999-05-05,1999-05-06,LONG,120.47,120.48,98.4,0.75,1
1999-05-06,1999-05-07,LONG,120.52,120.65,100.93,12.88,1
1999-05-07,1999-05-10,LONG,120.69,120.45,131.25,-31.81,3
1999-05-10,1999-05-11,LONG,120.49,120.93,108.04,47.28,1
1999-05-11,1999-05-12,LONG,120.97,120.91,110.17,-6.88,1
1999-05-12,1999-05-13,LONG,120.95,121.73,265.94,206.78,1
1999-05-13,1999-05-14,LONG,121.77,122.81,293.39,304.41,1
1999-05-14,1999-05-17,LONG,122.85,123.38,312.41,164.81,3
1999-05-17,1999-05-18,LONG,123.42,123.26,316.47,-51.42,1
1999-05-18,1999-05-19,LONG,123.3,124.23,291.81,270.66,1
1999-05-19,1999-05-20,LONG,124.27,124.37,373.33,36.4,1
1999-05-20,1999-05-21,LONG,124.41,123.85,375.75,-211.35,1
1999-05-21,1999-05-24,LONG,123.89,123.11,284.83,-222.87,3
1999-05-24,1999-05-25,SHORT,123.11,122.35,-211.63,160.32,1
1999-05-25,1999-05-26,SHORT,122.31,122.32,-111.05,-1.38,1
1999-05-26,1999-05-27,SHORT,122.28,120.52,-114.1,200.55,1
1999-05-27,1999-05-31,SHORT,120.48,121.61,-98.94,-112.05,4
1999-05-31,1999-06-01,SHORT,121.57,120.72,-112.16,95.07,1
1999-06-01,1999-06-02,SHORT,120.68,121.63,-140.16,-133.5,1
1999-06-02,1999-06-03,SHORT,121.59,121.66,-141.02,-10.21,1
1999-06-03,1999-06-04,SHORT,121.62,122.38,-151.72,-115.68,1
1999-06-04,1999-06-07,SHORT,122.34,120.55,-91.1,162.85,3
1999-06-07,1999-06-08,SHORT,120.51,119.42,-112.52,122.38,1
1999-06-08,1999-06-09,SHORT,119.38,119.42,-113.74,-4.82,1
1999-06-09,1999-06-10,SHORT,119.38,118.83,-112.65,61.69,1
1999-06-10,1999-06-11,SHORT,118.79,117.98,-77.16,62.31,1
1999-06-11,1999-06-14,SHORT,117.94,120.47,-161.5,-408.98,3
1999-06-14,1999-06-15,SHORT,120.43,120.44,-70.97,-0.88,1
1999-06-15,1999-06-16,SHORT,120.4,120.35,-71.87,3.42,1
1999-06-16,1999-06-17,SHORT,120.31,119.6,-79.4,56.18,1
1999-06-17,1999-06-18,SHORT,119.56,120.43,-80.46,-70.19,1
1999-06-18,1999-06-21,SHORT,120.39,122.3,-75.84,-145.04,3
1999-06-21,1999-06-22,SHORT,122.26,121.87,-73.88,28.63,1
1999-06-22,1999-06-24,SHORT,121.83,121.99,-92.58,-15.04,2
1999-06-24,1999-06-25,SHORT,121.95,121.19,-133.51,101.15,1
1999-06-25,1999-06-28,SHORT,121.15,121.41,-142.64,-37.43,3
1999-06-28,1999-06-29,SHORT,121.37,121.07,-90.48,26.93,1
1999-06-29,1999-06-30,SHORT,121.03,120.92,-90.95,9.78,1
1999-06-30,1999-07-01,SHORT,120.88,120.92,-99.18,-4.21,1
1999-07-01,1999-07-02,SHORT,120.88,120.98,-112.18,-11.49,1
1999-07-02,1999-07-05,SHORT,120.94,122.37,-118.63,-169.93,3
1999-07-05,1999-07-06,LONG,122.37,122.08,108.08,-31.61,1
1999-07-06,1999-07-07,SHORT,122.08,122.39,-109.02,-34.06,1
1999-07-07,1999-07-08,LONG,122.39,122.54,112.3,16.57,1
1999-07-08,1999-07-09,LONG,122.58,122.25,123.53,-41.07,1
1999-07-09,1999-07-12,LONG,122.29,122.11,191.79,-34.99,3
1999-07-12,1999-07-13,SHORT,122.11,121.37,-143.28,105.68,1
1999-07-13,1999-07-19,SHORT,121.33,118.42,-137.39,399.48,6
1999-07-19,1999-07-20,SHORT,118.38,119.31,-325.38,-303.38,1
1999-07-20,1999-07-21,SHORT,119.27,118.39,-193.31,169.65,1
1999-07-21,1999-07-22,SHORT,118.35,116.99,-237.69,322.7,1
1999-07-22,1999-07-23,SHORT,116.95,116.55,-250.21,99.5,1
1999-07-23,1999-07-26,SHORT,116.51,116.94,-261.63,-113.11,3
1999-07-26,1999-07-27,SHORT,116.9,116.6,-218.09,64.92,1
1999-07-27,1999-07-28,SHORT,116.56,116.06,-207.28,103.16,1
1999-07-28,1999-07-29,SHORT,116.02,115.38,-199.98,127.52,1
1999-07-29,1999-07-30,SHORT,115.34,114.67,-223.8,149.43,1
1999-07-30,1999-08-02,SHORT,114.63,114.47,-219.47,34.61,3
1999-08-02,1999-08-03,SHORT,114.43,115.3,-187.7,-163.73,1
1999-08-03,1999-08-04,SHORT,115.26,114.53,-190.45,138.59,1
1999-08-04,1999-08-05,SHORT,114.49,114.47,-185.22,3.28,1
1999-08-05,1999-08-06,SHORT,114.43,114.52,-153.66,-14.18,1
1999-08-06,1999-08-09,SHORT,114.48,115.16,-151.58,-103.43,3
1999-08-09,1999-08-10,SHORT,115.12,114.76,-130.71,46.75,1
1999-08-10,1999-08-11,SHORT,114.72,115.7,-137.64,-135.21,1
1999-08-11,1999-08-13,SHORT,115.66,115.6,-98.54,5.68,2
1999-08-13,1999-08-16,SHORT,115.56,114.51,-100.11,104.88,3
1999-08-16,1999-08-17,SHORT,114.47,114.0,-98.14,45.9,1
1999-08-17,1999-08-18,SHORT,113.96,112.12,-99.39,182.65,1
1999-08-18,1999-08-19,SHORT,112.08,111.61,-139.57,65.29,1
1999-08-19,1999-08-20,SHORT,111.57,111.4,-155.49,26.09,1
1999-08-20,1999-08-23,SHORT,111.36,111.63,-166.38,-45.29,3
1999-08-23,1999-08-24,SHORT,111.59,110.77,-198.37,162.22,1
1999-08-24,1999-08-25,SHORT,110.73,111.14,-200.18,-82.52,1
1999-08-25,1999-08-26,SHORT,111.1,111.9,-239.59,-192.21,1
1999-08-26,1999-08-27,SHORT,111.86,111.58,-165.0,45.83,1
1999-08-27,1999-08-30,SHORT,111.54,110.66,-200.1,175.65,3
1999-08-30,1999-08-31,SHORT,110.62,109.76,-197.63,169.53,1
1999-08-31,1999-09-01,SHORT,109.72,109.14,-198.31,114.59,1
1999-09-01,1999-09-02,SHORT,109.1,109.34,-167.23,-40.5,1
1999-09-02,1999-09-03,SHORT,109.3,110.03,-140.18,-102.64,1
1999-09-03,1999-09-06,SHORT,109.99,109.57,-84.02,35.1,3
1999-09-06,1999-09-07,SHORT,109.53,110.74,-115.45,-139.95,1
1999-09-07,1999-09-09,SHORT,110.7,108.02,-88.24,236.29,2
1999-09-09,1999-09-10,SHORT,107.98,108.7,-150.9,-108.97,1
1999-09-10,1999-09-13,SHORT,108.66,106.64,-102.94,207.72,3
1999-09-13,1999-09-14,SHORT,106.6,105.86,-121.73,89.83,1
1999-09-14,1999-09-15,SHORT,105.82,104.96,-117.94,101.18,1
1999-09-15,1999-09-16,SHORT,104.92,104.96,-114.84,-4.83,1
1999-09-16,1999-09-17,SHORT,104.92,107.15,-116.81,-260.74,1
1999-09-17,1999-09-20,SHORT,107.11,106.26,-62.86,53.3,3
1999-09-20,1999-09-21,SHORT,106.22,104.77,-69.04,99.96,1
1999-09-21,1999-09-22,SHORT,104.73,104.18,-111.75,61.23,1
1999-09-22,1999-09-23,SHORT,104.14,103.89,-117.73,29.19,1
1999-09-23,1999-09-24,SHORT,103.85,104.17,-91.86,-29.59,1
1999-09-24,1999-09-27,SHORT,104.13,104.92,-103.02,-81.6,3
1999-09-27,1999-09-28,SHORT,104.88,106.22,-53.56,-71.88,1
1999-09-28,1999-09-29,SHORT,106.18,107.14,-52.13,-50.16,1
1999-09-29,1999-09-30,SHORT,107.1,106.17,-56.13,52.08,1
1999-09-30,1999-10-01,SHORT,106.13,105.14,-56.47,55.78,1
1999-10-01,1999-10-04,SHORT,105.1,106.16,-59.62,-63.33,3
1999-10-04,1999-10-05,SHORT,106.12,106.3,-60.0,-10.93,1
1999-10-05,1999-10-06,SHORT,106.26,107.34,-63.46,-68.67,1
1999-10-06,1999-10-07,SHORT,107.3,107.22,-104.29,8.12,1
1999-10-07,1999-10-08,SHORT,107.18,107.54,-119.27,-43.19,1
1999-10-08,1999-10-11,SHORT,107.5,106.78,-126.64,90.91,3
1999-10-11,1999-10-12,SHORT,106.74,106.33,-80.52,32.84,1
1999-10-12,1999-10-14,SHORT,106.29,107.54,-84.62,-105.95,2
1999-10-14,1999-10-15,SHORT,107.5,105.68,-81.91,148.91,1
1999-10-15,1999-10-18,SHORT,105.64,105.52,-80.96,9.54,3
1999-10-18,1999-10-19,SHORT,105.48,105.42,-83.07,4.81,1
1999-10-19,1999-10-20,SHORT,105.38,106.31,-85.46,-79.66,1
1999-10-20,1999-10-21,SHORT,106.27,106.15,-87.96,10.37,1
1999-10-21,1999-10-22,SHORT,106.11,105.88,-91.52,20.86,1
1999-10-22,1999-10-25,SHORT,105.84,105.27,-108.69,61.72,3
1999-10-25,1999-10-26,SHORT,105.23,104.73,-103.07,51.32,1
1999-10-26,1999-10-27,SHORT,104.69,104.33,-113.0,40.44,1
1999-10-27,1999-10-28,SHORT,104.29,105.25,-152.21,-146.45,1
1999-10-28,1999-10-29,SHORT,105.21,104.02,-152.75,181.46,1
1999-10-29,1999-11-01,SHORT,103.98,104.06,-121.73,-9.99,3
1999-11-01,1999-11-02,SHORT,104.02,104.04,-109.92,-2.43,1
1999-11-02,1999-11-03,SHORT,104.0,104.86,-110.63,-95.37,1
1999-11-03,1999-11-04,SHORT,104.82,104.82,-112.32,-0.24,1
1999-11-04,1999-11-05,SHORT,104.78,105.93,-112.98,-130.17,1
1999-11-05,1999-11-12,SHORT,105.89,105.42,-99.01,46.32,7
1999-11-12,1999-11-15,SHORT,105.38,104.82,-131.34,73.27,3
1999-11-15,1999-11-16,SHORT,104.78,105.84,-100.86,-107.13,1
1999-11-16,1999-11-17,SHORT,105.8,105.57,-124.0,28.26,1
1999-11-17,1999-11-18,SHORT,105.53,105.92,-101.32,-39.73,1
1999-11-18,1999-11-19,SHORT,105.88,106.4,-104.98,-54.81,1
1999-11-19,1999-11-23,SHORT,106.36,104.28,-104.85,217.88,4
1999-11-23,1999-11-24,SHORT,104.24,104.73,-107.04,-52.67,1
1999-11-24,1999-11-26,SHORT,104.69,101.82,-110.48,316.84,2
1999-11-26,1999-11-29,SHORT,101.78,102.69,-184.03,-167.84,3
1999-11-29,1999-11-30,SHORT,102.65,101.99,-100.72,66.27,1
1999-11-30,1999-12-01,SHORT,101.95,102.63,-179.85,-122.66,1
1999-12-01,1999-12-02,SHORT,102.59,102.76,-131.21,-22.57,1
1999-12-02,1999-12-03,SHORT,102.72,102.72,-147.33,-0.3,1
1999-12-03,1999-12-06,SHORT,102.68,102.89,-183.43,-38.9,3
1999-12-06,1999-12-07,SHORT,102.85,102.4,-110.36,49.43,1
1999-12-07,1999-12-08,SHORT,102.36,102.9,-115.03,-62.36,1
1999-12-08,1999-12-09,SHORT,102.86,102.5,-109.79,39.3,1
1999-12-09,1999-12-10,SHORT,102.46,102.19,-107.43,28.79,1
1999-12-10,1999-12-14,SHORT,102.15,103.52,-102.8,-141.05,4
1999-12-14,1999-12-15,SHORT,103.48,103.67,-133.88,-25.71,1
1999-12-15,1999-12-16,SHORT,103.63,102.98,-105.41,68.3,1
1999-12-16,1999-12-17,SHORT,102.94,103.2,-99.79,-26.15,1
1999-12-17,1999-12-20,SHORT,103.16,102.58,-103.6,59.87,3
1999-12-20,1999-12-22,SHORT,102.54,101.59,-105.05,99.58,2
1999-12-22,1999-12-23,SHORT,101.55,102.07,-114.96,-60.01,1
1999-12-23,1999-12-24,SHORT,102.03,102.84,-101.57,-82.48,1
1999-12-24,1999-12-27,SHORT,102.8,102.25,-101.18,55.44,3
1999-12-27,1999-12-28,SHORT,102.21,102.34,-101.48,-13.4,1
1999-12-28,1999-12-29,SHORT,102.3,102.02,-105.6,29.35,1
1999-12-29,1999-12-30,SHORT,101.98,102.52,-146.82,-79.58,1
1999-12-30,1999-12-31,SHORT,102.48,102.2,-96.86,26.92,1
1999-12-31,2000-01-03,SHORT,102.16,101.71,-93.52,41.89,3
2000-01-03,2000-01-04,SHORT,101.67,103.16,-100.36,-149.74,1
2000-01-04,2000-01-05,SHORT,103.12,104.11,-93.42,-92.68,1
2000-01-05,2000-01-06,SHORT,104.07,105.25,-154.01,-182.05,1
2000-01-06,2000-01-07,SHORT,105.21,105.35,-168.24,-23.91,1
2000-01-07,2000-01-10,SHORT,105.31,105.18,-151.65,19.39,3
2000-01-10,2000-01-11,SHORT,105.14,106.04,-183.31,-165.37,1
2000-01-11,2000-01-12,LONG,106.04,105.69,201.03,-70.79,1
2000-01-12,2000-01-13,LONG,105.73,106.0,193.64,51.87,1
2000-01-13,2000-01-14,LONG,106.04,105.86,195.92,-35.68,1
2000-01-14,2000-01-17,LONG,105.9,104.87,210.46,-217.21,3
2000-01-17,2000-01-18,SHORT,104.87,105.68,-160.31,-130.19,1
2000-01-18,2000-01-19,LONG,105.68,105.24,129.39,-57.21,1
2000-01-19,2000-01-20,SHORT,105.24,105.33,-77.52,-7.14,1
2000-01-20,2000-01-21,SHORT,105.29,104.74,-81.43,44.62,1
2000-01-21,2000-01-24,SHORT,104.7,105.67,-85.63,-83.24,3
2000-01-24,2000-01-27,LONG,105.67,104.97,88.81,-62.35,3
2000-01-27,2000-01-28,SHORT,104.97,107.08,-90.54,-191.23,1
2000-01-28,2000-01-31,LONG,107.08,107.18,85.04,8.32,3
2000-01-31,2000-02-01,LONG,107.22,107.72,131.79,65.61,1
2000-02-01,2000-02-02,LONG,107.76,108.08,129.41,41.13,1
2000-02-02,2000-02-03,LONG,108.12,107.43,171.88,-118.97,1
2000-02-03,2000-02-04,LONG,107.47,107.16,114.32,-35.68,1
2000-02-04,2000-02-07,LONG,107.2,108.89,142.58,240.65,3
2000-02-07,2000-02-08,LONG,108.93,109.38,174.62,78.2,1
2000-02-08,2000-02-09,LONG,109.42,108.74,181.97,-124.14,1
2000-02-09,2000-02-10,LONG,108.78,109.09,152.53,46.95,1
2000-02-10,2000-02-11,LONG,109.13,108.78,203.73,-71.75,1
2000-02-11,2000-02-14,LONG,108.82,108.81,113.0,-1.38,3
2000-02-14,2000-02-15,LONG,108.85,109.05,108.76,21.51,1
2000-02-15,2000-02-16,LONG,109.09,109.33,92.65,22.03,1
2000-02-16,2000-02-17,LONG,109.37,110.39,92.52,94.16,1
2000-02-17,2000-02-18,LONG,110.43,110.83,216.35,86.06,1
2000-02-18,2000-02-21,LONG,110.87,111.23,260.59,93.23,3
2000-02-21,2000-02-22,LONG,111.27,110.66,216.35,-132.45,1
2000-02-22,2000-02-23,LONG,110.7,111.23,117.89,62.22,1
2000-02-23,2000-02-24,LONG,111.27,111.28,238.53,1.86,1
2000-02-24,2000-02-25,LONG,111.32,110.13,219.83,-262.09,1
2000-02-25,2000-02-28,LONG,110.17,109.68,115.61,-56.9,3
2000-02-28,2000-02-29,SHORT,109.68,110.21,-97.84,-52.07,1
2000-02-29,2000-03-01,LONG,110.21,106.92,96.67,-318.26,1
2000-03-01,2000-03-02,SHORT,106.92,107.82,-96.01,-86.62,1
2000-03-02,2000-03-03,SHORT,107.78,107.7,-105.32,8.2,1
2000-03-03,2000-03-06,SHORT,107.66,107.44,-132.45,28.85,3
2000-03-06,2000-03-07,SHORT,107.4,106.2,-165.05,197.71,1
2000-03-07,2000-03-08,SHORT,106.16,107.19,-167.48,-172.87,1
2000-03-08,2000-03-09,SHORT,107.15,106.53,-145.61,89.97,1
2000-03-09,2000-03-10,SHORT,106.49,106.24,-154.68,38.34,1
2000-03-10,2000-03-13,SHORT,106.2,105.71,-142.65,69.6,3
2000-03-13,2000-03-14,SHORT,105.67,105.13,-141.33,76.02,1
2000-03-14,2000-03-15,SHORT,105.09,105.64,-177.27,-97.87,1
2000-03-15,2000-03-16,SHORT,105.6,105.66,-76.55,-4.75,1
2000-03-16,2000-03-17,SHORT,105.62,106.68,-130.18,-138.27,1
2000-03-17,2000-03-20,SHORT,106.64,106.38,-80.23,20.69,3
2000-03-20,2000-03-21,SHORT,106.34,106.72,-82.03,-31.35,1
2000-03-21,2000-03-23,SHORT,106.68,107.3,-94.63,-58.87,2
2000-03-23,2000-03-27,SHORT,107.26,106.72,-101.42,54.55,4
2000-03-27,2000-03-28,SHORT,106.68,105.84,-117.29,98.28,1
2000-03-28,2000-03-29,SHORT,105.8,105.73,-116.65,7.92,1
2000-03-29,2000-03-31,SHORT,105.69,102.98,-119.78,324.36,2
2000-03-31,2000-04-03,SHORT,102.94,105.01,-267.49,-554.27,3
2000-04-03,2000-04-04,SHORT,104.97,105.23,-91.4,-23.96,1
2000-04-04,2000-04-05,SHORT,105.19,104.84,-90.54,31.5,1
2000-04-05,2000-04-06,SHORT,104.8,104.71,-113.2,9.95,1
2000-04-06,2000-04-07,SHORT,104.67,105.47,-136.59,-109.56,1
2000-04-07,2000-04-10,SHORT,105.43,106.48,-93.53,-98.4,3
2000-04-10,2000-04-11,SHORT,106.44,106.82,-90.1,-34.43,1
2000-04-11,2000-04-12,SHORT,106.78,105.77,-89.21,89.91,1
2000-04-12,2000-04-14,SHORT,105.73,104.78,-84.73,80.32,2
2000-04-14,2000-04-17,SHORT,104.74,104.61,-85.39,10.92,3
2000-04-17,2000-04-18,SHORT,104.57,104.68,-79.22,-8.88,1
2000-04-18,2000-04-19,SHORT,104.64,104.87,-80.68,-18.73,1
2000-04-19,2000-04-20,SHORT,104.83,105.73,-81.6,-73.61,1
2000-04-20,2000-04-21,SHORT,105.69,105.82,-93.89,-12.4,1
2000-04-21,2000-04-24,SHORT,105.78,105.71,-107.82,7.32,3
2000-04-24,2000-04-25,SHORT,105.67,106.15,-112.79,-54.38,1
2000-04-25,2000-04-26,SHORT,106.11,106.16,-110.22,-5.75,1
2000-04-26,2000-04-27,SHORT,106.12,106.4,-105.47,-29.76,1
2000-04-27,2000-04-28,SHORT,106.36,108.17,-98.9,-179.22,1
2000-04-28,2000-05-01,LONG,108.17,108.61,330.57,144.73,3
2000-05-01,2000-05-02,LONG,108.65,108.43,356.27,-79.15,1
2000-05-02,2000-05-03,LONG,108.47,108.95,344.1,164.42,1
2000-05-03,2000-05-04,LONG,108.99,107.98,335.76,-339.84,1
2000-05-04,2000-05-05,SHORT,107.98,108.6,-176.22,-109.64,1
2000-05-05,2000-05-08,LONG,108.6,109.13,200.08,105.61,3
2000-05-08,2000-05-09,LONG,109.17,109.09,230.04,-18.91,1
2000-05-09,2000-05-10,LONG,109.13,109.33,209.89,41.52,1
2000-05-10,2000-05-11,LONG,109.37,108.36,220.96,-223.65,1
2000-05-11,2000-05-12,SHORT,108.36,108.34,-111.85,1.99,1
2000-05-12,2000-05-15,SHORT,108.3,109.18,-86.36,-76.19,3
2000-05-15,2000-05-16,LONG,109.18,109.71,85.81,45.29,1
2000-05-16,2000-05-17,LONG,109.75,108.89,86.34,-74.44,1
2000-05-17,2000-05-18,LONG,108.93,108.43,89.34,-44.87,1
2000-05-18,2000-05-19,SHORT,108.43,106.93,-93.43,139.94,1
2000-05-19,2000-05-22,SHORT,106.89,107.2,-95.99,-29.96,3
2000-05-22,2000-05-23,SHORT,107.16,106.48,-119.41,80.95,1
2000-05-23,2000-05-24,SHORT,106.44,107.68,-145.6,-180.86,1
2000-05-24,2000-05-25,SHORT,107.64,107.4,-90.95,21.63,1
2000-05-25,2000-05-26,SHORT,107.36,107.13,-95.1,21.67,1
2000-05-26,2000-05-29,SHORT,107.09,106.93,-92.96,14.67,3
2000-05-29,2000-05-30,SHORT,106.89,106.5,-135.26,52.46,1
2000-05-30,2000-05-31,SHORT,106.46,107.65,-199.9,-238.31,1
2000-05-31,2000-06-01,SHORT,107.61,108.52,-96.14,-87.7,1
2000-06-01,2000-06-02,LONG,108.52,107.93,95.95,-56.82,1
2000-06-02,2000-06-05,SHORT,107.93,107.43,-95.34,47.47,3
2000-06-05,2000-06-07,SHORT,107.39,105.6,-96.05,171.72,2
2000-06-07,2000-06-08,SHORT,105.56,105.92,-122.32,-44.29,1
2000-06-08,2000-06-09,SHORT,105.88,106.87,-99.13,-98.35,1
2000-06-09,2000-06-14,SHORT,106.83,106.59,-96.02,22.84,5
2000-06-14,2000-06-15,SHORT,106.55,106.43,-100.42,11.84,1
2000-06-15,2000-06-16,SHORT,106.39,106.37,-181.75,3.25,1
2000-06-16,2000-06-19,SHORT,106.33,105.87,-155.89,71.38,3
2000-06-19,2000-06-20,SHORT,105.83,105.42,-154.22,62.9,1
2000-06-20,2000-06-21,SHORT,105.38,105.59,-111.23,-23.59,1
2000-06-21,2000-06-22,SHORT,105.55,104.55,-118.26,118.01,1
2000-06-22,2000-06-23,SHORT,104.51,104.63,-172.35,-21.04,1
2000-06-23,2000-06-26,SHORT,104.59,105.57,-368.8,-362.2,3
2000-06-26,2000-06-27,SHORT,105.53,105.39,-179.72,24.78,1
2000-06-27,2000-06-28,SHORT,105.35,105.4,-194.81,-10.15,1
2000-06-28,2000-06-29,SHORT,105.36,105.23,-174.87,22.37,1
2000-06-29,2000-06-30,SHORT,105.19,106.03,-178.14,-150.02,1
2000-06-30,2000-07-04,SHORT,105.99,106.12,-125.11,-16.53,4
2000-07-04,2000-07-05,SHORT,106.08,106.95,-120.49,-105.08,1
2000-07-05,2000-07-06,SHORT,106.91,107.35,-137.38,-60.74,1
2000-07-06,2000-07-07,LONG,107.35,107.86,326.75,165.94,1
2000-07-07,2000-07-10,LONG,107.9,106.9,345.29,-346.03,3
2000-07-10,2000-07-11,SHORT,106.9,107.09,-137.34,-26.39,1
2000-07-11,2000-07-12,SHORT,107.05,108.15,-170.61,-188.04,1
2000-07-12,2000-07-13,LONG,108.15,108.03,224.22,-27.39,1
2000-07-13,2000-07-14,LONG,108.07,107.79,228.61,-64.5,1
2000-07-14,2000-07-17,LONG,107.83,107.94,169.0,18.22,3
2000-07-17,2000-07-18,LONG,107.98,108.2,202.64,44.14,1
2000-07-18,2000-07-19,LONG,108.24,108.13,196.42,-22.03,1
2000-07-19,2000-07-20,LONG,108.17,107.48,138.63,-95.95,1
2000-07-20,2000-07-21,SHORT,107.48,108.99,-116.48,-176.14,1
2000-07-21,2000-07-24,LONG,108.99,108.55,109.57,-48.45,3
2000-07-24,2000-07-25,LONG,108.59,109.1,165.81,84.2,1
2000-07-25,2000-07-26,LONG,109.14,109.09,197.9,-10.33,1
2000-07-26,2000-07-27,LONG,109.13,109.18,121.86,5.83,1
2000-07-27,2000-07-28,LONG,109.22,109.61,144.0,55.84,1
2000-07-28,2000-07-31,LONG,109.65,109.31,218.37,-74.72,3
2000-07-31,2000-08-01,LONG,109.35,109.21,157.26,-22.36,1
2000-08-01,2000-08-02,LONG,109.25,108.66,126.75,-75.06,1
2000-08-02,2000-08-03,LONG,108.7,108.31,131.8,-51.69,1
2000-08-03,2000-08-04,SHORT,108.31,108.6,-127.85,-37.35,1
2000-08-04,2000-08-07,LONG,108.6,108.99,132.09,51.23,3
2000-08-07,2000-08-08,LONG,109.03,108.55,134.2,-64.71,1
2000-08-08,2000-08-09,LONG,108.59,107.9,131.23,-90.83,1
2000-08-09,2000-08-10,SHORT,107.9,107.72,-174.39,31.01,1
2000-08-10,2000-08-11,SHORT,107.68,108.48,-234.02,-187.73,1
2000-08-11,2000-08-14,LONG,108.48,109.41,159.75,148.22,3
2000-08-14,2000-08-18,LONG,109.45,108.25,133.86,-160.92,4
2000-08-18,2000-08-21,SHORT,108.25,108.66,-131.81,-54.33,3
2000-08-21,2000-08-22,LONG,108.66,108.28,130.79,-49.98,1
2000-08-22,2000-08-23,SHORT,108.28,107.0,-134.79,172.25,1
2000-08-23,2000-08-24,SHORT,106.96,107.01,-132.12,-6.89,1
2000-08-24,2000-08-25,SHORT,106.97,106.82,-130.23,19.26,1
2000-08-25,2000-08-28,SHORT,106.78,106.61,-185.81,31.19,3
2000-08-28,2000-08-29,SHORT,106.57,106.15,-381.79,159.54,1
2000-08-29,2000-08-30,SHORT,106.11,106.63,-389.18,-203.21,1
2000-08-30,2000-08-31,SHORT,106.59,106.69,-244.3,-24.95,1
2000-08-31,2000-09-01,SHORT,106.65,105.97,-274.2,185.88,1
2000-09-01,2000-09-04,SHORT,105.93,106.23,-303.98,-91.84,3
2000-09-04,2000-09-05,SHORT,106.19,105.88,-325.65,100.26,1
2000-09-05,2000-09-06,SHORT,105.84,105.95,-333.94,-37.44,1
2000-09-06,2000-09-07,SHORT,105.91,105.16,-205.47,153.67,1
2000-09-07,2000-09-08,SHORT,105.12,106.13,-268.41,-271.66,1
2000-09-08,2000-09-11,SHORT,106.09,106.11,-127.43,-2.82,3
2000-09-11,2000-09-12,SHORT,106.07,106.94,-126.74,-110.54,1
2000-09-12,2000-09-13,SHORT,106.9,107.08,-132.07,-24.06,1
2000-09-13,2000-09-14,SHORT,107.04,107.43,-133.0,-52.16,1
2000-09-14,2000-09-15,LONG,107.43,107.24,130.5,-25.08,1
2000-09-15,2000-09-18,LONG,107.28,106.87,176.9,-72.91,3
2000-09-18,2000-09-19,SHORT,106.87,106.97,-134.52,-13.74,1
2000-09-19,2000-09-20,SHORT,106.93,106.62,-161.81,49.82,1
2000-09-20,2000-09-21,SHORT,106.58,106.66,-134.35,-11.04,1
2000-09-21,2000-09-22,SHORT,106.62,108.02,-260.2,-364.84,1
2000-09-22,2000-09-25,LONG,108.02,107.63,270.57,-106.1,3
2000-09-25,2000-09-26,LONG,107.67,107.45,204.02,-45.32,1
2000-09-26,2000-09-27,LONG,107.49,107.21,130.09,-36.7,1
2000-09-27,2000-09-28,SHORT,107.21,107.67,-140.31,-64.84,1
2000-09-28,2000-09-29,LONG,107.67,108.11,147.69,64.66,1
2000-09-29,2000-10-02,LONG,108.15,108.71,143.01,79.77,3
2000-10-02,2000-10-03,LONG,108.75,108.87,260.02,30.63,1
2000-10-03,2000-10-04,LONG,108.91,109.17,270.78,69.81,1
2000-10-04,2000-10-05,LONG,109.21,109.06,366.15,-55.72,1
2000-10-05,2000-10-06,LONG,109.1,108.71,342.04,-134.14,1
2000-10-06,2000-10-09,LONG,108.75,108.74,148.58,-1.81,3
2000-10-09,2000-10-10,LONG,108.78,107.7,230.27,-249.19,1
2000-10-10,2000-10-11,SHORT,107.7,107.76,-145.14,-9.02,1
2000-10-11,2000-10-12,SHORT,107.72,107.77,-142.59,-7.44,1
2000-10-12,2000-10-13,SHORT,107.73,107.72,-154.47,1.21,1
2000-10-13,2000-10-16,SHORT,107.68,108.08,-158.99,-63.94,3
2000-10-16,2000-10-17,SHORT,108.04,107.93,-171.71,18.52,1
2000-10-17,2000-10-18,SHORT,107.89,107.68,-259.18,53.87,1
2000-10-18,2000-10-19,SHORT,107.64,108.35,-402.35,-286.54,1
2000-10-19,2000-10-20,LONG,108.35,108.81,158.44,72.54,1
2000-10-20,2000-10-23,LONG,108.85,108.29,153.98,-86.56,3
2000-10-23,2000-10-24,LONG,108.33,107.92,148.76,-61.31,1
2000-10-24,2000-10-25,SHORT,107.92,108.23,-149.08,-46.54,1
2000-10-25,2000-10-26,LONG,108.23,108.22,149.96,-1.82,1
2000-10-26,2000-10-27,LONG,108.26,108.51,146.84,36.39,1
2000-10-27,2000-10-30,LONG,108.55,108.94,144.03,55.86,3
2000-10-30,2000-10-31,LONG,108.98,108.77,157.32,-33.38,1
2000-10-31,2000-11-01,LONG,108.81,108.23,153.9,-89.59,1
2000-11-01,2000-11-02,LONG,108.27,108.13,151.59,-21.55,1
2000-11-02,2000-11-03,SHORT,108.13,106.97,-151.84,175.81,1
2000-11-03,2000-11-06,SHORT,106.93,107.38,-274.12,-123.94,3
2000-11-06,2000-11-07,SHORT,107.34,107.08,-139.27,35.91,1
2000-11-07,2000-11-08,SHORT,107.04,107.25,-142.63,-30.26,1
2000-11-08,2000-11-09,SHORT,107.21,107.6,-155.05,-60.8,1
2000-11-09,2000-11-10,SHORT,107.56,107.85,-146.75,-42.87,1
2000-11-10,2000-11-13,SHORT,107.81,107.56,-150.07,37.2,3
2000-11-13,2000-11-14,SHORT,107.52,108.18,-229.63,-152.06,1
2000-11-14,2000-11-15,LONG,108.18,108.74,149.33,83.3,1
2000-11-15,2000-11-16,LONG,108.78,108.82,145.57,5.51,1
2000-11-16,2000-11-17,LONG,108.86,108.76,148.11,-15.13,1
2000-11-17,2000-11-20,LONG,108.8,109.67,356.42,309.3,3
2000-11-20,2000-11-21,LONG,109.71,109.9,361.95,67.97,1
2000-11-21,2000-11-22,LONG,109.94,110.14,458.92,90.78,1
2000-11-22,2000-11-23,LONG,110.18,110.33,447.39,66.12,1
2000-11-23,2000-11-24,LONG,110.37,111.21,490.81,411.19,1
2000-11-24,2000-11-27,LONG,111.25,110.55,498.02,-349.71,3
2000-11-27,2000-11-28,LONG,110.59,110.15,384.4,-169.98,1
2000-11-28,2000-11-29,SHORT,110.15,111.34,-270.53,-322.53,1
2000-11-29,2000-11-30,LONG,111.34,110.35,283.11,-280.91,1
2000-11-30,2000-12-01,SHORT,110.35,111.21,-138.17,-119.13,1
2000-12-01,2000-12-04,LONG,111.21,111.04,176.96,-30.48,3
2000-12-04,2000-12-05,LONG,111.08,110.72,116.04,-42.03,1
2000-12-05,2000-12-06,LONG,110.76,110.14,117.77,-73.27,1
2000-12-06,2000-12-07,SHORT,110.14,110.56,-114.01,-48.14,1
2000-12-07,2000-12-12,LONG,110.56,111.55,111.51,110.14,5
2000-12-12,2000-12-13,LONG,111.59,112.34,114.9,85.92,1
2000-12-13,2000-12-14,LONG,112.38,112.11,107.86,-29.37,1
2000-12-14,2000-12-15,LONG,112.15,112.4,164.37,40.72,1
2000-12-15,2000-12-18,LONG,112.44,112.1,135.37,-46.33,3
2000-12-18,2000-12-19,LONG,112.14,112.63,112.56,54.9,1
2000-12-19,2000-12-20,LONG,112.67,112.87,201.18,39.78,1
2000-12-20,2000-12-21,LONG,112.91,112.09,321.11,-264.03,1
2000-12-21,2000-12-22,LONG,112.13,112.78,173.45,112.35,1
2000-12-22,2000-12-25,LONG,112.82,113.0,195.95,34.83,3
2000-12-25,2000-12-26,LONG,113.04,113.71,243.34,162.48,1
2000-12-26,2000-12-27,LONG,113.75,114.24,235.25,114.74,1
2000-12-27,2000-12-28,LONG,114.28,114.57,217.19,62.48,1
2000-12-28,2000-12-29,LONG,114.61,114.36,279.99,-70.64,1
2000-12-29,2001-01-01,LONG,114.4,114.55,223.57,33.02,3
2001-01-01,2001-01-02,LONG,114.59,114.38,301.71,-64.05,1
2001-01-02,2001-01-03,LONG,114.42,113.82,244.28,-147.13,1
2001-01-03,2001-01-04,LONG,113.86,116.07,139.6,308.19,1
2001-01-04,2001-01-05,LONG,116.11,116.43,326.36,103.68,1
2001-01-05,2001-01-08,LONG,116.47,116.08,316.11,-124.02,3
2001-01-08,2001-01-09,LONG,116.12,117.05,259.31,240.55,1
2001-01-09,2001-01-10,LONG,117.09,116.43,254.39,-168.49,1
2001-01-10,2001-01-11,LONG,116.47,117.89,162.88,230.9,1
2001-01-11,2001-01-12,LONG,117.93,118.45,199.29,103.16,1
2001-01-12,2001-01-15,LONG,118.49,119.09,222.42,132.92,3
2001-01-15,2001-01-16,LONG,119.13,117.69,233.96,-337.46,1
2001-01-16,2001-01-17,LONG,117.73,119.15,136.22,193.1,1
2001-01-17,2001-01-18,LONG,119.19,117.88,183.72,-241.1,1
2001-01-18,2001-01-19,LONG,117.92,117.11,80.94,-65.75,1
2001-01-19,2001-01-22,LONG,117.15,116.44,77.11,-54.93,3
2001-01-22,2001-01-24,SHORT,116.44,117.92,-76.48,-113.38,2
2001-01-24,2001-01-25,LONG,117.92,116.6,79.35,-104.92,1
2001-01-25,2001-01-26,SHORT,116.6,117.34,-76.56,-56.83,1
2001-01-26,2001-01-29,LONG,117.34,116.72,75.44,-46.95,3
2001-01-29,2001-01-30,SHORT,116.72,115.67,-75.05,78.63,1
2001-01-30,2001-01-31,SHORT,115.63,116.7,-75.36,-80.81,1
2001-01-31,2001-02-01,SHORT,116.66,115.44,-87.16,106.13,1
2001-02-01,2001-02-02,SHORT,115.4,115.65,-85.66,-21.61,1
2001-02-02,2001-02-05,SHORT,115.61,114.73,-74.63,65.5,3
2001-02-05,2001-02-06,SHORT,114.69,114.76,-76.77,-5.55,1
2001-02-06,2001-02-07,SHORT,114.72,116.18,-82.32,-120.37,1
2001-02-07,2001-02-08,SHORT,116.14,116.73,-84.75,-50.2,1
2001-02-08,2001-02-09,SHORT,116.69,117.52,-86.29,-71.82,1
2001-02-09,2001-02-13,LONG,117.52,116.58,84.15,-79.3,4
2001-02-13,2001-02-14,SHORT,116.58,116.21,-89.55,32.92,1
2001-02-14,2001-02-19,SHORT,116.17,116.1,-93.8,6.35,5
2001-02-19,2001-02-20,SHORT,116.06,115.66,-106.73,42.44,1
2001-02-20,2001-02-21,SHORT,115.62,116.39,-100.27,-77.44,1
2001-02-21,2001-02-22,SHORT,116.35,117.03,-99.99,-68.23,1
2001-02-22,2001-02-23,LONG,117.03,115.73,99.55,-129.65,1
2001-02-23,2001-02-26,SHORT,115.73,116.5,-128.94,-99.59,3
2001-02-26,2001-02-27,SHORT,116.46,116.38,-99.18,7.7,1
2001-02-27,2001-02-28,SHORT,116.34,117.41,-105.57,-113.21,1
2001-02-28,2001-03-01,LONG,117.41,117.48,100.74,6.82,1
2001-03-01,2001-03-02,LONG,117.52,119.03,145.28,219.03,1
2001-03-02,2001-03-05,LONG,119.07,118.9,187.01,-32.24,3
2001-03-05,2001-03-06,LONG,118.94,118.68,164.38,-43.13,1
2001-03-06,2001-03-07,LONG,118.72,119.5,183.33,142.56,1
2001-03-07,2001-03-08,LONG,119.54,119.8,180.2,46.42,1
2001-03-08,2001-03-09,LONG,119.84,119.52,172.29,-55.54,1
2001-03-09,2001-03-12,LONG,119.56,120.45,271.69,241.15,3
2001-03-12,2001-03-13,LONG,120.49,119.59,272.63,-246.02,1
2001-03-13,2001-03-14,LONG,119.63,120.8,201.49,235.26,1
2001-03-14,2001-03-15,LONG,120.84,121.97,200.59,226.17,1
2001-03-15,2001-03-16,LONG,122.01,122.9,218.26,193.72,1
2001-03-16,2001-03-19,LONG,122.94,122.78,201.95,-32.81,3
2001-03-19,2001-03-20,LONG,122.82,122.18,192.51,-123.68,1
2001-03-20,2001-03-22,LONG,122.22,123.74,170.27,258.39,2
2001-03-22,2001-03-23,LONG,123.78,122.81,175.92,-171.07,1
2001-03-23,2001-03-26,LONG,122.85,122.64,134.17,-28.5,3
2001-03-26,2001-03-27,LONG,122.68,122.14,95.28,-51.68,1
2001-03-27,2001-03-28,LONG,122.18,122.25,116.72,7.88,1
2001-03-28,2001-03-29,LONG,122.29,123.66,81.34,111.23,1
2001-03-29,2001-03-30,LONG,123.7,126.21,83.44,209.23,1
2001-03-30,2001-04-02,LONG,126.25,126.62,119.63,43.96,3
2001-04-02,2001-04-03,LONG,126.66,125.51,132.97,-153.25,1
2001-04-03,2001-04-04,LONG,125.55,125.45,110.2,-11.3,1
2001-04-04,2001-04-05,LONG,125.49,124.24,91.05,-114.04,1
2001-04-05,2001-04-06,LONG,124.28,123.71,72.03,-41.24,1
2001-04-06,2001-04-09,LONG,123.75,125.26,71.18,107.3,3
2001-04-09,2001-04-10,LONG,125.3,124.4,76.72,-69.24,1
2001-04-10,2001-04-11,LONG,124.44,124.72,70.96,19.69,1
2001-04-11,2001-04-12,LONG,124.76,123.48,71.44,-91.62,1
2001-04-12,2001-04-13,LONG,123.52,123.48,69.12,-2.94,1
2001-04-13,2001-04-16,LONG,123.52,124.58,105.65,111.73,3
2001-04-16,2001-04-17,LONG,124.62,123.36,72.87,-92.0,1
2001-04-17,2001-04-18,SHORT,123.36,122.02,-74.73,99.96,1
2001-04-18,2001-04-19,SHORT,121.98,121.26,-103.54,74.29,1
2001-04-19,2001-04-20,SHORT,121.22,122.35,-101.81,-115.29,1
2001-04-20,2001-04-23,SHORT,122.31,121.2,-74.24,82.23,3
2001-04-23,2001-04-24,SHORT,121.16,122.32,-134.12,-155.91,1
2001-04-24,2001-04-25,SHORT,122.28,122.11,-75.22,12.6,1
2001-04-25,2001-04-26,SHORT,122.07,123.19,-91.28,-102.46,1
2001-04-26,2001-04-27,SHORT,123.15,124.04,-80.22,-71.59,1
2001-04-27,2001-04-30,LONG,124.04,123.36,82.36,-56.21,3
2001-04-30,2001-05-01,LONG,123.4,122.09,83.16,-109.14,1
2001-05-01,2001-05-02,SHORT,122.09,121.55,-80.73,43.4,1
2001-05-02,2001-05-04,SHORT,121.51,121.3,-83.74,17.38,2
2001-05-04,2001-05-07,SHORT,121.26,120.89,-84.95,31.23,3
2001-05-07,2001-05-08,SHORT,120.85,121.3,-88.18,-39.89,1
2001-05-08,2001-05-09,SHORT,121.26,122.33,-89.66,-96.16,1
2001-05-09,2001-05-10,SHORT,122.29,122.54,-90.98,-22.97,1
2001-05-10,2001-05-11,SHORT,122.5,122.39,-95.03,10.22,1
2001-05-11,2001-05-14,SHORT,122.35,123.22,-132.02,-115.18,3
2001-05-14,2001-05-15,SHORT,123.18,123.22,-100.56,-4.27,1
2001-05-15,2001-05-16,SHORT,123.18,123.25,-114.0,-8.26,1
2001-05-16,2001-05-17,LONG,123.25,122.58,217.91,-146.54,1
2001-05-17,2001-05-18,SHORT,122.58,123.53,-145.92,-138.99,1
2001-05-18,2001-05-21,LONG,123.53,122.65,204.54,-180.5,3
2001-05-21,2001-05-22,SHORT,122.65,122.74,-155.43,-14.37,1
2001-05-22,2001-05-23,SHORT,122.7,120.22,-137.82,341.46,1
2001-05-23,2001-05-24,SHORT,120.18,119.99,-131.81,24.73,1
2001-05-24,2001-05-25,SHORT,119.95,120.61,-153.66,-101.79,1
2001-05-25,2001-05-28,SHORT,120.57,121.28,-99.76,-71.07,3
2001-05-28,2001-05-29,SHORT,121.24,120.08,-115.12,133.27,1
2001-05-29,2001-05-30,SHORT,120.04,120.46,-155.65,-65.75,1
2001-05-30,2001-05-31,SHORT,120.42,119.25,-132.91,155.18,1
2001-05-31,2001-06-01,SHORT,119.21,119.23,-139.43,-3.12,1
2001-06-01,2001-06-04,SHORT,119.19,119.22,-197.91,-6.41,3
2001-06-04,2001-06-05,SHORT,119.18,120.2,-175.39,-179.32,1
2001-06-05,2001-06-06,SHORT,120.16,120.02,-108.74,14.96,1
2001-06-06,2001-06-12,SHORT,119.98,121.6,-84.54,-137.16,6
2001-06-12,2001-06-13,SHORT,121.56,122.04,-128.97,-62.22,1
2001-06-13,2001-06-14,SHORT,122.0,121.32,-138.01,93.51,1
2001-06-14,2001-06-15,SHORT,121.28,122.89,-198.89,-320.69,1
2001-06-15,2001-06-18,LONG,122.89,123.4,234.68,119.1,3
2001-06-18,2001-06-19,LONG,123.44,122.78,258.58,-171.3,1
2001-06-19,2001-06-20,LONG,122.82,123.85,165.37,169.92,1
2001-06-20,2001-06-21,LONG,123.89,124.55,221.51,145.65,1
2001-06-21,2001-06-22,LONG,124.59,124.44,231.1,-35.24,1
2001-06-22,2001-06-25,LONG,124.48,123.88,209.64,-126.3,3
2001-06-25,2001-06-26,LONG,123.92,123.76,135.53,-22.02,1
2001-06-26,2001-06-27,LONG,123.8,124.2,147.6,58.67,1
2001-06-27,2001-06-28,LONG,124.24,124.83,147.6,86.71,1
2001-06-28,2001-06-29,LONG,124.87,124.48,244.91,-96.12,1
2001-06-29,2001-07-02,LONG,124.52,123.95,139.71,-79.98,3
2001-07-02,2001-07-03,LONG,123.99,124.33,106.72,36.02,1
2001-07-03,2001-07-04,LONG,124.37,124.41,134.74,5.05,1
2001-07-04,2001-07-05,LONG,124.45,125.54,108.07,117.52,1
2001-07-05,2001-07-06,LONG,125.58,125.8,116.39,25.31,1
2001-07-06,2001-07-09,LONG,125.84,125.24,142.4,-85.8,3
2001-07-09,2001-07-10,LONG,125.28,125.25,145.57,-4.73,1
2001-07-10,2001-07-11,LONG,125.29,124.25,173.77,-181.16,1
2001-07-11,2001-07-12,LONG,124.29,123.91,118.57,-45.35,1
2001-07-12,2001-07-13,SHORT,123.91,124.88,-117.21,-113.98,1
2001-07-13,2001-07-16,LONG,124.88,125.48,114.13,68.19,3
2001-07-16,2001-07-17,LONG,125.52,124.78,130.67,-97.02,1
2001-07-17,2001-07-18,LONG,124.82,124.06,112.16,-85.52,1
2001-07-18,2001-07-19,SHORT,124.06,123.4,-105.03,69.06,1
2001-07-19,2001-07-20,SHORT,123.36,122.88,-157.98,75.44,1
2001-07-20,2001-07-23,SHORT,122.84,124.4,-204.47,-319.48,3
2001-07-23,2001-07-24,LONG,124.4,124.18,101.29,-22.54,1
2001-07-24,2001-07-25,LONG,124.22,123.55,102.37,-68.84,1
2001-07-25,2001-07-26,SHORT,123.55,123.74,-104.24,-20.06,1
2001-07-26,2001-07-27,SHORT,123.7,123.48,-102.47,22.29,1
2001-07-27,2001-07-30,SHORT,123.44,125.19,-101.51,-177.9,3
2001-07-30,2001-08-02,LONG,125.19,123.7,92.72,-138.38,3
2001-08-02,2001-08-03,SHORT,123.7,123.62,-100.64,7.8,1
2001-08-03,2001-08-06,SHORT,123.58,123.82,-101.36,-24.58,3
2001-08-06,2001-08-07,SHORT,123.78,123.58,-103.39,20.42,1
2001-08-07,2001-08-08,SHORT,123.54,123.58,-110.03,-4.67,1
2001-08-08,2001-08-09,SHORT,123.54,121.98,-110.25,171.72,1
2001-08-09,2001-08-10,SHORT,121.94,121.97,-126.17,-4.09,1
2001-08-10,2001-08-13,SHORT,121.93,122.4,-118.56,-56.01,3
2001-08-13,2001-08-14,SHORT,122.36,121.85,-279.08,141.65,1
2001-08-14,2001-08-15,SHORT,121.81,119.91,-274.96,521.76,1
2001-08-15,2001-08-16,SHORT,119.87,120.27,-270.85,-108.99,1
2001-08-16,2001-08-17,SHORT,120.23,120.21,-217.16,3.82,1
2001-08-17,2001-08-20,SHORT,120.17,120.76,-233.4,-138.27,3
2001-08-20,2001-08-21,SHORT,120.72,119.79,-194.8,180.69,1
2001-08-21,2001-08-22,SHORT,119.75,120.44,-207.44,-143.64,1
2001-08-22,2001-08-23,SHORT,120.4,119.91,-155.5,75.82,1
2001-08-23,2001-08-24,SHORT,119.87,120.0,-118.32,-15.67,1
2001-08-24,2001-08-27,SHORT,119.96,119.91,-109.98,5.24,3
2001-08-27,2001-08-28,SHORT,119.87,120.04,-147.65,-25.46,1
2001-08-28,2001-08-29,SHORT,120.0,120.18,-114.4,-20.87,1
2001-08-29,2001-08-30,SHORT,120.14,119.45,-91.46,62.89,1
2001-08-30,2001-08-31,SHORT,119.41,118.77,-90.89,57.96,1
2001-08-31,2001-09-03,SHORT,118.73,118.73,-115.35,-0.27,3
2001-09-03,2001-09-04,SHORT,118.69,119.42,-199.54,-146.14,1
2001-09-04,2001-09-06,SHORT,119.38,120.96,-111.63,-176.64,2
2001-09-06,2001-09-07,SHORT,120.92,120.02,-109.09,97.92,1
2001-09-07,2001-09-10,SHORT,119.98,121.12,-101.24,-115.65,3
2001-09-10,2001-09-11,SHORT,121.08,119.6,-101.56,150.06,1
2001-09-11,2001-09-14,SHORT,119.56,117.34,-87.85,194.83,3
2001-09-14,2001-09-17,SHORT,117.3,117.88,-78.89,-45.94,3
2001-09-17,2001-09-18,SHORT,117.84,117.28,-76.76,42.81,1
2001-09-18,2001-09-19,SHORT,117.24,117.52,-77.17,-21.79,1
2001-09-19,2001-09-20,SHORT,117.48,116.45,-134.03,137.74,1
2001-09-20,2001-09-21,SHORT,116.41,116.61,-161.1,-32.6,1
2001-09-21,2001-09-24,SHORT,116.57,117.57,-128.59,-128.89,3
2001-09-24,2001-09-25,SHORT,117.53,117.53,-134.53,-0.32,1
2001-09-25,2001-09-26,SHORT,117.49,117.9,-101.55,-41.88,1
2001-09-26,2001-09-27,SHORT,117.86,119.68,-79.76,-145.35,1
2001-09-27,2001-09-28,SHORT,119.64,119.5,-69.93,9.62,1
2001-09-28,2001-10-01,SHORT,119.46,120.32,-103.13,-88.94,3
2001-10-01,2001-10-02,SHORT,120.28,120.63,-126.49,-44.58,1
2001-10-02,2001-10-03,LONG,120.63,120.56,183.93,-13.32,1
2001-10-03,2001-10-04,LONG,120.6,120.45,176.65,-26.92,1
2001-10-04,2001-10-05,SHORT,120.45,120.49,-304.63,-12.92,1
2001-10-05,2001-10-08,SHORT,120.45,119.74,-319.88,226.35,3
2001-10-08,2001-10-09,SHORT,119.7,120.22,-190.89,-99.72,1
2001-10-09,2001-10-10,SHORT,120.18,120.28,-220.04,-22.53,1
2001-10-10,2001-10-11,SHORT,120.24,121.42,-222.36,-262.92,1
2001-10-11,2001-10-15,LONG,121.42,120.78,187.71,-120.59,4
2001-10-15,2001-10-16,LONG,120.82,121.25,106.83,45.68,1
2001-10-16,2001-10-17,LONG,121.29,121.2,104.9,-9.69,1
2001-10-17,2001-10-18,LONG,121.24,121.12,115.03,-14.08,1
2001-10-18,2001-10-19,LONG,121.16,121.15,118.19,-1.47,1
2001-10-19,2001-10-22,LONG,121.19,122.36,122.2,142.68,3
2001-10-22,2001-10-23,LONG,122.4,122.49,307.76,26.95,1
2001-10-23,2001-10-24,LONG,122.53,122.79,296.85,76.45,1
2001-10-24,2001-10-25,LONG,122.83,122.86,307.87,8.48,1
2001-10-25,2001-10-26,LONG,122.9,122.63,240.26,-65.46,1
2001-10-26,2001-10-29,LONG,122.67,121.87,228.44,-183.31,3
2001-10-29,2001-10-30,LONG,121.91,122.1,152.47,28.6,1
2001-10-30,2001-10-31,LONG,122.14,122.38,130.09,30.9,1
2001-10-31,2001-11-01,LONG,122.42,121.95,175.61,-82.97,1
2001-11-01,2001-11-02,LONG,121.99,121.6,123.22,-48.35,1
2001-11-02,2001-11-05,SHORT,121.6,121.58,-124.61,2.19,3
2001-11-05,2001-11-06,SHORT,121.54,121.19,-152.06,52.85,1
2001-11-06,2001-11-07,SHORT,121.15,121.18,-233.82,-7.58,1
2001-11-07,2001-11-08,SHORT,121.14,120.14,-322.56,321.78,1
2001-11-08,2001-11-09,SHORT,120.1,120.24,-368.89,-52.53,1
2001-11-09,2001-11-12,SHORT,120.2,120.59,-362.39,-142.21,3
2001-11-12,2001-11-13,SHORT,120.55,121.44,-215.5,-192.32,1
2001-11-13,2001-11-14,LONG,121.44,121.51,125.56,8.48,1
2001-11-14,2001-11-15,LONG,121.55,122.43,128.64,112.89,1
2001-11-15,2001-11-16,LONG,122.47,122.85,127.45,48.12,1
2001-11-16,2001-11-19,LONG,122.89,123.06,149.78,25.09,3
2001-11-19,2001-11-20,LONG,123.1,122.55,174.57,-96.44,1
2001-11-20,2001-11-21,LONG,122.59,123.13,159.79,85.9,1
2001-11-21,2001-11-22,LONG,123.17,123.93,205.24,155.47,1
2001-11-22,2001-11-23,LONG,123.97,124.26,400.65,115.19,1
2001-11-23,2001-11-26,LONG,124.3,124.03,399.61,-108.88,3
2001-11-26,2001-11-27,LONG,124.07,123.95,354.29,-43.39,1
2001-11-27,2001-11-28,LONG,123.99,123.13,298.61,-257.54,1
2001-11-28,2001-11-29,SHORT,123.13,123.96,-169.49,-141.1,1
2001-11-29,2001-11-30,LONG,123.96,123.43,152.0,-80.94,1
2001-11-30,2001-12-03,LONG,123.47,124.26,119.43,94.05,3
2001-12-03,2001-12-04,LONG,124.3,124.12,121.76,-22.22,1
2001-12-04,2001-12-05,LONG,124.16,124.14,148.7,-3.34,1
2001-12-05,2001-12-06,LONG,124.18,124.53,124.61,43.3,1
2001-12-06,2001-12-07,LONG,124.57,125.47,122.45,109.89,1
2001-12-07,2001-12-10,LONG,125.51,125.93,120.5,50.3,3
2001-12-10,2001-12-11,LONG,125.97,125.81,178.67,-29.04,1
2001-12-11,2001-12-12,LONG,125.85,125.89,176.45,6.61,1
2001-12-12,2001-12-13,LONG,125.93,126.1,306.18,51.28,1
2001-12-13,2001-12-14,LONG,126.14,127.35,280.95,339.23,1
2001-12-14,2001-12-17,LONG,127.39,127.62,384.3,87.41,3
2001-12-17,2001-12-18,LONG,127.66,128.24,377.82,218.16,1
2001-12-18,2001-12-19,LONG,128.28,128.35,416.69,28.1,1
2001-12-19,2001-12-20,LONG,128.39,129.18,426.15,335.56,1
2001-12-20,2001-12-21,LONG,129.22,129.48,428.09,110.2,1
2001-12-21,2001-12-24,LONG,129.52,129.83,437.58,134.52,3
2001-12-24,2001-12-25,LONG,129.87,130.83,439.43,420.7,1
2001-12-25,2001-12-28,LONG,130.87,131.03,447.47,70.42,3
2001-12-28,2001-12-31,SHORT,131.03,131.69,-322.27,-213.55,3
2001-12-31,2002-01-01,LONG,131.69,131.91,320.4,69.64,1
2002-01-01,2002-01-02,LONG,131.95,132.12,319.93,53.54,1
2002-01-02,2002-01-03,LONG,132.16,131.68,317.27,-153.13,1
2002-01-03,2002-01-04,LONG,131.72,131.0,244.12,-176.41,1
2002-01-04,2002-01-07,SHORT,131.0,131.27,-135.56,-36.96,3
2002-01-07,2002-01-08,SHORT,131.23,132.94,-124.61,-213.41,1
2002-01-08,2002-01-09,LONG,132.94,132.92,152.95,-3.46,1
2002-01-09,2002-01-10,LONG,132.96,132.11,134.28,-114.49,1
2002-01-10,2002-01-11,LONG,132.15,132.13,106.98,-2.42,1
2002-01-11,2002-01-14,LONG,132.17,131.61,104.94,-59.04,3
2002-01-14,2002-01-15,SHORT,131.61,131.24,-108.43,39.83,1
2002-01-15,2002-01-16,SHORT,131.2,132.21,-108.55,-109.92,1
2002-01-16,2002-01-17,LONG,132.21,132.43,107.83,23.44,1
2002-01-17,2002-01-18,LONG,132.47,132.6,109.86,13.99,1
2002-01-18,2002-01-21,LONG,132.64,132.93,142.75,41.02,3
2002-01-21,2002-01-22,LONG,132.97,133.64,145.91,97.37,1
2002-01-22,2002-01-23,LONG,133.68,134.51,111.73,92.44,1
2002-01-23,2002-01-24,LONG,134.55,134.83,138.28,38.35,1
2002-01-24,2002-01-25,LONG,134.87,134.53,265.81,-91.09,1
2002-01-25,2002-01-28,LONG,134.57,133.54,226.82,-234.23,3
2002-01-28,2002-01-29,LONG,133.58,133.42,166.37,-27.06,1
2002-01-29,2002-01-30,LONG,133.46,132.85,208.0,-127.44,1
2002-01-30,2002-01-31,SHORT,132.85,134.89,-114.92,-234.74,1
2002-01-31,2002-02-01,LONG,134.89,133.08,155.92,-282.63,1
2002-02-01,2002-02-04,SHORT,133.08,132.05,-94.39,96.97,3
2002-02-04,2002-02-05,SHORT,132.01,133.82,-91.28,-165.47,1
2002-02-05,2002-02-12,LONG,133.82,132.7,85.37,-95.84,7
2002-02-12,2002-02-14,SHORT,132.7,132.07,-77.2,48.44,2
2002-02-14,2002-02-15,SHORT,132.03,132.61,-94.18,-54.87,1
2002-02-15,2002-02-19,SHORT,132.57,133.44,-77.43,-67.57,4
2002-02-19,2002-02-22,LONG,133.44,134.09,78.4,50.75,3
2002-02-22,2002-02-25,LONG,134.13,133.82,92.7,-28.99,3
2002-02-25,2002-02-26,LONG,133.86,134.5,103.54,65.99,1
2002-02-26,2002-02-27,LONG,134.54,134.2,168.12,-57.61,1
2002-02-27,2002-02-28,LONG,134.24,133.44,112.33,-90.17,1
2002-02-28,2002-03-01,LONG,133.48,133.3,138.0,-25.21,1
2002-03-01,2002-03-04,SHORT,133.3,131.97,-111.36,147.82,3
2002-03-04,2002-03-05,SHORT,131.93,132.24,-108.93,-34.06,1
2002-03-05,2002-03-06,SHORT,132.2,130.76,-114.13,164.04,1
2002-03-06,2002-03-07,SHORT,130.72,127.64,-218.56,672.62,1
2002-03-07,2002-03-08,SHORT,127.6,128.64,-266.56,-277.91,1
2002-03-08,2002-03-11,SHORT,128.6,128.04,-189.53,105.65,3
2002-03-11,2002-03-12,SHORT,128.0,129.05,-194.12,-204.33,1
2002-03-12,2002-03-13,SHORT,129.01,129.38,-173.96,-64.82,1
2002-03-13,2002-03-14,SHORT,129.34,129.27,-157.05,10.59,1
2002-03-14,2002-03-15,SHORT,129.23,129.03,-143.74,28.38,1
2002-03-15,2002-03-18,SHORT,128.99,131.18,-144.85,-317.61,3
2002-03-18,2002-03-21,LONG,131.18,132.09,74.46,67.56,3
2002-03-21,2002-03-22,LONG,132.13,132.88,159.58,119.26,1
2002-03-22,2002-03-25,LONG,132.92,133.28,160.97,57.52,3
2002-03-25,2002-03-26,LONG,133.32,133.06,206.1,-54.13,1
2002-03-26,2002-03-27,LONG,133.1,132.71,182.57,-71.69,1
2002-03-27,2002-03-28,LONG,132.75,132.73,183.84,-4.16,1
2002-03-28,2002-03-29,LONG,132.77,132.68,203.1,-18.82,1
2002-03-29,2002-04-01,LONG,132.72,133.29,226.87,128.71,3
2002-04-01,2002-04-02,LONG,133.33,133.11,173.99,-38.74,1
2002-04-02,2002-04-03,LONG,133.15,132.69,102.14,-47.25,1
2002-04-03,2002-04-04,LONG,132.73,132.31,149.02,-62.98,1
2002-04-04,2002-04-05,SHORT,132.31,131.57,-98.04,72.29,1
2002-04-05,2002-04-08,SHORT,131.53,131.54,-169.53,-2.14,3
2002-04-08,2002-04-09,SHORT,131.5,130.67,-267.73,221.52,1
2002-04-09,2002-04-10,SHORT,130.63,130.76,-297.77,-39.49,1
2002-04-10,2002-04-11,SHORT,130.72,131.55,-268.13,-223.25,1
2002-04-11,2002-04-12,SHORT,131.51,131.94,-132.37,-57.27,1
2002-04-12,2002-04-15,SHORT,131.9,132.08,-111.92,-20.44,3
2002-04-15,2002-04-16,SHORT,132.04,131.19,-138.74,117.57,1
2002-04-16,2002-04-17,SHORT,131.15,130.72,-179.33,76.65,1
2002-04-17,2002-04-18,SHORT,130.68,129.99,-179.92,123.68,1
2002-04-18,2002-04-19,SHORT,129.95,130.33,-194.34,-74.35,1
2002-04-19,2002-04-22,SHORT,130.29,130.13,-113.79,17.91,3
2002-04-22,2002-04-23,SHORT,130.09,130.25,-123.08,-20.01,1
2002-04-23,2002-04-24,SHORT,130.21,129.64,-109.56,62.17,1
2002-04-24,2002-04-25,SHORT,129.6,128.7,-113.96,102.27,1
2002-04-25,2002-04-26,SHORT,128.66,127.84,-263.06,215.03,1
2002-04-26,2002-04-29,SHORT,127.8,128.14,-334.43,-114.56,3
2002-04-29,2002-04-30,SHORT,128.1,128.55,-327.56,-148.25,1
2002-04-30,2002-05-01,SHORT,128.51,127.26,-236.7,295.27,1
2002-05-01,2002-05-02,SHORT,127.22,127.83,-260.28,-159.44,1
2002-05-02,2002-05-03,SHORT,127.79,126.92,-164.89,143.03,1
2002-05-03,2002-05-06,SHORT,126.88,127.17,-235.03,-68.76,3
2002-05-06,2002-05-07,SHORT,127.13,128.17,-211.46,-220.46,1
2002-05-07,2002-05-08,SHORT,128.13,128.84,-123.63,-88.1,1
2002-05-08,2002-05-09,SHORT,128.8,128.44,-106.06,37.91,1
2002-05-09,2002-05-17,SHORT,128.4,125.95,-104.98,256.95,8
2002-05-17,2002-05-20,SHORT,125.91,125.41,-93.04,46.29,3
2002-05-20,2002-05-21,SHORT,125.37,124.32,-92.39,96.78,1
2002-05-21,2002-05-22,SHORT,124.28,124.37,-172.88,-15.99,1
2002-05-22,2002-05-23,SHORT,124.33,125.05,-213.48,-154.24,1
2002-05-23,2002-05-24,SHORT,125.01,124.72,-153.27,44.07,1
2002-05-24,2002-05-27,SHORT,124.68,124.77,-139.21,-12.88,3
2002-05-27,2002-05-28,SHORT,124.73,124.51,-159.77,34.75,1
2002-05-28,2002-05-29,SHORT,124.47,124.37,-236.49,23.06,1
2002-05-29,2002-05-30,SHORT,124.33,123.44,-224.85,199.56,1
2002-05-30,2002-05-31,SHORT,123.4,124.08,-280.5,-191.44,1
2002-05-31,2002-06-03,SHORT,124.04,123.64,-141.19,56.13,3
2002-06-03,2002-06-04,SHORT,123.6,124.19,-137.85,-81.67,1
2002-06-04,2002-06-06,SHORT,124.15,124.14,-89.58,0.67,2
2002-06-06,2002-06-07,SHORT,124.1,124.33,-106.28,-24.71,1
2002-06-07,2002-06-10,SHORT,124.29,124.76,-101.35,-47.89,3
2002-06-10,2002-06-11,SHORT,124.72,125.3,-114.39,-66.63,1
2002-06-11,2002-06-12,SHORT,125.26,125.6,-116.14,-39.78,1
2002-06-12,2002-06-13,SHORT,125.56,125.01,-148.47,81.29,1
2002-06-13,2002-06-14,SHORT,124.97,124.15,-198.97,162.66,1
2002-06-14,2002-06-17,SHORT,124.11,124.28,-111.52,-19.24,3
2002-06-17,2002-06-18,SHORT,124.24,124.28,-112.12,-4.76,1
2002-06-18,2002-06-20,SHORT,124.24,123.47,-111.49,85.57,2
2002-06-20,2002-06-21,SHORT,123.43,121.11,-124.57,288.71,1
2002-06-21,2002-06-24,SHORT,121.07,121.62,-229.1,-126.56,3
2002-06-24,2002-06-25,SHORT,121.58,121.17,-224.22,91.39,1
2002-06-25,2002-06-26,SHORT,121.13,119.94,-301.47,358.03,1
2002-06-26,2002-06-27,SHORT,119.9,119.56,-324.7,109.62,1
2002-06-27,2002-06-28,SHORT,119.52,119.54,-312.9,-7.0,1
2002-06-28,2002-07-01,SHORT,119.5,119.79,-278.94,-81.56,3
2002-07-01,2002-07-02,SHORT,119.75,120.02,-272.04,-74.11,1
2002-07-02,2002-07-03,SHORT,119.98,119.92,-241.95,13.94,1
2002-07-03,2002-07-04,SHORT,119.88,120.19,-239.08,-74.69,1
2002-07-04,2002-07-05,SHORT,120.15,120.42,-210.02,-57.21,1
2002-07-05,2002-07-08,SHORT,120.38,118.59,-91.26,163.13,3
2002-07-08,2002-07-09,SHORT,118.55,118.08,-204.68,95.72,1
2002-07-09,2002-07-10,SHORT,118.04,117.78,-201.4,51.89,1
2002-07-10,2002-07-11,SHORT,117.74,117.05,-172.84,118.85,1
2002-07-11,2002-07-12,SHORT,117.01,116.87,-202.13,27.83,1
2002-07-12,2002-07-15,SHORT,116.83,116.24,-208.46,122.51,3
2002-07-15,2002-07-16,SHORT,116.2,115.99,-250.58,52.04,1
2002-07-16,2002-07-17,SHORT,115.95,116.35,-310.73,-125.02,1
2002-07-17,2002-07-18,SHORT,116.31,116.55,-261.38,-63.34,1
2002-07-18,2002-07-19,SHORT,116.51,115.92,-286.04,168.1,1
2002-07-19,2002-07-22,SHORT,115.88,116.39,-326.55,-167.3,3
2002-07-22,2002-07-23,SHORT,116.35,117.39,-213.74,-222.79,1
2002-07-23,2002-07-24,SHORT,117.35,116.7,-98.9,64.05,1
2002-07-24,2002-07-25,SHORT,116.66,116.65,-92.64,0.71,1
2002-07-25,2002-07-26,SHORT,116.61,118.79,-92.38,-201.6,1
2002-07-26,2002-07-29,LONG,118.79,119.63,107.0,89.63,3
2002-07-29,2002-07-30,LONG,119.67,120.2,181.44,95.73,1
2002-07-30,2002-07-31,LONG,120.24,119.76,213.58,-103.03,1
2002-07-31,2002-08-01,LONG,119.8,119.19,175.34,-107.37,1
2002-08-01,2002-08-02,LONG,119.23,118.75,125.49,-60.53,1
2002-08-02,2002-08-05,SHORT,118.75,119.63,-142.94,-126.13,3
2002-08-05,2002-08-06,LONG,119.63,120.94,151.86,198.57,1
2002-08-06,2002-08-07,LONG,120.98,120.24,156.01,-115.82,1
2002-08-07,2002-08-08,LONG,120.28,121.08,155.18,123.77,1
2002-08-08,2002-08-09,LONG,121.12,120.43,175.5,-121.52,1
2002-08-09,2002-08-12,LONG,120.47,118.99,85.28,-126.42,3
2002-08-12,2002-08-13,SHORT,118.99,118.25,-84.94,62.65,1
2002-08-13,2002-08-14,SHORT,118.21,117.21,-87.7,87.49,1
2002-08-14,2002-08-15,SHORT,117.17,117.36,-98.55,-18.95,1
2002-08-15,2002-08-16,SHORT,117.32,117.58,-89.93,-23.59,1
2002-08-16,2002-08-19,SHORT,117.54,118.46,-93.69,-86.42,3
2002-08-19,2002-08-20,SHORT,118.42,118.65,-92.31,-21.45,1
2002-08-20,2002-08-21,SHORT,118.61,118.48,-126.36,16.13,1
2002-08-21,2002-08-22,SHORT,118.44,119.81,-107.66,-147.75,1
2002-08-22,2002-08-23,LONG,119.81,119.57,90.43,-21.92,1
2002-08-23,2002-08-26,LONG,119.61,119.69,92.23,7.16,3
2002-08-26,2002-08-27,LONG,119.73,118.13,99.05,-158.71,1
2002-08-27,2002-08-28,SHORT,118.13,118.97,-93.87,-79.07,1
2002-08-28,2002-08-29,SHORT,118.93,118.21,-117.48,84.31,1
2002-08-29,2002-08-30,SHORT,118.17,118.45,-90.83,-25.65,1
2002-08-30,2002-09-02,SHORT,118.41,118.01,-94.29,37.49,3
2002-09-02,2002-09-03,SHORT,117.97,117.17,-95.63,76.28,1
2002-09-03,2002-09-04,SHORT,117.13,117.89,-100.41,-76.55,1
2002-09-04,2002-09-05,SHORT,117.85,118.38,-97.92,-52.13,1
2002-09-05,2002-09-06,SHORT,118.34,118.43,-95.18,-8.79,1
2002-09-06,2002-09-09,SHORT,118.39,118.89,-97.26,-48.86,3
2002-09-09,2002-09-10,SHORT,118.85,119.03,-95.4,-17.4,1
2002-09-10,2002-09-11,SHORT,118.99,120.29,-96.36,-125.5,1
2002-09-11,2002-09-12,LONG,120.29,120.06,95.19,-22.12,1
2002-09-12,2002-09-13,LONG,120.1,121.61,147.9,222.97,1
2002-09-13,2002-09-16,LONG,121.65,122.28,173.91,109.14,3
2002-09-16,2002-09-17,LONG,122.32,122.06,240.12,-63.02,1
2002-09-17,2002-09-18,LONG,122.1,121.43,297.45,-200.01,1
2002-09-18,2002-09-19,LONG,121.47,121.44,217.76,-7.06,1
2002-09-19,2002-09-20,LONG,121.48,123.28,206.02,370.33,1
2002-09-20,2002-09-23,LONG,123.32,123.87,225.43,123.43,3
2002-09-23,2002-09-24,LONG,123.91,123.35,226.36,-127.32,1
2002-09-24,2002-09-25,LONG,123.39,122.68,188.71,-134.45,1
2002-09-25,2002-09-26,LONG,122.72,122.1,113.1,-70.39,1
2002-09-26,2002-09-27,SHORT,122.1,122.55,-88.59,-40.08,1
2002-09-27,2002-09-30,LONG,122.55,121.81,78.76,-58.48,3
2002-09-30,2002-10-01,SHORT,121.81,122.62,-75.43,-61.28,1
2002-10-01,2002-10-02,LONG,122.62,122.74,77.28,9.08,1
2002-10-02,2002-10-03,LONG,122.78,122.38,77.97,-31.38,1
2002-10-03,2002-10-04,SHORT,122.38,123.22,-86.98,-73.28,1
2002-10-04,2002-10-08,LONG,123.22,124.06,86.02,72.04,4
2002-10-08,2002-10-09,LONG,124.1,122.99,92.22,-102.6,1
2002-10-09,2002-10-10,LONG,123.03,123.57,90.39,48.59,1
2002-10-10,2002-10-11,LONG,123.61,124.0,99.18,38.44,1
2002-10-11,2002-10-14,LONG,124.04,124.32,100.99,28.03,3
2002-10-14,2002-10-15,LONG,124.36,124.61,180.53,44.68,1
2002-10-15,2002-10-16,LONG,124.65,124.49,165.76,-26.93,1
2002-10-16,2002-10-17,LONG,124.53,125.08,144.33,79.02,1
2002-10-17,2002-10-18,LONG,125.12,125.43,213.88,65.77,1
2002-10-18,2002-10-21,LONG,125.47,124.84,210.21,-132.95,3
2002-10-21,2002-10-22,LONG,124.88,125.12,117.81,27.98,1
2002-10-22,2002-10-23,LONG,125.16,124.5,117.75,-78.01,1
2002-10-23,2002-10-24,LONG,124.54,124.62,161.91,12.55,1
2002-10-24,2002-10-25,LONG,124.66,124.15,126.83,-65.0,1
2002-10-25,2002-10-28,LONG,124.19,123.43,114.86,-87.58,3
2002-10-28,2002-10-29,SHORT,123.43,122.95,-106.16,50.7,1
2002-10-29,2002-10-30,SHORT,122.91,122.91,-164.03,-0.4,1
2002-10-30,2002-10-31,SHORT,122.87,122.47,-159.43,63.38,1
2002-10-31,2002-11-01,SHORT,122.43,122.17,-274.06,70.59,1
2002-11-01,2002-11-04,SHORT,122.13,122.23,-331.19,-33.93,3
2002-11-04,2002-11-05,SHORT,122.19,122.13,-311.98,17.96,1
2002-11-05,2002-11-06,SHORT,122.09,121.67,-381.78,159.42,1
2002-11-06,2002-11-07,SHORT,121.63,121.17,-380.96,174.32,1
2002-11-07,2002-11-08,SHORT,121.13,119.8,-408.68,542.57,1
2002-11-08,2002-11-11,SHORT,119.76,119.72,-397.36,14.94,3
2002-11-11,2002-11-12,SHORT,119.68,119.66,-389.69,6.86,1
2002-11-12,2002-11-13,SHORT,119.62,120.1,-409.29,-197.44,1
2002-11-13,2002-11-14,SHORT,120.06,120.61,-316.58,-174.88,1
2002-11-14,2002-11-15,SHORT,120.57,120.48,-205.65,18.01,1
2002-11-15,2002-11-18,SHORT,120.44,120.96,-211.63,-110.56,3
2002-11-18,2002-11-19,LONG,120.96,122.15,150.09,178.24,1
2002-11-19,2002-11-20,LONG,122.19,122.71,114.0,59.0,1
2002-11-20,2002-11-21,LONG,122.75,122.63,116.39,-14.25,1
2002-11-21,2002-11-22,LONG,122.67,122.93,143.11,36.86,1
2002-11-22,2002-11-25,LONG,122.97,122.04,383.39,-357.49,3
2002-11-25,2002-11-26,LONG,122.08,121.5,226.34,-131.83,1
2002-11-26,2002-11-27,SHORT,121.5,122.38,-168.87,-149.02,1
2002-11-27,2002-11-28,LONG,122.38,122.16,186.24,-41.43,1
2002-11-28,2002-11-29,LONG,122.2,122.45,152.84,37.83,1
2002-11-29,2002-12-02,LONG,122.49,124.35,193.67,359.74,3
2002-12-02,2002-12-03,LONG,124.39,124.17,227.05,-50.52,1
2002-12-03,2002-12-04,LONG,124.21,124.43,159.12,34.61,1
2002-12-04,2002-12-05,LONG,124.47,124.69,145.47,31.64,1
2002-12-05,2002-12-06,LONG,124.73,123.5,161.15,-198.62,1
2002-12-06,2002-12-09,LONG,123.54,123.34,93.59,-18.95,3
2002-12-09,2002-12-10,LONG,123.38,123.9,96.69,50.04,1
2002-12-10,2002-12-11,LONG,123.94,123.7,157.11,-38.09,1
2002-12-11,2002-12-12,LONG,123.74,122.46,100.58,-128.99,1
2002-12-12,2002-12-13,SHORT,122.46,120.45,-91.05,182.79,1
2002-12-13,2002-12-16,SHORT,120.41,121.35,-87.64,-82.6,3
2002-12-16,2002-12-17,SHORT,121.31,121.64,-145.98,-48.53,1
2002-12-17,2002-12-18,SHORT,121.6,120.71,-119.18,105.78,1
2002-12-18,2002-12-19,SHORT,120.67,120.55,-155.12,18.24,1
2002-12-19,2002-12-20,SHORT,120.51,120.38,-172.13,21.96,1
2002-12-20,2002-12-23,SHORT,120.34,120.41,-165.33,-11.97,3
2002-12-23,2002-12-24,SHORT,120.37,120.28,-155.74,13.64,1
2002-12-24,2002-12-25,SHORT,120.24,120.35,-208.5,-23.44,1
2002-12-25,2002-12-26,SHORT,120.31,120.05,-209.23,53.9,1
2002-12-26,2002-12-27,SHORT,120.01,119.88,-215.24,27.47,1
2002-12-27,2002-12-30,SHORT,119.84,118.52,-116.64,153.69,3
2002-12-30,2002-12-31,SHORT,118.48,118.72,-345.68,-83.78,1
2002-12-31,2003-01-01,SHORT,118.68,118.73,-379.58,-19.88,1
2003-01-01,2003-01-02,SHORT,118.69,120.23,-382.01,-589.22,1
2003-01-02,2003-01-03,SHORT,120.19,119.69,-133.84,66.6,1
2003-01-03,2003-01-06,SHORT,119.65,119.38,-137.65,36.84,3
2003-01-06,2003-01-07,SHORT,119.34,120.24,-139.16,-125.58,1
2003-01-07,2003-01-08,SHORT,120.2,119.13,-135.18,144.32,1
2003-01-08,2003-01-09,SHORT,119.09,119.4,-125.95,-39.34,1
2003-01-09,2003-01-10,SHORT,119.36,119.32,-123.74,4.65,1
2003-01-10,2003-01-13,SHORT,119.28,119.26,-123.65,2.18,3
2003-01-13,2003-01-14,SHORT,119.22,118.02,-125.9,150.79,1
2003-01-14,2003-01-15,SHORT,117.98,118.13,-113.2,-17.25,1
2003-01-15,2003-01-16,SHORT,118.09,117.84,-111.27,27.56,1
2003-01-16,2003-01-17,SHORT,117.8,117.8,-213.87,-0.5,1
2003-01-17,2003-01-20,SHORT,117.76,118.03,-201.43,-54.86,3
2003-01-20,2003-01-21,SHORT,117.99,118.18,-145.41,-27.97,1
2003-01-21,2003-01-22,SHORT,118.14,118.36,-248.32,-55.22,1
2003-01-22,2003-01-23,SHORT,118.32,118.14,-135.12,24.0,1
2003-01-23,2003-01-24,SHORT,118.1,117.83,-218.24,58.41,1
2003-01-24,2003-01-27,SHORT,117.79,118.57,-249.44,-195.16,3
2003-01-27,2003-01-28,SHORT,118.53,118.7,-114.69,-19.77,1
2003-01-28,2003-01-29,SHORT,118.66,118.65,-141.84,1.08,1
2003-01-29,2003-01-30,SHORT,118.61,119.06,-125.55,-56.8,1
2003-01-30,2003-01-31,SHORT,119.02,119.93,-248.11,-226.38,1
2003-01-31,2003-02-03,LONG,119.93,120.28,301.23,104.71,3
2003-02-03,2003-02-04,LONG,120.32,119.82,323.71,-162.63,1
2003-02-04,2003-02-05,LONG,119.86,120.12,214.05,55.14,1
2003-02-05,2003-02-06,LONG,120.16,119.87,212.56,-62.15,1
2003-02-06,2003-02-07,LONG,119.91,120.2,208.32,59.91,1
2003-02-07,2003-02-10,LONG,120.24,121.19,276.36,261.87,3
2003-02-10,2003-02-11,LONG,121.23,120.93,287.61,-86.98,1
2003-02-11,2003-02-12,LONG,120.97,121.3,233.48,76.48,1
2003-02-12,2003-02-13,LONG,121.34,120.31,260.69,-269.14,1
2003-02-13,2003-02-14,SHORT,120.31,120.32,-108.32,-1.34,1
2003-02-14,2003-02-18,SHORT,120.28,119.06,-116.54,141.9,4
2003-02-18,2003-02-19,SHORT,119.02,118.7,-109.23,34.7,1
2003-02-19,2003-02-20,SHORT,118.66,118.32,-135.59,45.78,1
2003-02-20,2003-02-21,SHORT,118.28,118.63,-146.26,-51.54,1
2003-02-21,2003-02-24,SHORT,118.59,118.17,-153.03,63.91,3
2003-02-24,2003-02-25,SHORT,118.13,117.48,-318.85,206.51,1
2003-02-25,2003-02-26,SHORT,117.44,117.11,-332.9,109.08,1
2003-02-26,2003-02-27,SHORT,117.07,117.73,-407.52,-269.92,1
2003-02-27,2003-02-28,SHORT,117.69,118.11,-269.28,-113.73,1
2003-02-28,2003-03-03,SHORT,118.07,117.67,-217.36,86.43,3
2003-03-03,2003-03-04,SHORT,117.63,117.16,-228.98,107.09,1
2003-03-04,2003-03-05,SHORT,117.12,117.31,-195.85,-37.67,1
2003-03-05,2003-03-06,SHORT,117.27,117.32,-156.39,-8.19,1
2003-03-06,2003-03-07,SHORT,117.28,117.07,-125.66,26.09,1
2003-03-07,2003-03-10,SHORT,117.03,116.87,-194.27,30.63,3
2003-03-10,2003-03-11,SHORT,116.83,117.14,-186.19,-58.15,1
2003-03-11,2003-03-12,SHORT,117.1,117.51,-129.32,-53.32,1
2003-03-12,2003-03-13,SHORT,117.47,118.68,-134.51,-163.07,1
2003-03-13,2003-03-14,SHORT,118.64,118.32,-129.88,41.26,1
2003-03-14,2003-03-17,SHORT,118.28,118.83,-133.98,-74.01,3
2003-03-17,2003-03-18,LONG,118.83,118.58,161.55,-40.77,1
2003-03-18,2003-03-19,SHORT,118.58,120.08,-217.93,-327.41,1
2003-03-19,2003-03-20,LONG,120.08,120.28,275.22,54.38,1
2003-03-20,2003-03-21,LONG,120.32,121.44,283.57,316.9,1
2003-03-21,2003-03-24,LONG,121.48,120.66,342.93,-282.03,3
2003-03-24,2003-03-25,LONG,120.7,119.89,267.4,-217.24,1
2003-03-25,2003-03-26,SHORT,119.89,120.0,-171.34,-19.26,1
2003-03-26,2003-03-27,LONG,120.0,119.95,157.54,-8.26,1
2003-03-27,2003-03-28,LONG,119.99,119.7,111.49,-32.6,1
2003-03-28,2003-03-31,SHORT,119.7,118.03,-113.68,189.58,3
2003-03-31,2003-04-01,SHORT,117.99,117.81,-98.19,17.44,1
2003-04-01,2003-04-02,SHORT,117.77,119.16,-97.05,-135.14,1
2003-04-02,2003-04-03,SHORT,119.12,118.75,-94.75,34.83,1
2003-04-03,2003-04-04,SHORT,118.71,119.97,-94.96,-119.87,1
2003-04-04,2003-04-07,LONG,119.97,119.87,94.55,-9.68,3
2003-04-07,2003-04-08,SHORT,119.87,119.73,-91.72,12.62,1
2003-04-08,2003-04-09,SHORT,119.69,120.1,-99.45,-41.01,1
2003-04-09,2003-04-10,LONG,120.1,119.52,97.68,-56.89,1
2003-04-10,2003-04-11,SHORT,119.52,120.54,-100.62,-102.87,1
2003-04-11,2003-04-14,LONG,120.54,120.27,99.1,-27.0,3
2003-04-14,2003-04-15,LONG,120.31,120.29,167.16,-3.75,1
2003-04-15,2003-04-16,LONG,120.33,119.54,190.89,-151.26,1
2003-04-16,2003-04-17,SHORT,119.54,119.67,-96.11,-12.72,1
2003-04-17,2003-04-18,SHORT,119.63,119.83,-96.87,-19.61,1
2003-04-18,2003-04-21,SHORT,119.79,120.55,-111.23,-84.81,3
2003-04-21,2003-04-22,LONG,120.55,119.85,108.06,-75.9,1
2003-04-22,2003-04-23,SHORT,119.85,120.49,-109.63,-70.43,1
2003-04-23,2003-04-24,LONG,120.49,119.74,108.03,-81.28,1
2003-04-24,2003-04-25,SHORT,119.74,120.18,-109.83,-48.59,1
2003-04-25,2003-04-29,LONG,120.18,119.84,108.39,-37.11,4
2003-04-29,2003-04-30,SHORT,119.84,118.84,-108.95,108.7,1
2003-04-30,2003-05-01,SHORT,118.8,118.47,-107.51,35.22,1
2003-05-01,2003-05-02,SHORT,118.43,119.05,-111.47,-69.38,1
2003-05-02,2003-05-05,SHORT,119.01,118.47,-111.38,59.88,3
2003-05-05,2003-05-06,SHORT,118.43,117.61,-158.84,129.88,1
2003-05-06,2003-05-07,SHORT,117.57,116.44,-166.83,188.13,1
2003-05-07,2003-05-08,SHORT,116.4,117.1,-254.83,-178.98,1
2003-05-08,2003-05-09,SHORT,117.06,117.37,-159.14,-49.71,1
2003-05-09,2003-05-12,SHORT,117.33,117.02,-176.2,54.21,3
2003-05-12,2003-05-13,SHORT,116.98,116.79,-222.39,41.73,1
2003-05-13,2003-05-14,SHORT,116.75,116.23,-205.66,106.46,1
2003-05-14,2003-05-15,SHORT,116.19,116.45,-187.65,-49.23,1
2003-05-15,2003-05-16,SHORT,116.41,116.03,-149.89,56.61,1
2003-05-16,2003-05-19,SHORT,115.99,117.1,-229.05,-254.78,3
2003-05-19,2003-05-20,SHORT,117.06,116.66,-92.43,36.76,1
2003-05-20,2003-05-21,SHORT,116.62,117.62,-95.64,-95.86,1
2003-05-21,2003-05-22,SHORT,117.58,117.27,-93.19,28.67,1
2003-05-22,2003-05-27,SHORT,117.23,117.29,-93.17,-5.81,5
2003-05-27,2003-05-28,SHORT,117.25,118.57,-100.8,-133.3,1
2003-05-28,2003-05-29,SHORT,118.53,118.19,-162.1,54.73,1
2003-05-29,2003-05-30,SHORT,118.15,119.32,-112.58,-131.98,1
2003-05-30,2003-06-02,LONG,119.32,118.63,183.89,-127.32,3
2003-06-02,2003-06-03,SHORT,118.63,119.16,-93.56,-49.81,1
2003-06-03,2003-06-04,LONG,119.16,118.81,149.72,-52.76,1
2003-06-04,2003-06-05,LONG,118.85,117.7,92.04,-106.06,1
2003-06-05,2003-06-06,SHORT,117.7,118.65,-87.62,-83.44,1
2003-06-06,2003-06-09,SHORT,118.61,118.2,-93.45,38.09,3
2003-06-09,2003-06-10,SHORT,118.16,117.69,-92.87,43.43,1
2003-06-10,2003-06-11,SHORT,117.65,117.71,-95.2,-5.94,1
2003-06-11,2003-06-12,SHORT,117.67,117.64,-96.26,2.66,1
2003-06-12,2003-06-13,SHORT,117.6,117.41,-97.35,18.27,1
2003-06-13,2003-06-16,SHORT,117.37,117.66,-156.7,-45.81,3
2003-06-16,2003-06-17,SHORT,117.62,118.11,-100.21,-49.34,1
2003-06-17,2003-06-18,SHORT,118.07,117.96,-106.85,11.5,1
2003-06-18,2003-06-19,SHORT,117.92,118.47,-108.51,-59.94,1
2003-06-19,2003-06-20,SHORT,118.43,118.35,-111.24,8.64,1
2003-06-20,2003-06-23,SHORT,118.31,117.73,-116.0,67.01,3
2003-06-23,2003-06-24,SHORT,117.69,117.94,-115.23,-29.08,1
2003-06-24,2003-06-26,SHORT,117.9,119.28,-119.55,-165.26,2
2003-06-26,2003-06-27,LONG,119.28,119.51,211.88,48.22,1
2003-06-27,2003-06-30,LONG,119.55,119.65,279.23,27.25,3
2003-06-30,2003-07-01,LONG,119.69,119.22,276.26,-130.5,1
2003-07-01,2003-07-02,LONG,119.26,118.13,153.75,-174.1,1
2003-07-02,2003-07-10,SHORT,118.13,117.69,-116.32,50.91,8
2003-07-10,2003-07-11,SHORT,117.65,117.93,-259.51,-73.28,1
2003-07-11,2003-07-14,SHORT,117.89,117.74,-282.46,41.71,3
2003-07-14,2003-07-15,SHORT,117.7,117.88,-333.25,-60.77,1
2003-07-15,2003-07-16,SHORT,117.84,118.04,-248.16,-50.22,1
2003-07-16,2003-07-17,SHORT,118.0,118.84,-132.93,-111.98,1
2003-07-17,2003-07-18,LONG,118.84,118.4,128.23,-56.72,1
2003-07-18,2003-07-21,SHORT,118.4,118.57,-124.41,-21.45,3
2003-07-21,2003-07-22,SHORT,118.53,119.04,-128.65,-65.92,1
2003-07-22,2003-07-23,LONG,119.04,118.7,137.16,-46.96,1
2003-07-23,2003-07-24,LONG,118.74,118.93,171.54,32.18,1
2003-07-24,2003-07-25,LONG,118.97,118.74,226.43,-52.61,1
2003-07-25,2003-07-28,LONG,118.78,119.39,149.86,91.06,3
2003-07-28,2003-07-29,LONG,119.43,119.8,265.15,97.47,1
2003-07-29,2003-07-30,LONG,119.84,120.26,285.87,119.38,1
2003-07-30,2003-07-31,LONG,120.3,120.54,293.84,69.81,1
2003-07-31,2003-08-01,LONG,120.58,120.11,251.29,-118.71,1
2003-08-01,2003-08-04,LONG,120.15,120.29,239.41,32.94,3
2003-08-04,2003-08-05,LONG,120.33,119.88,253.29,-114.59,1
2003-08-05,2003-08-06,LONG,119.92,120.18,128.92,33.21,1
2003-08-06,2003-08-07,LONG,120.22,119.09,222.58,-252.05,1
2003-08-07,2003-08-11,SHORT,119.09,118.52,-128.82,73.12,4
2003-08-11,2003-08-12,SHORT,118.48,118.62,-129.03,-18.37,1
2003-08-12,2003-08-13,SHORT,118.58,119.22,-163.37,-104.94,1
2003-08-13,2003-08-14,SHORT,119.18,118.99,-137.08,25.72,1
2003-08-14,2003-08-15,SHORT,118.95,119.15,-202.42,-40.97,1
2003-08-15,2003-08-18,SHORT,119.11,119.42,-139.79,-43.67,3
2003-08-18,2003-08-19,SHORT,119.38,118.59,-129.85,102.27,1
2003-08-19,2003-08-20,SHORT,118.55,118.08,-159.26,74.48,1
2003-08-20,2003-08-21,SHORT,118.04,117.85,-242.64,45.53,1
2003-08-21,2003-08-22,SHORT,117.81,117.51,-183.31,54.56,1
2003-08-22,2003-08-25,SHORT,117.47,117.25,-207.81,45.23,3
2003-08-25,2003-08-26,SHORT,117.21,117.32,-190.95,-21.45,1
2003-08-26,2003-08-27,SHORT,117.28,117.5,-199.84,-44.44,1
2003-08-27,2003-08-28,SHORT,117.46,117.34,-318.12,37.43,1
2003-08-28,2003-08-29,SHORT,117.3,116.91,-312.99,121.33,1
2003-08-29,2003-09-01,SHORT,116.87,116.52,-381.6,132.67,3
2003-09-01,2003-09-02,SHORT,116.48,116.46,-475.16,8.4,1
2003-09-02,2003-09-03,SHORT,116.42,115.93,-432.83,211.09,1
2003-09-03,2003-09-04,SHORT,115.89,116.87,-439.59,-431.82,1
2003-09-04,2003-09-05,SHORT,116.83,116.81,-146.95,2.6,1
2003-09-05,2003-09-08,SHORT,116.77,116.63,-125.86,17.33,3
2003-09-08,2003-09-09,SHORT,116.59,116.83,-127.98,-31.01,1
2003-09-09,2003-09-10,SHORT,116.79,117.09,-129.01,-39.0,1
2003-09-10,2003-09-11,SHORT,117.05,117.1,-129.71,-6.79,1
2003-09-11,2003-09-12,SHORT,117.06,117.29,-131.14,-30.47,1
2003-09-12,2003-09-15,SHORT,117.25,117.43,-128.57,-23.45,3
2003-09-15,2003-09-16,SHORT,117.39,116.21,-184.21,216.94,1
2003-09-16,2003-09-18,SHORT,116.17,115.25,-123.48,113.32,2
2003-09-18,2003-09-19,SHORT,115.21,113.93,-240.7,307.55,1
2003-09-19,2003-09-22,SHORT,113.89,112.09,-279.18,501.9,3
2003-09-22,2003-09-23,SHORT,112.05,112.29,-299.6,-72.57,1
2003-09-23,2003-09-24,SHORT,112.25,111.91,-285.77,96.52,1
2003-09-24,2003-09-25,SHORT,111.87,112.12,-325.61,-82.13,1
2003-09-25,2003-09-26,SHORT,112.08,111.71,-300.22,110.41,1
2003-09-26,2003-09-29,SHORT,111.67,110.84,-339.98,281.43,3
2003-09-29,2003-09-30,SHORT,110.8,111.31,-357.03,-182.88,1
2003-09-30,2003-10-01,SHORT,111.27,111.25,-271.55,4.83,1
2003-10-01,2003-10-02,SHORT,111.21,110.89,-267.0,84.85,1
2003-10-02,2003-10-03,SHORT,110.85,110.83,-259.36,4.61,1
2003-10-03,2003-10-06,SHORT,110.79,110.95,-227.71,-36.94,3
2003-10-06,2003-10-07,SHORT,110.91,109.93,-136.42,133.39,1
2003-10-07,2003-10-08,SHORT,109.89,109.54,-209.39,72.83,1
2003-10-08,2003-10-09,SHORT,109.5,109.12,-220.33,83.24,1
2003-10-09,2003-10-10,SHORT,109.08,108.58,-286.25,142.5,1
2003-10-10,2003-10-13,SHORT,108.54,109.0,-319.2,-147.53,3
2003-10-13,2003-10-14,SHORT,108.96,108.81,-220.13,32.54,1
2003-10-14,2003-10-15,SHORT,108.77,109.53,-311.12,-237.13,1
2003-10-15,2003-10-16,SHORT,109.49,109.79,-178.6,-53.97,1
2003-10-16,2003-10-17,SHORT,109.75,109.32,-113.94,48.74,1
2003-10-17,2003-10-20,SHORT,109.28,110.2,-146.1,-134.73,3
2003-10-20,2003-10-21,SHORT,110.16,109.58,-111.31,64.31,1
2003-10-21,2003-10-22,SHORT,109.54,108.98,-111.39,62.13,1
2003-10-22,2003-10-23,SHORT,108.94,109.44,-110.28,-55.38,1
2003-10-23,2003-10-24,SHORT,109.4,109.25,-108.68,16.06,1
2003-10-24,2003-10-27,SHORT,109.21,108.45,-106.33,80.58,3
2003-10-27,2003-10-28,SHORT,108.41,108.17,-113.13,26.91,1
2003-10-28,2003-10-29,SHORT,108.13,108.24,-113.58,-12.74,1
2003-10-29,2003-10-30,SHORT,108.2,108.62,-127.96,-54.02,1
2003-10-30,2003-10-31,SHORT,108.58,110.02,-116.63,-168.2,1
2003-10-31,2003-11-03,SHORT,109.98,110.82,-109.53,-92.25,3
2003-11-03,2003-11-04,LONG,110.82,109.53,108.13,-139.72,1
2003-11-04,2003-11-05,SHORT,109.53,109.88,-105.11,-37.02,1
2003-11-05,2003-11-06,SHORT,109.84,110.19,-108.29,-38.14,1
2003-11-06,2003-11-07,SHORT,110.15,109.35,-110.24,87.95,1
2003-11-07,2003-11-11,SHORT,109.31,108.79,-113.66,58.85,4
2003-11-11,2003-11-12,SHORT,108.75,108.7,-108.65,5.2,1
2003-11-12,2003-11-14,SHORT,108.66,108.32,-110.9,37.46,2
2003-11-14,2003-11-17,SHORT,108.28,109.03,-151.5,-113.96,3
2003-11-17,2003-11-18,SHORT,108.99,108.08,-151.72,137.74,1
2003-11-18,2003-11-19,SHORT,108.04,109.13,-128.49,-140.33,1
2003-11-19,2003-11-20,SHORT,109.09,109.02,-96.66,6.56,1
2003-11-20,2003-11-21,SHORT,108.98,108.77,-103.64,21.54,1
2003-11-21,2003-11-24,SHORT,108.73,109.4,-110.36,-74.18,3
2003-11-24,2003-11-25,SHORT,109.36,109.42,-115.78,-7.2,1
2003-11-25,2003-11-26,SHORT,109.38,109.07,-114.74,35.32,1
2003-11-26,2003-11-27,SHORT,109.03,109.3,-111.65,-30.39,1
2003-11-27,2003-11-28,SHORT,109.26,109.64,-130.76,-49.98,1
2003-11-28,2003-12-01,SHORT,109.6,109.19,-150.78,61.49,3
2003-12-01,2003-12-02,SHORT,109.15,108.75,-129.39,51.48,1
2003-12-02,2003-12-03,SHORT,108.71,108.32,-123.11,47.75,1
2003-12-03,2003-12-04,SHORT,108.28,108.29,-122.59,-1.49,1
2003-12-04,2003-12-05,SHORT,108.25,107.64,-123.27,74.93,1
2003-12-05,2003-12-08,SHORT,107.6,107.43,-162.92,27.35,3
2003-12-08,2003-12-09,SHORT,107.39,107.11,-336.47,93.49,1
2003-12-09,2003-12-10,SHORT,107.07,108.4,-400.02,-532.9,1
2003-12-10,2003-12-11,SHORT,108.36,108.0,-134.3,48.06,1
2003-12-11,2003-12-12,SHORT,107.96,107.7,-157.89,40.71,1
2003-12-12,2003-12-15,SHORT,107.66,107.76,-244.36,-24.96,3
2003-12-15,2003-12-16,SHORT,107.72,107.53,-196.71,36.95,1
2003-12-16,2003-12-17,SHORT,107.49,107.4,-184.15,16.18,1
2003-12-17,2003-12-18,SHORT,107.36,107.67,-147.72,-46.11,1
2003-12-18,2003-12-19,SHORT,107.63,107.73,-141.26,-14.43,1
2003-12-19,2003-12-23,SHORT,107.69,107.45,-147.0,34.96,4
2003-12-23,2003-12-24,SHORT,107.41,107.28,-164.02,20.97,1
2003-12-24,2003-12-25,SHORT,107.24,107.26,-392.66,-8.69,1
2003-12-25,2003-12-26,SHORT,107.22,107.47,-349.4,-88.1,1
2003-12-26,2003-12-29,SHORT,107.43,107.07,-180.71,64.67,3
2003-12-29,2003-12-30,SHORT,107.03,106.98,-283.64,13.58,1
2003-12-30,2003-12-31,SHORT,106.94,107.42,-290.16,-139.9,1
2003-12-31,2004-01-01,SHORT,107.38,107.32,-202.56,11.72,1
2004-01-01,2004-01-02,SHORT,107.28,106.93,-199.97,69.56,1
2004-01-02,2004-01-05,SHORT,106.89,106.26,-304.95,191.47,3
2004-01-05,2004-01-06,SHORT,106.22,106.25,-353.51,-11.36,1
2004-01-06,2004-01-07,SHORT,106.21,106.2,-354.76,2.8,1
2004-01-07,2004-01-08,SHORT,106.16,106.19,-350.41,-11.26,1
2004-01-08,2004-01-09,SHORT,106.15,106.6,-362.09,-163.72,1
2004-01-09,2004-01-12,SHORT,106.56,106.62,-227.99,-14.16,3
2004-01-12,2004-01-13,SHORT,106.58,106.26,-166.0,52.77,1
2004-01-13,2004-01-14,SHORT,106.22,106.26,-193.42,-8.15,1
2004-01-14,2004-01-15,SHORT,106.22,106.29,-375.06,-27.05,1
2004-01-15,2004-01-16,SHORT,106.25,106.77,-349.67,-182.58,1
2004-01-16,2004-01-19,SHORT,106.73,107.25,-155.05,-80.96,3
2004-01-19,2004-01-20,SHORT,107.21,107.02,-309.83,58.21,1
2004-01-20,2004-01-21,SHORT,106.98,106.83,-212.32,31.4,1
2004-01-21,2004-01-22,SHORT,106.79,106.15,-161.28,102.88,1
2004-01-22,2004-01-27,SHORT,106.11,105.65,-137.95,63.16,5
2004-01-27,2004-01-28,SHORT,105.61,106.15,-128.86,-69.86,1
2004-01-28,2004-01-30,SHORT,106.11,105.74,-120.35,44.27,2
2004-01-30,2004-02-02,SHORT,105.7,105.54,-136.3,21.52,3
2004-02-02,2004-02-03,SHORT,105.5,105.49,-238.18,1.88,1
2004-02-03,2004-02-04,SHORT,105.45,105.47,-218.63,-4.83,1
2004-02-04,2004-02-05,SHORT,105.43,105.66,-205.47,-47.69,1
2004-02-05,2004-02-06,SHORT,105.62,105.47,-143.06,21.16,1
2004-02-06,2004-02-09,SHORT,105.43,105.84,-266.55,-109.85,3
2004-02-09,2004-02-10,SHORT,105.8,105.6,-145.74,28.84,1
2004-02-10,2004-02-11,SHORT,105.56,105.36,-145.79,28.85,1
2004-02-11,2004-02-12,SHORT,105.32,105.32,-254.21,-0.54,1
2004-02-12,2004-02-13,SHORT,105.28,105.22,-235.41,13.63,1
2004-02-13,2004-02-16,SHORT,105.18,105.47,-225.08,-65.75,3
2004-02-16,2004-02-18,SHORT,105.43,106.36,-189.74,-176.86,2
2004-02-18,2004-02-19,SHORT,106.32,106.93,-251.88,-154.19,1
2004-02-19,2004-02-20,SHORT,106.89,108.97,-291.49,-606.93,1
2004-02-20,2004-02-23,LONG,108.97,108.28,400.95,-277.52,3
2004-02-23,2004-02-24,LONG,108.32,108.18,251.98,-35.82,1
2004-02-24,2004-02-25,LONG,108.22,108.95,265.08,192.93,1
2004-02-25,2004-02-26,LONG,108.99,109.46,321.35,150.33,1
2004-02-26,2004-02-27,LONG,109.5,109.23,352.37,-95.91,1
2004-02-27,2004-03-01,LONG,109.27,108.89,324.46,-124.0,3
2004-03-01,2004-03-02,LONG,108.93,110.13,274.44,328.72,1
2004-03-02,2004-03-03,LONG,110.17,110.09,284.33,-23.37,1
2004-03-03,2004-03-04,LONG,110.13,111.23,256.81,281.92,1
2004-03-04,2004-03-05,LONG,111.27,111.98,257.06,181.94,1
2004-03-05,2004-03-08,LONG,112.02,111.27,207.79,-156.3,3
2004-03-08,2004-03-09,LONG,111.31,111.44,193.7,24.75,1
2004-03-09,2004-03-10,LONG,111.48,110.87,213.07,-130.44,1
2004-03-10,2004-03-11,LONG,110.91,110.81,132.18,-13.51,1
2004-03-11,2004-03-12,LONG,110.85,110.63,113.27,-25.17,1
2004-03-12,2004-03-15,LONG,110.67,110.29,123.24,-47.1,3
2004-03-15,2004-03-16,SHORT,110.29,108.73,-115.19,179.44,1
2004-03-16,2004-03-17,SHORT,108.69,108.28,-106.08,43.26,1
2004-03-17,2004-03-18,SHORT,108.24,106.81,-127.41,181.92,1
2004-03-18,2004-03-19,SHORT,106.77,106.68,-271.02,23.81,1
2004-03-19,2004-03-22,SHORT,106.64,106.78,-356.03,-50.6,3
2004-03-22,2004-03-23,SHORT,106.74,106.78,-349.77,-14.74,1
2004-03-23,2004-03-24,SHORT,106.74,106.42,-376.61,119.71,1
2004-03-24,2004-03-25,SHORT,106.38,106.15,-385.24,87.79,1
2004-03-25,2004-03-26,SHORT,106.11,106.2,-404.01,-37.22,1
2004-03-26,2004-03-29,SHORT,106.16,105.48,-408.76,277.1,3
2004-03-29,2004-03-30,SHORT,105.44,105.86,-423.14,-178.61,1
2004-03-30,2004-03-31,SHORT,105.82,104.23,-328.41,521.49,1
2004-03-31,2004-04-01,SHORT,104.19,103.76,-318.84,136.44,1
2004-04-01,2004-04-02,SHORT,103.72,104.63,-291.82,-266.17,1
2004-04-02,2004-04-05,SHORT,104.59,105.11,-173.27,-90.46,3
2004-04-05,2004-04-06,SHORT,105.07,105.78,-134.86,-96.04,1
2004-04-06,2004-04-07,LONG,105.78,105.2,98.55,-57.37,1
2004-04-07,2004-04-08,SHORT,105.2,106.44,-103.57,-128.64,1
2004-04-08,2004-04-12,LONG,106.44,105.33,99.62,-110.78,4
2004-04-12,2004-04-13,SHORT,105.33,106.84,-96.08,-145.29,1
2004-04-13,2004-04-14,LONG,106.84,108.65,90.09,162.87,1
2004-04-14,2004-04-15,LONG,108.69,108.19,171.0,-85.87,1
2004-04-15,2004-04-16,LONG,108.23,107.78,167.64,-75.8,1
2004-04-16,2004-04-19,LONG,107.82,108.37,123.88,67.87,3
2004-04-19,2004-04-20,LONG,108.41,108.94,124.75,65.84,1
2004-04-20,2004-04-21,LONG,108.98,109.33,129.01,44.87,1
2004-04-21,2004-04-22,LONG,109.37,109.36,169.52,-2.07,1
2004-04-22,2004-04-23,LONG,109.4,109.14,144.35,-37.85,1
2004-04-23,2004-04-26,LONG,109.18,108.61,131.72,-75.37,3
2004-04-26,2004-04-27,LONG,108.65,109.5,178.59,151.41,1
2004-04-27,2004-04-28,LONG,109.54,110.0,158.9,72.74,1
2004-04-28,2004-04-29,LONG,110.04,109.91,102.21,-13.51,1
2004-04-29,2004-04-30,LONG,109.95,110.35,137.97,54.88,1
2004-04-30,2004-05-03,LONG,110.39,110.14,210.47,-53.08,3
2004-05-03,2004-05-04,LONG,110.18,109.53,169.08,-110.28,1
2004-05-04,2004-05-05,LONG,109.57,108.8,97.68,-75.43,1
2004-05-05,2004-05-06,SHORT,108.8,109.76,-96.5,-92.85,1
2004-05-06,2004-05-07,LONG,109.76,112.29,96.76,244.59,1
2004-05-07,2004-05-10,LONG,112.33,113.71,147.31,202.95,3
2004-05-10,2004-05-11,LONG,113.75,112.92,207.89,-173.02,1
2004-05-11,2004-05-12,LONG,112.96,112.95,142.46,-1.75,1
2004-05-12,2004-05-13,LONG,112.99,114.57,128.2,202.27,1
2004-05-13,2004-05-14,LONG,114.61,114.09,163.79,-85.55,1
2004-05-14,2004-05-17,LONG,114.13,114.41,132.17,36.7,3
2004-05-17,2004-05-18,LONG,114.45,114.07,148.58,-56.8,1
2004-05-18,2004-05-19,LONG,114.11,112.83,163.62,-209.81,1
2004-05-19,2004-05-20,LONG,112.87,112.71,134.06,-21.75,1
2004-05-20,2004-05-21,LONG,112.75,112.32,105.58,-45.64,1
2004-05-21,2004-05-25,LONG,112.36,111.79,77.21,-44.18,4
2004-05-25,2004-05-26,SHORT,111.79,111.88,-76.45,-7.05,1
2004-05-26,2004-05-27,SHORT,111.84,111.09,-78.35,58.59,1
2004-05-27,2004-05-28,SHORT,111.05,109.99,-203.75,215.53,1
2004-05-28,2004-05-31,SHORT,109.95,109.54,-226.37,92.32,3
2004-05-31,2004-06-01,SHORT,109.5,110.44,-257.71,-242.82,1
2004-06-01,2004-06-02,SHORT,110.4,109.87,-172.49,91.04,1
2004-06-02,2004-06-03,SHORT,109.83,111.18,-162.03,-219.1,1
2004-06-03,2004-06-04,SHORT,111.14,111.28,-83.16,-11.83,1
2004-06-04,2004-06-07,SHORT,111.24,109.64,-85.84,137.15,3
2004-06-07,2004-06-08,SHORT,109.6,109.55,-142.45,6.81,1
2004-06-08,2004-06-09,SHORT,109.51,110.41,-115.49,-104.19,1
2004-06-09,2004-06-10,SHORT,110.37,109.29,-85.4,92.04,1
2004-06-10,2004-06-11,SHORT,109.25,110.15,-85.02,-76.7,1
2004-06-11,2004-06-14,SHORT,110.11,111.01,-84.75,-76.47,3
2004-06-14,2004-06-15,SHORT,110.97,109.43,-85.91,132.11,1
2004-06-15,2004-06-16,SHORT,109.39,110.11,-80.18,-57.91,1
2004-06-16,2004-06-17,SHORT,110.07,109.6,-81.78,38.26,1
2004-06-17,2004-06-18,SHORT,109.56,108.74,-81.22,66.42,1
2004-06-18,2004-06-21,SHORT,108.7,108.7,-92.02,-0.2,3
2004-06-21,2004-06-22,SHORT,108.66,109.21,-85.56,-47.24,1
2004-06-22,2004-06-23,SHORT,109.17,108.23,-85.99,80.64,1
2004-06-23,2004-06-24,SHORT,108.19,107.21,-97.06,94.91,1
2004-06-24,2004-06-25,SHORT,107.17,107.62,-91.35,-41.3,1
2004-06-25,2004-06-28,SHORT,107.58,108.01,-124.18,-53.67,3
2004-06-28,2004-06-29,SHORT,107.97,108.21,-155.05,-37.55,1
2004-06-29,2004-06-30,SHORT,108.17,108.89,-95.74,-69.14,1
2004-06-30,2004-07-01,SHORT,108.85,108.49,-95.9,34.32,1
2004-07-01,2004-07-02,SHORT,108.45,108.28,-97.03,16.28,1
2004-07-02,2004-07-08,SHORT,108.24,108.87,-97.91,-61.89,6
2004-07-08,2004-07-09,SHORT,108.83,108.2,-156.38,98.18,1
2004-07-09,2004-07-12,SHORT,108.16,108.33,-107.65,-18.53,3
2004-07-12,2004-07-15,SHORT,108.29,109.78,-108.91,-162.52,3
2004-07-15,2004-07-16,SHORT,109.74,108.75,-117.72,116.29,1
2004-07-16,2004-07-19,SHORT,108.71,108.29,-106.09,44.33,3
2004-07-19,2004-07-20,SHORT,108.25,108.51,-107.47,-28.18,1
2004-07-20,2004-07-21,SHORT,108.47,109.89,-112.61,-160.16,1
2004-07-21,2004-07-22,SHORT,109.85,109.78,-105.4,7.15,1
2004-07-22,2004-07-23,SHORT,109.74,110.17,-109.77,-47.44,1
2004-07-23,2004-07-26,SHORT,110.13,109.89,-171.25,40.72,3
2004-07-26,2004-07-27,SHORT,109.85,110.9,-132.52,-139.44,1
2004-07-27,2004-07-28,LONG,110.9,111.73,174.86,144.75,1
2004-07-28,2004-07-29,LONG,111.77,112.09,176.6,56.12,1
2004-07-29,2004-07-30,LONG,112.13,111.34,166.49,-131.9,1
2004-07-30,2004-08-02,LONG,111.38,110.83,191.88,-105.96,3
2004-08-02,2004-08-03,LONG,110.87,110.63,191.71,-46.43,1
2004-08-03,2004-08-04,SHORT,110.63,111.02,-164.59,-64.55,1
2004-08-04,2004-08-05,LONG,111.02,111.73,109.79,77.71,1
2004-08-05,2004-08-06,LONG,111.77,110.49,164.74,-211.23,1
2004-08-06,2004-08-09,SHORT,110.49,110.67,-103.13,-18.79,3
2004-08-09,2004-08-10,SHORT,110.63,111.24,-102.35,-62.66,1
2004-08-10,2004-08-11,LONG,111.24,110.74,108.74,-54.61,1
2004-08-11,2004-08-12,SHORT,110.74,110.9,-107.53,-17.44,1
2004-08-12,2004-08-13,LONG,110.9,110.68,106.31,-23.62,1
2004-08-13,2004-08-16,SHORT,110.68,110.41,-100.95,27.03,3
2004-08-16,2004-08-17,SHORT,110.37,109.97,-107.74,42.86,1
2004-08-17,2004-08-18,SHORT,109.93,109.45,-110.04,52.58,1
2004-08-18,2004-08-19,SHORT,109.41,109.38,-147.46,4.1,1
2004-08-19,2004-08-20,SHORT,109.34,109.13,-272.45,56.62,1
2004-08-20,2004-08-23,SHORT,109.09,109.76,-212.48,-142.83,3
2004-08-23,2004-08-24,SHORT,109.72,109.71,-118.05,0.92,1
2004-08-24,2004-08-25,SHORT,109.67,110.12,-242.96,-109.87,1
2004-08-25,2004-08-26,SHORT,110.08,109.64,-120.04,52.56,1
2004-08-26,2004-08-27,SHORT,109.6,109.68,-198.57,-16.32,1
2004-08-27,2004-08-30,SHORT,109.64,109.94,-172.82,-52.22,3
2004-08-30,2004-08-31,SHORT,109.9,109.19,-135.09,95.62,1
2004-08-31,2004-09-01,SHORT,109.15,109.38,-127.99,-29.72,1
2004-09-01,2004-09-03,SHORT,109.34,110.43,-128.6,-140.45,2
2004-09-03,2004-09-06,SHORT,110.39,110.17,-175.02,38.12,3
2004-09-06,2004-09-07,SHORT,110.13,109.39,-132.0,97.39,1
2004-09-07,2004-09-08,SHORT,109.35,109.23,-131.24,15.46,1
2004-09-08,2004-09-09,SHORT,109.19,109.41,-129.48,-28.77,1
2004-09-09,2004-09-15,SHORT,109.37,110.04,-127.81,-85.92,6
2004-09-15,2004-09-16,SHORT,110.0,109.63,-121.4,44.65,1
2004-09-16,2004-09-17,SHORT,109.59,109.72,-122.23,-16.16,1
2004-09-17,2004-09-20,SHORT,109.68,109.93,-121.92,-30.75,3
2004-09-20,2004-09-21,SHORT,109.89,109.8,-132.22,11.61,1
2004-09-21,2004-09-22,SHORT,109.76,110.62,-133.86,-115.41,1
2004-09-22,2004-09-23,LONG,110.62,110.72,200.0,19.56,1
2004-09-23,2004-09-24,LONG,110.76,110.52,213.4,-51.69,1
2004-09-24,2004-09-27,LONG,110.56,111.15,152.45,89.6,3
2004-09-27,2004-09-28,LONG,111.19,111.29,171.25,16.74,1
2004-09-28,2004-09-29,LONG,111.33,111.0,305.65,-101.54,1
2004-09-29,2004-09-30,LONG,111.04,110.06,185.75,-182.45,1
2004-09-30,2004-10-01,SHORT,110.06,110.5,-137.57,-60.84,1
2004-10-01,2004-10-04,SHORT,110.46,110.87,-141.18,-58.2,3
2004-10-04,2004-10-05,LONG,110.87,111.04,141.48,23.74,1
2004-10-05,2004-10-06,LONG,111.08,111.32,182.31,43.35,1
2004-10-06,2004-10-07,LONG,111.36,111.09,149.37,-40.66,1
2004-10-07,2004-10-08,LONG,111.13,109.48,155.73,-257.29,1
2004-10-08,2004-10-11,SHORT,109.48,109.39,-134.7,11.83,3
2004-10-11,2004-10-12,SHORT,109.35,109.69,-213.33,-73.0,1
2004-10-12,2004-10-13,SHORT,109.65,109.69,-194.86,-8.22,1
2004-10-13,2004-10-14,SHORT,109.65,109.67,-168.59,-3.74,1
2004-10-14,2004-10-15,SHORT,109.63,109.39,-138.02,32.82,1
2004-10-15,2004-10-18,SHORT,109.35,109.37,-179.06,-3.97,3
2004-10-18,2004-10-19,SHORT,109.33,108.37,-272.44,260.95,1
2004-10-19,2004-10-20,SHORT,108.33,108.32,-376.23,2.95,1
2004-10-20,2004-10-21,SHORT,108.28,107.43,-485.65,411.76,1
2004-10-21,2004-10-22,SHORT,107.39,107.54,-487.34,-74.15,1
2004-10-22,2004-10-25,SHORT,107.5,106.62,-405.05,355.58,3
2004-10-25,2004-10-26,SHORT,106.58,106.7,-417.86,-51.04,1
2004-10-26,2004-10-27,SHORT,106.66,106.67,-476.42,-5.78,1
2004-10-27,2004-10-29,SHORT,106.63,105.74,-459.97,408.4,2
2004-10-29,2004-11-01,SHORT,105.7,106.47,-508.83,-392.88,3
2004-11-01,2004-11-02,SHORT,106.43,106.09,-327.7,110.72,1
2004-11-02,2004-11-03,SHORT,106.05,106.14,-341.75,-31.48,1
2004-11-03,2004-11-04,SHORT,106.1,106.1,-281.26,-0.6,1
2004-11-04,2004-11-05,SHORT,106.06,105.51,-278.52,152.6,1
2004-11-05,2004-11-08,SHORT,105.47,105.64,-256.56,-44.16,3
2004-11-08,2004-11-09,SHORT,105.6,105.77,-251.39,-43.27,1
2004-11-09,2004-11-10,SHORT,105.73,106.99,-151.41,-191.1,1
2004-11-10,2004-11-11,LONG,106.99,106.66,125.68,-41.74,1
2004-11-11,2004-11-15,SHORT,106.66,105.43,-130.11,159.76,4
2004-11-15,2004-11-16,SHORT,105.39,105.44,-131.7,-6.86,1
2004-11-16,2004-11-17,SHORT,105.4,104.07,-131.12,174.12,1
2004-11-17,2004-11-18,SHORT,104.03,104.32,-201.44,-58.84,1
2004-11-18,2004-11-19,SHORT,104.28,103.1,-171.13,201.58,1
2004-11-19,2004-11-22,SHORT,103.06,103.18,-195.31,-23.84,3
2004-11-22,2004-11-23,SHORT,103.14,103.35,-206.46,-43.78,1
2004-11-23,2004-11-24,SHORT,103.31,102.86,-204.4,91.56,1
2004-11-24,2004-11-25,SHORT,102.82,102.54,-386.8,107.51,1
2004-11-25,2004-11-26,SHORT,102.5,102.55,-399.74,-20.81,1
2004-11-26,2004-11-29,SHORT,102.51,103.05,-354.59,-192.21,3
2004-11-29,2004-11-30,SHORT,103.01,102.92,-249.8,21.97,1
2004-11-30,2004-12-01,SHORT,102.88,102.53,-272.16,94.7,1
2004-12-01,2004-12-02,SHORT,102.49,103.12,-214.56,-135.61,1
2004-12-02,2004-12-03,SHORT,103.08,102.11,-152.74,147.85,1
2004-12-03,2004-12-06,SHORT,102.07,103.15,-122.97,-133.06,3
2004-12-06,2004-12-08,SHORT,103.11,104.05,-107.3,-101.08,2
2004-12-08,2004-12-09,SHORT,104.01,104.7,-105.55,-73.05,1
2004-12-09,2004-12-10,LONG,104.7,105.0,164.3,48.94,1
2004-12-10,2004-12-13,LONG,105.04,104.67,166.28,-61.87,3
2004-12-13,2004-12-14,LONG,104.71,105.18,112.76,52.76,1
2004-12-14,2004-12-15,LONG,105.22,104.23,146.8,-145.64,1
2004-12-15,2004-12-16,SHORT,104.23,104.6,-95.21,-35.43,1
2004-12-16,2004-12-17,LONG,104.6,104.13,91.66,-43.27,1
2004-12-17,2004-12-20,SHORT,104.13,104.17,-125.18,-5.27,3
2004-12-20,2004-12-21,SHORT,104.13,104.32,-92.95,-17.85,1
2004-12-21,2004-12-22,SHORT,104.28,104.18,-107.53,10.53,1
2004-12-22,2004-12-23,SHORT,104.14,103.57,-95.61,54.3,1
2004-12-23,2004-12-24,SHORT,103.53,103.67,-121.15,-17.21,1
2004-12-24,2004-12-27,SHORT,103.63,102.91,-167.57,120.31,3
2004-12-27,2004-12-28,SHORT,102.87,103.21,-188.49,-64.48,1
2004-12-28,2004-12-29,SHORT,103.17,103.96,-247.46,-196.0,1
2004-12-29,2004-12-30,SHORT,103.92,102.93,-115.77,114.38,1
2004-12-30,2004-12-31,SHORT,102.89,102.53,-183.3,65.61,1
2004-12-31,2005-01-03,SHORT,102.49,102.76,-185.1,-50.36,3
2005-01-03,2005-01-04,SHORT,102.72,104.36,-151.34,-248.51,1
2005-01-04,2005-01-05,LONG,104.36,103.91,114.31,-51.68,1
2005-01-05,2005-01-06,SHORT,103.91,104.91,-116.87,-117.12,1
2005-01-06,2005-01-07,LONG,104.91,104.87,111.83,-4.71,1
2005-01-07,2005-01-10,LONG,104.91,104.15,106.95,-81.5,3
2005-01-10,2005-01-11,SHORT,104.15,103.44,-107.45,76.07,1
2005-01-11,2005-01-12,SHORT,103.4,102.46,-103.17,96.77,1
2005-01-12,2005-01-13,SHORT,102.42,102.48,-98.48,-6.11,1
2005-01-13,2005-01-18,SHORT,102.44,102.28,-97.34,15.37,5
2005-01-18,2005-01-19,SHORT,102.24,102.93,-177.11,-122.57,1
2005-01-19,2005-01-20,SHORT,102.89,103.39,-100.3,-50.36,1
2005-01-20,2005-01-21,SHORT,103.35,102.63,-136.64,98.1,1
2005-01-21,2005-01-24,SHORT,102.59,102.6,-171.97,-2.07,3
2005-01-24,2005-01-25,SHORT,102.56,104.04,-156.37,-231.75,1
2005-01-25,2005-01-26,LONG,104.04,103.05,104.2,-103.37,1
2005-01-26,2005-01-27,SHORT,103.05,102.87,-103.65,18.44,1
2005-01-27,2005-01-28,SHORT,102.83,102.75,-104.46,8.14,1
2005-01-28,2005-01-31,SHORT,102.71,103.62,-104.75,-95.54,3
2005-01-31,2005-02-01,SHORT,103.58,103.66,-105.29,-8.64,1
2005-02-01,2005-02-02,SHORT,103.62,103.68,-111.24,-6.91,1
2005-02-02,2005-02-03,SHORT,103.64,104.48,-109.7,-92.37,1
2005-02-03,2005-02-04,LONG,104.48,104.02,111.68,-51.61,1
2005-02-04,2005-02-07,LONG,104.06,104.8,125.94,92.93,3
2005-02-07,2005-02-08,LONG,104.84,105.69,169.62,143.82,1
2005-02-08,2005-02-09,LONG,105.73,105.57,140.1,-22.71,1
2005-02-09,2005-02-10,LONG,105.61,105.8,257.25,48.33,1
2005-02-10,2005-02-11,LONG,105.84,105.73,302.87,-33.96,1
2005-02-11,2005-02-14,LONG,105.77,105.08,314.19,-217.45,3
2005-02-14,2005-02-15,LONG,105.12,104.53,171.93,-101.8,1
2005-02-15,2005-02-16,SHORT,104.53,105.5,-116.75,-113.49,1
2005-02-16,2005-02-17,LONG,105.5,105.46,155.91,-6.57,1
2005-02-17,2005-02-18,LONG,105.5,105.61,118.23,12.75,1
2005-02-18,2005-02-21,LONG,105.65,105.42,177.52,-41.2,3
2005-02-21,2005-02-22,LONG,105.46,104.21,123.92,-155.16,1
2005-02-22,2005-02-23,SHORT,104.21,105.07,-164.3,-141.64,1
2005-02-23,2005-02-24,SHORT,105.03,105.52,-114.73,-56.46,1
2005-02-24,2005-02-28,LONG,105.52,104.51,115.71,-117.11,4
2005-02-28,2005-03-01,SHORT,104.51,104.47,-119.99,4.55,1
2005-03-01,2005-03-02,SHORT,104.43,104.79,-120.57,-43.66,1
2005-03-02,2005-03-03,SHORT,104.75,105.31,-127.16,-71.48,1
2005-03-03,2005-03-04,LONG,105.31,104.77,124.31,-67.39,1
2005-03-04,2005-03-07,SHORT,104.77,105.11,-123.49,-42.25,3
2005-03-07,2005-03-08,LONG,105.11,104.55,125.92,-70.78,1
2005-03-08,2005-03-09,SHORT,104.55,104.03,-128.97,66.79,1
2005-03-09,2005-03-10,SHORT,103.99,103.95,-123.83,4.7,1
2005-03-10,2005-03-11,SHORT,103.91,104.1,-203.69,-39.13,1
2005-03-11,2005-03-14,SHORT,104.06,104.95,-152.56,-136.1,3
2005-03-14,2005-03-15,SHORT,104.91,104.56,-126.95,44.17,1
2005-03-15,2005-03-16,SHORT,104.52,104.21,-127.99,39.41,1
2005-03-16,2005-03-17,SHORT,104.17,104.55,-130.17,-49.74,1
2005-03-17,2005-03-18,SHORT,104.51,104.73,-127.32,-28.28,1
2005-03-18,2005-03-21,SHORT,104.69,105.23,-135.11,-73.24,3
2005-03-21,2005-03-22,LONG,105.23,105.58,131.66,45.8,1
2005-03-22,2005-03-23,LONG,105.62,105.89,141.33,37.86,1
2005-03-23,2005-03-24,LONG,105.93,106.4,272.82,127.64,1
2005-03-24,2005-03-25,LONG,106.44,106.34,334.67,-34.18,1
2005-03-25,2005-03-28,LONG,106.38,107.22,331.15,277.45,3
2005-03-28,2005-03-29,LONG,107.26,107.31,329.66,15.78,1
2005-03-29,2005-03-30,LONG,107.35,107.51,450.6,71.13,1
2005-03-30,2005-03-31,LONG,107.55,107.12,565.48,-244.37,1
2005-03-31,2005-04-01,LONG,107.16,107.64,419.6,200.51,1
2005-04-01,2005-04-04,LONG,107.68,108.26,449.93,259.98,3
2005-04-04,2005-04-05,LONG,108.3,108.25,456.79,-23.83,1
2005-04-05,2005-04-06,LONG,108.29,108.66,439.2,161.55,1
2005-04-06,2005-04-07,LONG,108.7,108.57,435.58,-57.57,1
2005-04-07,2005-04-08,LONG,108.61,108.14,377.17,-178.08,1
2005-04-08,2005-04-11,LONG,108.18,107.71,283.69,-133.94,3
2005-04-11,2005-04-12,SHORT,107.71,107.82,-142.24,-15.95,1
2005-04-12,2005-04-13,SHORT,107.78,107.34,-141.68,62.04,1
2005-04-13,2005-04-14,SHORT,107.3,108.32,-141.12,-144.25,1
2005-04-14,2005-04-15,LONG,108.32,107.69,149.05,-94.23,1
2005-04-15,2005-04-18,SHORT,107.69,107.45,-128.74,30.62,3
2005-04-18,2005-04-19,SHORT,107.41,106.88,-127.26,67.17,1
2005-04-19,2005-04-20,SHORT,106.84,106.87,-162.03,-5.21,1
2005-04-20,2005-04-21,SHORT,106.83,106.79,-232.46,8.8,1
2005-04-21,2005-04-22,SHORT,106.75,105.97,-236.93,184.3,1
2005-04-22,2005-04-25,SHORT,105.93,105.73,-253.6,50.18,3
2005-04-25,2005-04-26,SHORT,105.69,106.14,-247.93,-112.1,1
2005-04-26,2005-04-27,SHORT,106.1,105.95,-196.0,28.99,1
2005-04-27,2005-04-28,SHORT,105.91,106.06,-173.65,-26.42,1
2005-04-28,2005-04-29,SHORT,106.02,104.67,-360.1,485.38,1
2005-04-29,2005-05-02,SHORT,104.63,105.12,-374.33,-184.21,3
2005-05-02,2005-05-03,SHORT,105.08,104.89,-277.24,52.09,1
2005-05-03,2005-05-04,SHORT,104.85,104.54,-262.06,80.69,1
2005-05-04,2005-05-05,SHORT,104.5,104.53,-291.42,-9.35,1
2005-05-05,2005-05-06,SHORT,104.49,105.09,-304.31,-183.23,1
2005-05-06,2005-05-09,SHORT,105.05,105.73,-143.64,-97.98,3
2005-05-09,2005-05-10,SHORT,105.69,105.48,-145.56,30.26,1
2005-05-10,2005-05-11,SHORT,105.44,105.77,-149.82,-49.76,1
2005-05-11,2005-05-12,SHORT,105.73,106.84,-147.09,-163.59,1
2005-05-12,2005-05-13,LONG,106.84,107.29,146.52,65.62,1
2005-05-13,2005-05-16,LONG,107.33,106.83,351.26,-176.38,3
2005-05-16,2005-05-17,LONG,106.87,107.41,219.81,118.22,1
2005-05-17,2005-05-18,LONG,107.45,106.99,289.57,-133.82,1
2005-05-18,2005-05-19,LONG,107.03,107.58,267.6,146.6,1
2005-05-19,2005-05-20,LONG,107.62,108.13,317.5,161.24,1
2005-05-20,2005-05-23,LONG,108.17,107.74,312.5,-135.05,3
2005-05-23,2005-05-24,LONG,107.78,107.57,212.88,-45.16,1
2005-05-24,2005-05-25,LONG,107.61,107.66,229.24,10.97,1
2005-05-25,2005-05-26,LONG,107.7,108.01,212.94,65.55,1
2005-05-26,2005-05-27,LONG,108.05,107.96,156.43,-14.42,1
2005-05-27,2005-05-30,LONG,108.0,107.94,135.87,-8.45,3
2005-05-30,2005-05-31,LONG,107.98,108.38,191.03,76.0,1
2005-05-31,2005-06-01,LONG,108.42,108.64,175.35,38.2,1
2005-06-01,2005-06-02,LONG,108.68,108.19,330.69,-162.76,1
2005-06-02,2005-06-03,LONG,108.23,107.62,147.97,-90.58,1
2005-06-03,2005-06-06,SHORT,107.62,106.89,-152.01,110.64,3
2005-06-06,2005-06-07,SHORT,106.85,106.65,-168.7,33.38,1
2005-06-07,2005-06-08,SHORT,106.61,107.24,-187.1,-118.27,1
2005-06-08,2005-06-09,SHORT,107.2,107.5,-155.84,-47.09,1
2005-06-09,2005-06-10,SHORT,107.46,108.67,-160.77,-194.88,1
2005-06-10,2005-06-13,LONG,108.67,109.43,150.1,113.75,3
2005-06-13,2005-06-14,LONG,109.47,109.38,151.23,-13.94,1
2005-06-14,2005-06-15,LONG,109.42,109.15,142.0,-38.65,1
2005-06-15,2005-06-16,LONG,109.19,108.94,142.61,-35.96,1
2005-06-16,2005-06-17,LONG,108.98,108.51,138.33,-65.32,1
2005-06-17,2005-06-20,LONG,108.55,109.33,136.46,106.14,3
2005-06-20,2005-06-21,LONG,109.37,108.39,278.05,-273.09,1
2005-06-21,2005-06-22,LONG,108.43,108.74,164.3,50.58,1
2005-06-22,2005-06-23,LONG,108.78,108.9,146.6,17.27,1
2005-06-23,2005-06-24,LONG,108.94,108.95,142.15,1.11,1
2005-06-24,2005-06-29,LONG,108.99,110.42,134.58,192.15,5
2005-06-29,2005-06-30,LONG,110.46,110.84,154.12,58.22,1
2005-06-30,2005-07-01,LONG,110.88,111.72,230.21,192.86,1
2005-07-01,2005-07-04,LONG,111.76,111.54,358.38,-79.64,3
2005-07-04,2005-07-05,LONG,111.58,111.53,284.65,-14.87,1
2005-07-05,2005-07-06,LONG,111.57,112.23,507.32,333.69,1
2005-07-06,2005-07-07,LONG,112.27,111.98,507.64,-148.35,1
2005-07-07,2005-07-08,LONG,112.02,112.24,427.85,93.17,1
2005-07-08,2005-07-11,LONG,112.28,111.68,448.44,-270.07,3
2005-07-11,2005-07-12,LONG,111.72,110.94,332.53,-260.11,1
2005-07-12,2005-07-13,SHORT,110.94,112.03,-150.18,-164.04,1
2005-07-13,2005-07-14,LONG,112.03,112.26,170.91,38.93,1
2005-07-14,2005-07-15,LONG,112.3,112.19,155.94,-17.5,1
2005-07-15,2005-07-18,LONG,112.23,111.87,132.35,-47.94,3
2005-07-18,2005-07-19,LONG,111.91,112.88,131.11,126.88,1
2005-07-19,2005-07-20,LONG,112.92,112.71,132.09,-28.04,1
2005-07-20,2005-07-21,LONG,112.75,110.41,125.94,-294.99,1
2005-07-21,2005-07-22,SHORT,110.41,111.32,-109.2,-99.61,1
2005-07-22,2005-07-25,SHORT,111.28,111.66,-104.25,-39.85,3
2005-07-25,2005-07-26,SHORT,111.62,112.53,-104.2,-95.05,1
2005-07-26,2005-07-27,LONG,112.53,112.43,102.14,-10.44,1
2005-07-27,2005-08-02,LONG,112.47,111.37,103.05,-113.59,6
2005-08-02,2005-08-03,SHORT,111.37,111.12,-103.72,25.7,1
2005-08-03,2005-08-04,SHORT,111.08,111.25,-108.37,-18.66,1
2005-08-04,2005-08-05,SHORT,111.21,111.82,-100.75,-61.69,1
2005-08-05,2005-08-08,LONG,111.82,112.06,99.8,23.73,3
2005-08-08,2005-08-09,LONG,112.1,111.76,100.78,-34.49,1
2005-08-09,2005-08-10,LONG,111.8,110.63,104.58,-122.59,1
2005-08-10,2005-08-11,SHORT,110.63,109.72,-205.13,186.22,1
2005-08-11,2005-08-12,SHORT,109.68,109.36,-245.95,78.17,1
2005-08-12,2005-08-15,SHORT,109.32,109.35,-286.92,-9.24,3
2005-08-15,2005-08-16,SHORT,109.31,109.62,-290.75,-90.77,1
2005-08-16,2005-08-17,SHORT,109.58,109.87,-203.54,-59.47,1
2005-08-17,2005-08-18,SHORT,109.83,110.48,-145.65,-94.99,1
2005-08-18,2005-08-19,SHORT,110.44,110.46,-121.03,-2.69,1
2005-08-19,2005-08-22,SHORT,110.42,109.71,-165.08,116.84,3
2005-08-22,2005-08-23,SHORT,109.67,109.88,-261.14,-55.41,1
2005-08-23,2005-08-24,SHORT,109.84,110.25,-222.55,-91.74,1
2005-08-24,2005-08-25,SHORT,110.21,110.09,-130.15,15.33,1
2005-08-25,2005-08-26,SHORT,110.05,110.18,-134.07,-17.72,1
2005-08-26,2005-08-29,SHORT,110.14,110.69,-163.28,-90.16,3
2005-08-29,2005-08-30,SHORT,110.65,111.37,-216.8,-156.58,1
2005-08-30,2005-08-31,LONG,111.37,110.63,257.28,-190.96,1
2005-08-31,2005-09-01,SHORT,110.63,109.91,-129.92,93.26,1
2005-09-01,2005-09-02,SHORT,109.87,109.82,-123.1,5.88,1
2005-09-02,2005-09-05,SHORT,109.78,109.34,-120.69,52.84,3
2005-09-05,2005-09-09,SHORT,109.3,109.64,-117.2,-40.11,4
2005-09-09,2005-09-12,SHORT,109.6,110.27,-114.68,-77.09,3
2005-09-12,2005-09-13,SHORT,110.23,110.73,-109.05,-54.77,1
2005-09-13,2005-09-14,SHORT,110.69,110.49,-108.98,21.55,1
2005-09-14,2005-09-15,SHORT,110.45,110.62,-106.95,-18.42,1
2005-09-15,2005-09-16,SHORT,110.58,111.34,-110.29,-84.07,1
2005-09-16,2005-09-19,LONG,111.34,111.45,140.91,15.19,3
2005-09-19,2005-09-20,LONG,111.49,111.94,224.51,100.53,1
2005-09-20,2005-09-22,LONG,111.98,111.61,243.23,-90.54,2
2005-09-22,2005-09-23,LONG,111.65,112.46,172.5,139.34,1
2005-09-23,2005-09-26,LONG,112.5,112.3,187.17,-37.86,3
2005-09-26,2005-09-27,LONG,112.34,113.23,314.32,279.03,1
2005-09-27,2005-09-28,LONG,113.27,112.89,312.67,-119.52,1
2005-09-28,2005-09-29,LONG,112.93,113.18,240.79,59.65,1
2005-09-29,2005-09-30,LONG,113.22,113.44,295.37,64.31,1
2005-09-30,2005-10-03,LONG,113.48,114.23,312.86,233.93,3
2005-10-03,2005-10-04,LONG,114.27,114.33,325.51,18.79,1
2005-10-04,2005-10-05,LONG,114.37,114.08,337.51,-98.65,1
2005-10-05,2005-10-06,LONG,114.12,113.32,267.12,-214.3,1
2005-10-06,2005-10-07,LONG,113.36,113.76,184.02,73.19,1
2005-10-07,2005-10-10,LONG,113.8,114.2,156.55,62.26,3
2005-10-10,2005-10-11,LONG,114.24,114.53,210.4,60.54,1
2005-10-11,2005-10-12,LONG,114.57,114.35,166.82,-37.08,1
2005-10-12,2005-10-13,LONG,114.39,114.46,203.01,13.75,1
2005-10-13,2005-10-14,LONG,114.5,114.03,198.24,-93.62,1
2005-10-14,2005-10-17,LONG,114.07,115.08,134.58,135.61,3
2005-10-17,2005-10-18,LONG,115.12,115.77,132.85,86.05,1
2005-10-18,2005-10-19,LONG,115.81,115.5,159.52,-49.82,1
2005-10-19,2005-10-20,LONG,115.54,115.29,155.04,-39.12,1
2005-10-20,2005-10-21,LONG,115.33,115.88,249.55,136.68,1
2005-10-21,2005-10-24,LONG,115.92,115.45,257.54,-121.64,3
2005-10-24,2005-10-25,LONG,115.49,115.09,145.32,-58.46,1
2005-10-25,2005-10-26,LONG,115.13,115.89,121.62,92.15,1
2005-10-26,2005-10-27,LONG,115.93,115.34,152.83,-90.52,1
2005-10-27,2005-10-28,LONG,115.38,115.55,116.81,19.59,1
2005-10-28,2005-10-31,LONG,115.59,116.42,139.21,115.22,3
2005-10-31,2005-11-01,LONG,116.46,116.74,124.16,34.47,1
2005-11-01,2005-11-02,LONG,116.78,116.78,116.31,-0.27,1
2005-11-02,2005-11-03,LONG,116.82,117.2,139.92,52.84,1
2005-11-03,2005-11-04,LONG,117.24,118.29,206.71,216.56,1
2005-11-04,2005-11-07,LONG,118.33,117.6,240.24,-175.94,3
2005-11-07,2005-11-08,LONG,117.64,117.38,203.48,-53.38,1
2005-11-08,2005-11-09,LONG,117.42,117.72,219.78,65.42,1
2005-11-09,2005-11-10,LONG,117.76,117.94,186.03,33.05,1
2005-11-10,2005-11-11,LONG,117.98,118.02,288.62,10.86,1
2005-11-11,2005-11-14,LONG,118.06,118.77,289.98,205.2,3
2005-11-14,2005-11-15,LONG,118.81,118.83,285.97,5.04,1
2005-11-15,2005-11-16,LONG,118.87,119.08,279.86,58.1,1
2005-11-16,2005-11-17,LONG,119.12,118.79,309.38,-102.83,1
2005-11-17,2005-11-18,LONG,118.83,119.07,219.35,52.12,1
2005-11-18,2005-11-21,LONG,119.11,119.06,144.25,-7.55,3
2005-11-21,2005-11-22,LONG,119.1,118.84,322.52,-84.62,1
2005-11-22,2005-11-23,LONG,118.88,118.74,310.37,-44.19,1
2005-11-23,2005-11-24,LONG,118.78,119.09,236.35,72.71,1
2005-11-24,2005-11-25,LONG,119.13,119.62,265.31,129.36,1
2005-11-25,2005-11-28,LONG,119.66,118.88,319.41,-249.9,3
2005-11-28,2005-11-29,LONG,118.92,119.73,132.95,107.37,1
2005-11-29,2005-11-30,LONG,119.77,119.7,132.29,-9.58,1
2005-11-30,2005-12-01,LONG,119.74,120.39,134.55,87.14,1
2005-12-01,2005-12-02,LONG,120.43,120.43,218.15,-0.53,1
2005-12-02,2005-12-05,LONG,120.47,120.82,198.79,69.1,3
2005-12-05,2005-12-06,LONG,120.86,120.66,227.65,-46.08,1
2005-12-06,2005-12-07,LONG,120.7,121.01,239.95,73.8,1
2005-12-07,2005-12-08,LONG,121.05,120.37,286.33,-195.39,1
2005-12-08,2005-12-09,LONG,120.41,120.62,145.18,30.14,1
2005-12-09,2005-12-13,LONG,120.66,120.02,130.67,-83.94,4
2005-12-13,2005-12-14,LONG,120.06,117.53,123.47,-312.68,1
2005-12-14,2005-12-15,SHORT,117.53,116.34,-147.21,174.84,1
2005-12-15,2005-12-16,SHORT,116.3,115.66,-234.99,149.85,1
2005-12-16,2005-12-19,SHORT,115.62,116.07,-261.91,-118.47,3
2005-12-19,2005-12-20,SHORT,116.03,117.26,-259.22,-319.44,1
2005-12-20,2005-12-21,SHORT,117.22,117.5,-154.33,-43.58,1
2005-12-21,2005-12-22,SHORT,117.46,116.69,-164.62,126.38,1
2005-12-22,2005-12-23,SHORT,116.65,116.38,-166.97,44.69,1
2005-12-23,2005-12-26,SHORT,116.34,116.62,-193.2,-54.55,3
2005-12-26,2005-12-27,SHORT,116.58,117.34,-160.1,-122.05,1
2005-12-27,2005-12-28,SHORT,117.3,117.74,-119.62,-52.91,1
2005-12-28,2005-12-29,SHORT,117.7,117.83,-92.04,-12.18,1
2005-12-29,2005-12-30,SHORT,117.79,118.0,-108.57,-23.06,1
2005-12-30,2006-01-02,SHORT,117.96,117.82,-194.71,26.8,3
2006-01-02,2006-01-03,SHORT,117.78,116.0,-156.09,277.48,1
2006-01-03,2006-01-04,SHORT,115.96,116.24,-108.02,-30.5,1
2006-01-04,2006-01-05,SHORT,116.2,116.02,-116.29,20.66,1
2006-01-05,2006-01-06,SHORT,115.98,114.41,-117.03,183.47,1
2006-01-06,2006-01-09,SHORT,114.37,114.56,-150.29,-28.9,3
2006-01-09,2006-01-10,SHORT,114.52,114.47,-164.32,7.84,1
2006-01-10,2006-01-11,SHORT,114.43,114.3,-258.95,33.07,1
2006-01-11,2006-01-12,SHORT,114.26,114.65,-332.36,-130.38,1
2006-01-12,2006-01-13,SHORT,114.61,114.24,-280.83,103.26,1
2006-01-13,2006-01-16,SHORT,114.2,115.14,-314.64,-296.49,3
2006-01-16,2006-01-17,SHORT,115.1,115.605,-189.6,-96.19,1
2006-01-17,2006-01-18,SHORT,115.565,115.28,-102.72,29.04,1
2006-01-18,2006-01-19,SHORT,115.24,115.52,-97.46,-27.51,1
2006-01-19,2006-01-20,SHORT,115.48,115.29,-100.21,18.81,1
2006-01-20,2006-01-23,SHORT,115.25,114.49,-104.46,79.15,3
2006-01-23,2006-01-24,SHORT,114.45,115.06,-105.27,-64.45,1
2006-01-24,2006-01-25,SHORT,115.02,115.79,-105.71,-81.64,1
2006-01-25,2006-01-26,SHORT,115.75,116.31,-120.46,-67.74,1
2006-01-26,2006-01-27,SHORT,116.27,117.42,-139.1,-160.29,1
2006-01-27,2006-01-30,LONG,117.42,117.6,228.77,40.64,3
2006-01-30,2006-01-31,LONG,117.64,117.29,201.53,-71.01,1
2006-01-31,2006-02-01,LONG,117.33,117.95,141.78,87.57,1
2006-02-01,2006-02-02,LONG,117.99,118.495,210.68,105.89,1
2006-02-02,2006-02-03,LONG,118.535,118.87,219.45,73.0,1
2006-02-03,2006-02-06,LONG,118.91,119.05,262.91,36.18,3
2006-02-06,2006-02-07,LONG,119.09,117.71,392.57,-542.66,1
2006-02-07,2006-02-08,SHORT,117.71,118.51,-190.77,-153.06,1
2006-02-08,2006-02-09,LONG,118.51,118.69,185.01,32.86,1
2006-02-09,2006-02-10,LONG,118.73,117.81,174.52,-160.97,1
2006-02-10,2006-02-16,SHORT,117.81,117.48,-97.07,31.81,6
2006-02-16,2006-02-17,SHORT,117.44,118.16,-102.79,-74.25,1
2006-02-17,2006-02-20,LONG,118.16,118.34,98.47,17.49,3
2006-02-20,2006-02-21,LONG,118.38,118.765,103.08,39.44,1
2006-02-21,2006-02-22,LONG,118.805,118.39,106.55,-44.47,1
2006-02-22,2006-02-23,LONG,118.43,117.05,107.91,-149.17,1
2006-02-23,2006-02-24,SHORT,117.05,116.86,-132.41,24.85,1
2006-02-24,2006-02-27,SHORT,116.82,116.23,-103.39,60.76,3
2006-02-27,2006-02-28,SHORT,116.19,115.81,-117.25,44.28,1
2006-02-28,2006-03-01,SHORT,115.77,116.08,-151.68,-47.37,1
2006-03-01,2006-03-02,SHORT,116.04,115.86,-158.23,28.12,1
2006-03-02,2006-03-03,SHORT,115.82,116.43,-157.8,-96.62,1
2006-03-03,2006-03-06,SHORT,116.39,117.61,-171.43,-209.54,3
2006-03-06,2006-03-07,SHORT,117.57,117.79,-107.34,-23.87,1
2006-03-07,2006-03-08,SHORT,117.75,117.84,-112.64,-10.4,1
2006-03-08,2006-03-09,SHORT,117.8,118.22,-114.31,-48.28,1
2006-03-09,2006-03-10,LONG,118.22,118.98,126.62,95.93,1
2006-03-10,2006-03-13,LONG,119.02,118.64,201.99,-77.23,3
2006-03-13,2006-03-14,LONG,118.68,117.66,244.13,-249.58,1
2006-03-14,2006-03-15,SHORT,117.66,117.54,-155.98,18.35,1
2006-03-15,2006-03-16,SHORT,117.5,116.9,-132.95,79.46,1
2006-03-16,2006-03-17,SHORT,116.86,115.93,-106.55,98.84,1
2006-03-17,2006-03-20,SHORT,115.89,116.39,-107.39,-53.94,3
2006-03-20,2006-03-21,SHORT,116.35,117.24,-107.48,-95.91,1
2006-03-21,2006-03-22,SHORT,117.2,116.89,-104.49,32.15,1
2006-03-22,2006-03-23,SHORT,116.85,117.85,-104.22,-104.47,1
2006-03-23,2006-03-24,SHORT,117.81,117.47,-101.89,34.4,1
2006-03-24,2006-03-27,SHORT,117.43,116.75,-107.6,72.92,3
2006-03-27,2006-03-28,SHORT,116.71,117.78,-120.93,-129.68,1
2006-03-28,2006-03-31,SHORT,117.74,117.78,-94.14,-3.99,3
2006-03-31,2006-04-03,SHORT,117.74,117.82,-127.94,-10.54,3
2006-04-03,2006-04-04,SHORT,117.78,117.46,-109.46,34.77,1
2006-04-04,2006-04-05,SHORT,117.42,117.46,-99.88,-4.23,1
2006-04-05,2006-04-06,SHORT,117.42,117.8,-100.33,-38.36,1
2006-04-06,2006-04-07,SHORT,117.76,118.26,-103.74,-52.11,1
2006-04-07,2006-04-10,LONG,118.26,118.39,103.89,13.26,3
2006-04-10,2006-04-11,LONG,118.43,118.19,214.8,-52.06,1
2006-04-11,2006-04-12,LONG,118.23,118.39,106.76,16.83,1
2006-04-12,2006-04-13,LONG,118.43,118.52,110.2,9.66,1
2006-04-13,2006-04-14,LONG,118.56,118.66,241.43,23.57,1
2006-04-14,2006-04-17,LONG,118.7,117.79,226.72,-206.85,3
2006-04-17,2006-04-18,SHORT,117.79,116.9,-132.39,117.51,1
2006-04-18,2006-04-19,SHORT,116.86,117.38,-125.22,-65.41,1
2006-04-19,2006-04-20,SHORT,117.34,117.43,-120.82,-11.16,1
2006-04-20,2006-04-21,SHORT,117.39,116.6,-125.04,98.49,1
2006-04-21,2006-04-24,SHORT,116.56,114.62,-206.39,399.92,3
2006-04-24,2006-04-25,SHORT,114.58,114.93,-286.94,-101.09,1
2006-04-25,2006-04-26,SHORT,114.89,114.78,-250.8,27.01,1
2006-04-26,2006-04-27,SHORT,114.74,114.2,-279.2,150.13,1
2006-04-27,2006-04-28,SHORT,114.16,113.84,-303.51,96.43,1
2006-04-28,2006-05-01,SHORT,113.8,113.57,-327.07,74.48,3
2006-05-01,2006-05-02,SHORT,113.53,113.38,-300.03,44.33,1
2006-05-02,2006-05-03,SHORT,113.34,113.81,-281.32,-132.86,1
2006-05-03,2006-05-04,SHORT,113.77,113.605,-279.26,45.44,1
2006-05-04,2006-05-05,SHORT,113.565,112.58,-276.9,272.13,1
2006-05-05,2006-05-08,SHORT,112.54,111.7,-271.32,227.3,3
2006-05-08,2006-05-09,SHORT,111.66,111.03,-243.31,152.74,1
2006-05-09,2006-05-10,SHORT,110.99,110.85,-304.56,41.96,1
2006-05-10,2006-05-11,SHORT,110.81,110.44,-292.96,107.75,1
2006-05-11,2006-05-12,SHORT,110.4,109.99,-288.52,117.66,1
2006-05-12,2006-05-15,SHORT,109.95,110.72,-311.42,-240.48,3
2006-05-15,2006-05-16,SHORT,110.68,109.78,-200.21,179.75,1
2006-05-16,2006-05-17,SHORT,109.74,110.93,-214.17,-255.34,1
2006-05-17,2006-05-18,SHORT,110.89,110.92,-143.44,-4.62,1
2006-05-18,2006-05-19,SHORT,110.88,111.68,-137.22,-110.09,1
2006-05-19,2006-05-22,SHORT,111.64,111.48,-80.83,12.75,3
2006-05-22,2006-05-23,SHORT,111.44,112.16,-77.58,-56.04,1
2006-05-23,2006-05-24,LONG,112.16,112.72,75.61,42.17,1
2006-05-24,2006-05-25,LONG,112.76,111.74,95.51,-97.63,1
2006-05-25,2006-05-26,SHORT,111.74,112.67,-75.99,-70.84,1
2006-05-26,2006-05-29,LONG,112.67,112.54,119.14,-15.76,3
2006-05-29,2006-05-30,LONG,112.58,112.13,93.23,-42.16,1
2006-05-30,2006-05-31,LONG,112.17,112.51,130.74,44.16,1
2006-05-31,2006-06-01,LONG,112.55,112.46,103.72,-9.57,1
2006-06-01,2006-06-02,LONG,112.5,111.71,101.8,-80.65,1
2006-06-02,2006-06-05,SHORT,111.71,112.36,-80.25,-52.34,3
2006-06-05,2006-06-06,LONG,112.36,113.195,81.96,68.25,1
2006-06-06,2006-06-07,LONG,113.235,113.41,85.89,14.84,1
2006-06-07,2006-06-08,LONG,113.45,113.915,86.39,39.98,1
2006-06-08,2006-06-09,LONG,113.955,113.94,161.69,-2.79,1
2006-06-09,2006-06-12,LONG,113.98,114.36,126.22,47.67,3
2006-06-12,2006-06-13,LONG,114.4,115.22,171.31,140.08,1
2006-06-13,2006-06-14,LONG,115.26,114.84,266.11,-112.38,1
2006-06-14,2006-06-15,LONG,114.88,114.695,205.06,-38.41,1
2006-06-15,2006-06-16,LONG,114.735,115.12,204.1,78.11,1
2006-06-16,2006-06-19,LONG,115.16,115.36,332.16,65.67,3
2006-06-19,2006-06-20,LONG,115.4,114.88,336.41,-175.71,1
2006-06-20,2006-06-21,LONG,114.92,114.815,207.73,-22.29,1
2006-06-21,2006-06-22,LONG,114.855,116.06,183.21,220.34,1
2006-06-22,2006-06-23,LONG,116.1,116.52,231.46,96.67,1
2006-06-23,2006-06-26,LONG,116.56,116.2,253.23,-91.75,3
2006-06-26,2006-06-27,LONG,116.24,116.3,199.96,11.53,1
2006-06-27,2006-06-28,LONG,116.34,116.38,139.89,5.27,1
2006-06-28,2006-06-29,LONG,116.42,115.13,233.45,-301.69,1
2006-06-29,2006-06-30,SHORT,115.13,114.51,-121.95,75.33,1
2006-06-30,2006-07-03,SHORT,114.47,114.77,-117.44,-35.5,3
2006-07-03,2006-07-04,SHORT,114.73,115.115,-120.49,-46.67,1
2006-07-04,2006-07-05,SHORT,115.075,115.59,-121.53,-62.87,1
2006-07-05,2006-07-06,LONG,115.59,115.24,114.83,-40.46,1
2006-07-06,2006-07-07,SHORT,115.24,113.98,-113.57,142.84,1
2006-07-07,2006-07-10,SHORT,113.94,114.32,-215.73,-82.47,3
2006-07-10,2006-07-11,SHORT,114.28,114.32,-161.41,-6.83,1
2006-07-11,2006-07-12,SHORT,114.28,115.33,-174.47,-183.6,1
2006-07-12,2006-07-13,LONG,115.33,115.32,108.64,-1.34,1
2006-07-13,2006-07-14,LONG,115.36,116.06,111.47,77.77,1
2006-07-14,2006-07-17,LONG,116.1,117.06,141.04,135.07,3
2006-07-17,2006-07-18,LONG,117.1,117.31,174.68,36.27,1
2006-07-18,2006-07-19,LONG,117.35,116.81,165.47,-89.74,1
2006-07-19,2006-07-20,LONG,116.85,116.94,105.08,9.21,1
2006-07-20,2006-07-21,LONG,116.98,116.1,139.51,-123.09,1
2006-07-21,2006-07-24,LONG,116.14,116.73,188.61,110.84,3
2006-07-24,2006-07-25,LONG,116.77,117.13,201.96,72.23,1
2006-07-25,2006-07-26,LONG,117.17,116.33,223.49,-188.25,1
2006-07-26,2006-07-27,LONG,116.37,115.73,106.46,-68.38,1
2006-07-27,2006-07-28,SHORT,115.73,114.76,-109.34,105.8,1
2006-07-28,2006-07-31,SHORT,114.72,114.53,-105.35,19.78,3
2006-07-31,2006-08-01,SHORT,114.49,114.58,-200.83,-18.53,1
2006-08-01,2006-08-02,SHORT,114.54,114.58,-236.2,-9.99,1
2006-08-02,2006-08-03,SHORT,114.54,115.06,-211.92,-110.69,1
2006-08-03,2006-08-04,SHORT,115.02,114.5,-170.42,88.23,1
2006-08-04,2006-08-07,SHORT,114.46,115.13,-150.47,-101.16,3
2006-08-07,2006-08-08,SHORT,115.09,115.71,-148.07,-92.14,1
2006-08-08,2006-08-09,SHORT,115.67,115.38,-127.82,36.77,1
2006-08-09,2006-08-10,SHORT,115.34,115.18,-105.38,16.62,1
2006-08-10,2006-08-11,SHORT,115.14,116.3,-107.59,-125.05,1
2006-08-11,2006-08-14,LONG,116.3,116.58,152.98,42.48,3
2006-08-14,2006-08-15,LONG,116.62,115.92,207.35,-145.63,1
2006-08-15,2006-08-16,LONG,115.96,115.855,120.69,-12.95,1
2006-08-16,2006-08-17,SHORT,115.855,115.92,-116.74,-7.86,1
2006-08-17,2006-08-18,SHORT,115.88,115.79,-113.35,9.94,1
2006-08-18,2006-08-21,SHORT,115.75,115.99,-144.76,-35.08,3
2006-08-21,2006-08-22,LONG,115.99,116.45,115.85,53.02,1
2006-08-22,2006-08-23,LONG,116.49,116.37,113.21,-13.85,1
2006-08-23,2006-08-24,LONG,116.41,116.44,143.79,3.98,1
2006-08-24,2006-08-25,LONG,116.48,117.24,208.05,157.63,1
2006-08-25,2006-08-28,LONG,117.28,117.15,176.17,-23.32,3
2006-08-28,2006-08-29,LONG,117.19,116.685,135.84,-68.92,1
2006-08-29,2006-08-30,LONG,116.725,117.0,174.87,47.68,1
2006-08-30,2006-08-31,LONG,117.04,117.34,244.42,72.75,1
2006-08-31,2006-09-01,LONG,117.38,117.04,300.69,-102.94,1
2006-09-01,2006-09-04,LONG,117.08,116.15,251.87,-234.83,3
2006-09-04,2006-09-06,SHORT,116.15,116.58,-148.36,-64.14,2
2006-09-06,2006-09-07,LONG,116.58,116.42,150.72,-24.47,1
2006-09-07,2006-09-08,SHORT,116.42,116.97,-144.49,-79.81,1
2006-09-08,2006-09-12,LONG,116.97,117.8,140.97,116.67,4
2006-09-12,2006-09-13,LONG,117.84,117.43,162.68,-67.08,1
2006-09-13,2006-09-14,LONG,117.47,117.55,132.74,10.31,1
2006-09-14,2006-09-15,LONG,117.59,117.45,139.43,-19.85,1
2006-09-15,2006-09-18,LONG,117.49,117.87,135.98,51.35,3
2006-09-18,2006-09-19,LONG,117.91,117.58,319.19,-106.08,1
2006-09-19,2006-09-20,LONG,117.62,117.44,231.03,-42.13,1
2006-09-20,2006-09-21,LONG,117.48,116.34,155.6,-177.75,1
2006-09-21,2006-09-25,SHORT,116.34,116.495,-119.53,-18.8,4
2006-09-25,2006-09-26,SHORT,116.455,117.16,-159.9,-113.1,1
2006-09-26,2006-09-27,LONG,117.16,117.42,124.78,32.15,1
2006-09-27,2006-09-29,LONG,117.46,117.94,128.06,61.16,2
2006-09-29,2006-10-02,LONG,117.98,117.64,138.26,-47.33,3
2006-10-02,2006-10-03,LONG,117.68,118.03,135.83,47.22,1
2006-10-03,2006-10-04,LONG,118.07,117.8,134.13,-36.53,1
2006-10-04,2006-10-05,LONG,117.84,117.83,133.45,-1.65,1
2006-10-05,2006-10-06,LONG,117.87,118.99,272.19,304.2,1
2006-10-06,2006-10-09,LONG,119.03,118.97,317.2,-19.79,3
2006-10-09,2006-10-10,LONG,119.01,119.65,386.27,246.29,1
2006-10-10,2006-10-11,LONG,119.69,119.72,380.97,10.52,1
2006-10-11,2006-10-12,LONG,119.76,119.36,398.42,-160.32,1
2006-10-12,2006-10-13,LONG,119.4,119.58,282.68,50.21,1
2006-10-13,2006-10-16,LONG,119.62,118.94,277.52,-189.37,3
2006-10-16,2006-10-17,LONG,118.98,118.57,202.72,-83.59,1
2006-10-17,2006-10-18,SHORT,118.57,118.94,-147.68,-54.99,1
2006-10-18,2006-10-19,LONG,118.94,118.26,163.18,-111.35,1
2006-10-19,2006-10-23,SHORT,118.26,119.32,-139.11,-147.78,4
2006-10-23,2006-10-25,LONG,119.32,118.92,141.46,-56.92,2
2006-10-25,2006-10-26,LONG,118.96,118.36,140.32,-84.53,1
2006-10-26,2006-10-27,SHORT,118.36,117.6,-148.77,112.72,1
2006-10-27,2006-10-30,SHORT,117.56,117.63,-227.7,-16.47,3
2006-10-30,2006-10-31,SHORT,117.59,116.81,-181.85,141.41,1
2006-10-31,2006-11-01,SHORT,116.77,117.24,-200.92,-94.9,1
2006-11-01,2006-11-02,SHORT,117.2,117.12,-183.23,14.23,1
2006-11-02,2006-11-03,SHORT,117.08,118.0,-144.29,-133.09,1
2006-11-03,2006-11-06,SHORT,117.96,118.19,-124.54,-28.94,3
2006-11-06,2006-11-07,SHORT,118.15,117.61,-133.64,71.85,1
2006-11-07,2006-11-08,SHORT,117.57,117.85,-181.97,-51.38,1
2006-11-08,2006-11-09,SHORT,117.81,117.81,-129.01,-0.3,1
2006-11-09,2006-11-10,SHORT,117.77,117.54,-126.06,28.7,1
2006-11-10,2006-11-14,SHORT,117.5,117.65,-128.36,-19.56,4
2006-11-14,2006-11-15,SHORT,117.61,117.9,-140.97,-41.21,1
2006-11-15,2006-11-16,SHORT,117.86,118.24,-120.95,-46.25,1
2006-11-16,2006-11-17,SHORT,118.2,117.56,-202.57,129.17,1
2006-11-17,2006-11-20,SHORT,117.52,118.06,-125.63,-68.14,3
2006-11-20,2006-11-21,SHORT,118.02,117.88,-134.5,18.51,1
2006-11-21,2006-11-22,SHORT,117.84,116.78,-136.58,144.46,1
2006-11-22,2006-11-23,SHORT,116.74,116.3,-155.82,68.2,1
2006-11-23,2006-11-24,SHORT,116.26,115.91,-184.89,64.28,1
2006-11-24,2006-11-27,SHORT,115.87,116.13,-189.37,-49.68,3
2006-11-27,2006-11-28,SHORT,116.09,116.07,-173.35,3.06,1
2006-11-28,2006-11-29,SHORT,116.03,116.45,-179.39,-75.76,1
2006-11-29,2006-11-30,SHORT,116.41,115.7,-160.07,113.28,1
2006-11-30,2006-12-01,SHORT,115.66,115.25,-248.63,101.36,1
2006-12-01,2006-12-04,SHORT,115.21,115.39,-232.95,-42.47,3
2006-12-04,2006-12-05,SHORT,115.35,114.97,-294.56,111.26,1
2006-12-05,2006-12-06,SHORT,114.93,115.34,-295.88,-121.99,1
2006-12-06,2006-12-07,SHORT,115.3,115.16,-171.11,23.56,1
2006-12-07,2006-12-08,SHORT,115.12,116.31,-151.61,-180.77,1
2006-12-08,2006-12-11,SHORT,116.27,116.78,-104.1,-53.34,3
2006-12-11,2006-12-12,SHORT,116.74,116.72,-100.6,1.78,1
2006-12-12,2006-12-13,SHORT,116.68,117.42,-108.28,-80.38,1
2006-12-13,2006-12-14,LONG,117.42,117.74,115.98,36.84,1
2006-12-14,2006-12-15,LONG,117.78,118.13,229.9,79.92,1
2006-12-15,2006-12-18,LONG,118.17,118.03,329.13,-46.85,3
2006-12-18,2006-12-19,LONG,118.07,117.99,302.51,-24.91,1
2006-12-19,2006-12-20,LONG,118.03,118.32,392.3,112.84,1
2006-12-20,2006-12-21,LONG,118.36,118.27,407.11,-37.6,1
2006-12-21,2006-12-22,LONG,118.31,118.97,475.67,312.81,1
2006-12-22,2006-12-25,LONG,119.01,118.82,457.59,-88.03,3
2006-12-25,2006-12-26,LONG,118.86,119.1,416.78,99.04,1
2006-12-26,2006-12-27,LONG,119.14,118.75,472.36,-185.35,1
2006-12-27,2006-12-28,LONG,118.79,118.875,292.46,24.16,1
2006-12-28,2006-12-29,LONG,118.915,118.96,296.87,12.65,1
2006-12-29,2007-01-01,LONG,119.0,118.86,264.01,-37.59,3
2007-01-01,2007-01-02,LONG,118.9,118.81,273.59,-25.27,1
2007-01-02,2007-01-03,LONG,118.85,119.32,287.6,134.48,1
2007-01-03,2007-01-04,LONG,119.36,118.81,307.84,-170.04,1
2007-01-04,2007-01-05,LONG,118.85,118.67,185.63,-33.85,1
2007-01-05,2007-01-08,SHORT,118.67,118.71,-175.67,-7.44,3
2007-01-08,2007-01-09,SHORT,118.67,119.32,-170.64,-111.32,1
2007-01-09,2007-01-10,LONG,119.32,119.49,164.91,27.64,1
2007-01-10,2007-01-11,LONG,119.53,120.28,206.3,154.23,1
2007-01-11,2007-01-12,LONG,120.32,120.28,293.88,-12.46,1
2007-01-12,2007-01-15,LONG,120.32,120.4,278.3,21.59,3
2007-01-15,2007-01-16,LONG,120.44,120.77,317.79,104.1,1
2007-01-16,2007-01-17,LONG,120.81,120.6,374.31,-79.51,1
2007-01-17,2007-01-18,LONG,120.64,121.24,272.35,162.75,1
2007-01-18,2007-01-19,LONG,121.28,121.19,461.53,-42.66,1
2007-01-19,2007-01-22,LONG,121.23,121.6,484.86,178.22,3
2007-01-22,2007-01-23,LONG,121.64,121.66,489.44,8.6,1
2007-01-23,2007-01-24,LONG,121.7,120.86,492.71,-415.07,1
2007-01-24,2007-01-25,SHORT,120.86,121.64,-225.15,-176.17,1
2007-01-25,2007-01-26,LONG,121.64,121.39,212.63,-53.67,1
2007-01-26,2007-01-29,LONG,121.43,121.71,173.25,48.09,3
2007-01-29,2007-01-30,LONG,121.75,121.66,196.6,-18.17,1
2007-01-30,2007-01-31,LONG,121.7,120.72,147.53,-144.94,1
2007-01-31,2007-02-01,SHORT,120.72,120.82,-143.36,-14.68,1
2007-02-01,2007-02-02,SHORT,120.78,121.15,-140.1,-52.18,1
2007-02-02,2007-02-05,SHORT,121.11,120.21,-138.25,124.09,3
2007-02-05,2007-02-06,SHORT,120.17,120.07,-171.01,16.69,1
2007-02-06,2007-02-07,SHORT,120.03,120.605,-191.17,-110.38,1
2007-02-07,2007-02-08,SHORT,120.565,121.15,-136.32,-80.07,1
2007-02-08,2007-02-09,SHORT,121.11,121.73,-130.51,-81.23,1
2007-02-09,2007-02-14,LONG,121.73,120.29,120.15,-173.31,5
2007-02-14,2007-02-15,SHORT,120.29,119.41,-128.75,112.99,1
2007-02-15,2007-02-16,SHORT,119.37,119.43,-122.74,-7.66,1
2007-02-16,2007-02-19,SHORT,119.39,119.71,-160.39,-51.71,3
2007-02-19,2007-02-20,SHORT,119.67,120.035,-122.5,-45.01,1
2007-02-20,2007-02-22,SHORT,119.995,121.51,-126.02,-191.22,2
2007-02-22,2007-02-23,LONG,121.51,121.07,118.18,-52.28,1
2007-02-23,2007-02-26,SHORT,121.07,120.66,-121.44,49.5,3
2007-02-26,2007-02-27,SHORT,120.62,118.11,-119.37,299.33,1
2007-02-27,2007-02-28,SHORT,118.07,118.75,-173.98,-118.72,1
2007-02-28,2007-03-01,SHORT,118.71,117.74,-101.08,97.81,1
2007-03-01,2007-03-02,SHORT,117.7,117.21,-99.02,48.29,1
2007-03-02,2007-03-05,SHORT,117.17,115.61,-107.91,168.09,3
2007-03-05,2007-03-06,SHORT,115.57,116.8,-156.77,-193.2,1
2007-03-06,2007-03-07,SHORT,116.76,115.71,-111.29,116.59,1
2007-03-07,2007-03-08,SHORT,115.67,117.17,-177.36,-266.45,1
2007-03-08,2007-03-09,SHORT,117.13,118.34,-124.5,-150.94,1
2007-03-09,2007-03-12,SHORT,118.3,117.59,-74.91,53.01,3
2007-03-12,2007-03-13,SHORT,117.55,116.04,-74.74,112.68,1
2007-03-13,2007-03-14,SHORT,116.0,117.28,-71.46,-91.63,1
2007-03-14,2007-03-15,SHORT,117.24,117.17,-68.12,4.61,1
2007-03-15,2007-03-19,SHORT,117.13,117.63,-68.03,-34.17,4
2007-03-19,2007-03-20,SHORT,117.59,117.27,-70.25,22.32,1
2007-03-20,2007-03-21,SHORT,117.23,117.43,-69.67,-14.1,1
2007-03-21,2007-03-22,SHORT,117.39,118.11,-73.44,-53.05,1
2007-03-22,2007-03-23,SHORT,118.07,118.07,-74.77,-0.18,1
2007-03-23,2007-03-26,SHORT,118.03,118.14,-79.86,-8.97,3
2007-03-26,2007-03-27,SHORT,118.1,117.77,-82.31,26.97,1
2007-03-27,2007-03-28,SHORT,117.73,116.89,-136.72,114.52,1
2007-03-28,2007-03-29,SHORT,116.85,118.0,-86.47,-99.64,1
2007-03-29,2007-03-30,SHORT,117.96,117.83,-85.42,10.9,1
2007-03-30,2007-04-02,SHORT,117.79,117.78,-86.27,0.66,3
2007-04-02,2007-04-03,SHORT,117.74,118.89,-93.92,-108.23,1
2007-04-03,2007-04-04,SHORT,118.85,118.79,-134.55,7.75,1
2007-04-04,2007-04-05,SHORT,118.75,118.712,-116.18,4.14,1
2007-04-05,2007-04-06,SHORT,118.672,119.09,-107.14,-45.04,1
2007-04-06,2007-04-09,SHORT,119.05,119.24,-112.44,-21.63,3
2007-04-09,2007-04-10,SHORT,119.2,119.14,-118.88,6.85,1
2007-04-10,2007-04-11,SHORT,119.1,119.31,-161.07,-34.21,1
2007-04-11,2007-04-12,SHORT,119.27,119.02,-356.33,88.23,1
2007-04-12,2007-04-13,SHORT,118.98,119.25,-201.02,-54.76,1
2007-04-13,2007-04-16,SHORT,119.21,119.78,-262.17,-150.07,3
2007-04-16,2007-04-17,LONG,119.78,118.93,307.89,-262.44,1
2007-04-17,2007-04-19,SHORT,118.93,118.27,-126.8,83.39,2
2007-04-19,2007-04-20,SHORT,118.23,118.68,-135.72,-61.4,1
2007-04-20,2007-04-23,SHORT,118.64,118.59,-133.26,6.35,3
2007-04-23,2007-04-24,SHORT,118.55,118.5,-140.02,6.67,1
2007-04-24,2007-04-25,SHORT,118.46,118.7,-137.83,-33.41,1
2007-04-25,2007-04-26,SHORT,118.66,119.55,-137.01,-122.26,1
2007-04-26,2007-04-27,LONG,119.55,119.46,131.8,-12.18,1
2007-04-27,2007-04-30,LONG,119.5,119.34,126.32,-20.51,3
2007-04-30,2007-05-01,SHORT,119.34,119.82,-127.15,-61.33,1
2007-05-01,2007-05-02,LONG,119.82,120.14,144.31,45.83,1
2007-05-02,2007-05-03,LONG,120.18,120.34,306.93,48.37,1
2007-05-03,2007-05-04,LONG,120.38,120.25,406.8,-53.86,1
2007-05-04,2007-05-07,LONG,120.29,120.03,362.26,-95.05,3
2007-05-07,2007-05-08,LONG,120.07,119.97,333.04,-34.1,1
2007-05-08,2007-05-09,LONG,120.01,120.09,353.59,27.44,1
2007-05-09,2007-05-10,LONG,120.13,119.82,361.22,-112.85,1
2007-05-10,2007-05-11,SHORT,119.82,120.21,-156.41,-61.38,1
2007-05-11,2007-05-14,LONG,120.21,120.3,199.26,17.45,3
2007-05-14,2007-05-15,LONG,120.34,120.2,276.66,-39.4,1
2007-05-15,2007-05-16,LONG,120.24,120.7,163.13,74.64,1
2007-05-16,2007-05-17,LONG,120.74,121.271,188.97,99.88,1
2007-05-17,2007-05-18,LONG,121.311,121.04,269.49,-73.69,1
2007-05-18,2007-05-21,LONG,121.08,121.45,210.86,77.51,3
2007-05-21,2007-05-22,LONG,121.49,121.62,362.69,46.27,1
2007-05-22,2007-05-23,LONG,121.66,121.5,415.0,-67.41,1
2007-05-23,2007-05-24,LONG,121.54,121.338,352.75,-72.11,1
2007-05-24,2007-05-25,LONG,121.378,121.74,399.19,143.53,1
2007-05-25,2007-05-28,LONG,121.78,121.68,382.29,-39.16,3
2007-05-28,2007-05-29,LONG,121.72,121.57,362.26,-55.22,1
2007-05-29,2007-05-30,LONG,121.61,121.57,351.84,-14.93,1
2007-05-30,2007-05-31,LONG,121.61,121.73,286.62,33.7,1
2007-05-31,2007-06-01,LONG,121.77,122.11,190.86,64.43,1
2007-06-01,2007-06-04,LONG,122.15,121.7,407.27,-184.26,3
2007-06-04,2007-06-05,LONG,121.74,121.32,183.96,-77.71,1
2007-06-05,2007-06-06,SHORT,121.32,121.03,-180.93,52.03,1
2007-06-06,2007-06-07,SHORT,120.99,120.9,-182.94,16.02,1
2007-06-07,2007-06-08,SHORT,120.86,121.73,-180.38,-157.37,1
2007-06-08,2007-06-13,LONG,121.73,122.55,169.42,138.51,5
2007-06-13,2007-06-14,LONG,122.59,122.935,166.35,56.98,1
2007-06-14,2007-06-15,LONG,122.975,123.38,202.35,81.45,1
2007-06-15,2007-06-18,LONG,123.42,123.66,197.11,46.82,3
2007-06-18,2007-06-19,LONG,123.7,123.4,321.68,-97.3,1
2007-06-19,2007-06-20,LONG,123.44,123.45,353.02,2.66,1
2007-06-20,2007-06-21,LONG,123.49,123.72,447.65,101.85,1
2007-06-21,2007-06-22,LONG,123.76,123.67,511.68,-47.31,1
2007-06-22,2007-06-25,LONG,123.71,123.56,457.92,-69.82,3
2007-06-25,2007-06-26,LONG,123.6,123.02,420.45,-244.9,1
2007-06-26,2007-06-27,SHORT,123.02,123.17,-280.39,-42.75,1
2007-06-27,2007-06-28,LONG,123.17,123.14,160.44,-5.21,1
2007-06-28,2007-06-29,LONG,123.18,123.14,170.79,-7.25,1
2007-06-29,2007-07-02,LONG,123.18,122.21,165.82,-161.25,3
2007-07-02,2007-07-03,SHORT,122.21,122.49,-371.35,-104.89,1
2007-07-03,2007-07-04,SHORT,122.45,122.68,-266.17,-61.87,1
2007-07-04,2007-07-05,SHORT,122.64,122.97,-215.64,-71.69,1
2007-07-05,2007-07-06,SHORT,122.93,123.38,-210.52,-95.26,1
2007-07-06,2007-07-09,LONG,123.38,123.35,159.63,-5.18,3
2007-07-09,2007-07-10,LONG,123.39,121.27,158.94,-337.34,1
2007-07-10,2007-07-11,SHORT,121.27,122.29,-213.47,-218.26,1
2007-07-11,2007-07-12,SHORT,122.25,122.42,-117.51,-20.27,1
2007-07-12,2007-07-13,SHORT,122.38,121.92,-114.74,52.5,1
2007-07-13,2007-07-16,SHORT,121.88,121.82,-114.25,6.58,3
2007-07-16,2007-07-18,SHORT,121.78,121.92,-115.99,-16.52,2
2007-07-18,2007-07-19,SHORT,121.88,122.129,-117.26,-29.49,1
2007-07-19,2007-07-20,SHORT,122.089,121.29,-119.19,94.94,1
2007-07-20,2007-07-23,SHORT,121.25,121.07,-189.91,33.72,3
2007-07-23,2007-07-24,SHORT,121.03,120.13,-201.09,180.5,1
2007-07-24,2007-07-25,SHORT,120.09,120.48,-124.13,-48.71,1
2007-07-25,2007-07-26,SHORT,120.44,118.48,-221.39,433.39,1
2007-07-26,2007-07-27,SHORT,118.44,118.98,-276.02,-149.71,1
2007-07-27,2007-07-30,SHORT,118.94,119.17,-200.0,-46.48,3
2007-07-30,2007-07-31,SHORT,119.13,118.44,-194.14,133.5,1
2007-07-31,2007-08-01,SHORT,118.4,119.0,-244.72,-147.42,1
2007-08-01,2007-08-02,SHORT,118.96,119.16,-175.25,-35.47,1
2007-08-02,2007-08-03,SHORT,119.12,118.06,-175.6,185.72,1
2007-08-03,2007-08-06,SHORT,118.02,118.84,-174.07,-143.15,3
2007-08-06,2007-08-07,SHORT,118.8,118.82,-104.03,-2.33,1
2007-08-07,2007-08-08,SHORT,118.78,119.71,-83.96,-78.28,1
2007-08-08,2007-08-09,SHORT,119.67,118.31,-80.41,109.17,1
2007-08-09,2007-08-13,SHORT,118.27,118.23,-79.4,2.99,4
2007-08-13,2007-08-14,SHORT,118.19,117.44,-76.76,57.39,1
2007-08-14,2007-08-15,SHORT,117.4,116.34,-75.48,79.84,1
2007-08-15,2007-08-16,SHORT,116.3,114.08,-127.46,282.66,1
2007-08-16,2007-08-17,SHORT,114.04,114.27,-152.5,-35.42,1
2007-08-17,2007-08-20,SHORT,114.23,114.86,-116.16,-73.44,3
2007-08-20,2007-08-21,SHORT,114.82,114.17,-121.45,78.67,1
2007-08-21,2007-08-22,SHORT,114.13,115.64,-132.21,-199.94,1
2007-08-22,2007-08-23,SHORT,115.6,116.04,-105.63,-46.72,1
2007-08-23,2007-08-24,SHORT,116.0,116.4,-66.21,-26.64,1
2007-08-24,2007-08-27,SHORT,116.36,115.57,-63.05,49.66,3
2007-08-27,2007-08-28,SHORT,115.53,114.36,-72.62,84.8,1
2007-08-28,2007-08-29,SHORT,114.32,115.86,-78.5,-121.07,1
2007-08-29,2007-08-30,SHORT,115.82,115.96,-56.34,-8.02,1
2007-08-30,2007-08-31,SHORT,115.92,115.79,-59.58,7.61,1
2007-08-31,2007-09-03,SHORT,115.75,115.8,-57.46,-3.01,3
2007-09-03,2007-09-04,SHORT,115.76,116.26,-59.1,-29.69,1
2007-09-04,2007-09-05,SHORT,116.22,115.14,-76.95,82.92,1
2007-09-05,2007-09-06,SHORT,115.1,115.41,-69.66,-21.76,1
2007-09-06,2007-09-07,SHORT,115.37,113.41,-78.95,154.56,1
2007-09-07,2007-09-11,SHORT,113.37,114.28,-119.08,-108.63,4
2007-09-11,2007-09-12,SHORT,114.24,114.14,-77.28,7.55,1
2007-09-12,2007-09-13,SHORT,114.1,114.61,-81.45,-41.73,1
2007-09-13,2007-09-14,SHORT,114.57,115.28,-82.03,-58.43,1
2007-09-14,2007-09-17,SHORT,115.24,115.05,-81.73,15.34,3
2007-09-17,2007-09-18,SHORT,115.01,115.93,-84.9,-78.3,1
2007-09-18,2007-09-24,SHORT,115.89,114.88,-85.31,85.97,6
2007-09-24,2007-09-25,SHORT,114.84,114.68,-85.68,13.51,1
2007-09-25,2007-09-26,SHORT,114.64,115.46,-86.44,-71.08,1
2007-09-26,2007-09-27,SHORT,115.42,115.57,-87.81,-13.37,1
2007-09-27,2007-09-28,SHORT,115.53,114.76,-87.74,67.36,1
2007-09-28,2007-10-01,SHORT,114.72,115.82,-97.05,-106.98,3
2007-10-01,2007-10-02,SHORT,115.78,115.73,-95.11,4.54,1
2007-10-02,2007-10-04,SHORT,115.69,116.43,-94.54,-70.18,2
2007-10-04,2007-10-05,SHORT,116.39,116.9,-126.72,-64.92,1
2007-10-05,2007-10-08,SHORT,116.86,117.34,-107.01,-51.62,3
2007-10-08,2007-10-09,SHORT,117.3,117.21,-206.92,18.14,1
2007-10-09,2007-10-10,SHORT,117.17,117.168,-214.45,-0.07,1
2007-10-10,2007-10-11,SHORT,117.128,117.39,-190.41,-50.33,1
2007-10-11,2007-10-12,SHORT,117.35,117.61,-204.75,-53.72,1
2007-10-12,2007-10-15,LONG,117.61,117.3,381.12,-119.04,3
2007-10-15,2007-10-16,SHORT,117.3,116.96,-260.87,88.08,1
2007-10-16,2007-10-17,SHORT,116.92,116.51,-195.46,79.68,1
2007-10-17,2007-10-18,SHORT,116.47,115.48,-123.62,122.1,1
2007-10-18,2007-10-19,SHORT,115.44,114.58,-124.47,106.76,1
2007-10-19,2007-10-22,SHORT,114.54,114.462,-272.84,20.66,3
2007-10-22,2007-10-23,SHORT,114.422,114.88,-346.95,-159.7,1
2007-10-23,2007-10-24,SHORT,114.84,114.2,-270.33,172.39,1
2007-10-24,2007-10-25,SHORT,114.16,113.983,-282.78,49.41,1
2007-10-25,2007-10-26,SHORT,113.943,114.23,-324.76,-93.95,1
2007-10-26,2007-10-29,SHORT,114.19,114.72,-322.88,-171.87,3
2007-10-29,2007-10-30,SHORT,114.68,114.8,-235.73,-28.83,1
2007-10-30,2007-10-31,SHORT,114.76,115.41,-206.92,-134.98,1
2007-10-31,2007-11-01,SHORT,115.37,114.48,-109.29,97.02,1
2007-11-01,2007-11-02,SHORT,114.44,114.74,-101.25,-30.61,1
2007-11-02,2007-11-07,SHORT,114.7,112.63,-100.55,207.91,5
2007-11-07,2007-11-08,SHORT,112.59,112.73,-105.62,-15.02,1
2007-11-08,2007-11-09,SHORT,112.69,110.68,-97.6,195.95,1
2007-11-09,2007-11-12,SHORT,110.64,109.64,-174.5,174.11,3
2007-11-12,2007-11-13,SHORT,109.6,111.16,-220.76,-344.87,1
2007-11-13,2007-11-14,SHORT,111.12,111.29,-129.43,-22.29,1
2007-11-14,2007-11-15,SHORT,111.25,110.5,-153.33,114.66,1
2007-11-15,2007-11-16,SHORT,110.46,111.0,-143.42,-77.76,1
2007-11-16,2007-11-19,SHORT,110.96,109.79,-126.71,147.98,3
2007-11-19,2007-11-20,SHORT,109.75,109.74,-134.58,1.05,1
2007-11-20,2007-11-21,SHORT,109.7,108.37,-153.46,203.77,1
2007-11-21,2007-11-22,SHORT,108.33,108.51,-142.53,-25.96,1
2007-11-22,2007-11-23,SHORT,108.47,108.14,-141.24,46.3,1
2007-11-23,2007-11-27,SHORT,108.1,108.82,-103.44,-74.7,4
2007-11-27,2007-11-28,SHORT,108.78,109.98,-67.73,-81.42,1
2007-11-28,2007-11-29,SHORT,109.94,109.78,-69.0,10.89,1
2007-11-29,2007-11-30,SHORT,109.74,111.78,-70.17,-143.3,1
2007-11-30,2007-12-03,SHORT,111.74,110.46,-73.14,93.46,3
2007-12-03,2007-12-05,SHORT,110.42,110.93,-73.17,-37.48,2
2007-12-05,2007-12-06,SHORT,110.89,111.38,-74.56,-36.7,1
2007-12-06,2007-12-07,SHORT,111.34,111.68,-116.9,-40.01,1
2007-12-07,2007-12-10,SHORT,111.64,111.81,-126.17,-21.73,3
2007-12-10,2007-12-11,SHORT,111.77,110.9,-160.07,138.91,1
2007-12-11,2007-12-12,SHORT,110.86,112.01,-84.99,-97.92,1
2007-12-12,2007-12-13,SHORT,111.97,112.33,-82.86,-30.01,1
2007-12-13,2007-12-14,SHORT,112.29,113.28,-101.31,-100.53,1
2007-12-14,2007-12-17,LONG,113.28,112.83,79.97,-36.17,3
2007-12-17,2007-12-19,LONG,112.87,113.27,132.42,52.67,2
2007-12-19,2007-12-20,LONG,113.31,113.14,211.44,-36.42,1
2007-12-20,2007-12-21,LONG,113.18,114.03,166.2,140.89,1
2007-12-21,2007-12-24,LONG,114.07,114.14,186.85,12.65,3
2007-12-24,2007-12-25,LONG,114.18,114.18,195.53,-0.45,1
2007-12-25,2007-12-26,LONG,114.22,114.2,199.58,-4.45,1
2007-12-26,2007-12-27,LONG,114.24,113.82,355.06,-149.94,1
2007-12-27,2007-12-28,LONG,113.86,112.35,229.83,-347.56,1
2007-12-28,2007-12-31,SHORT,112.35,111.67,-104.58,70.88,3
2007-12-31,2008-01-01,SHORT,111.63,111.84,-139.55,-29.62,1
2008-01-01,2008-01-02,SHORT,111.8,109.283,-106.26,267.22,1
2008-01-02,2008-01-03,SHORT,109.243,109.53,-245.28,-70.93,1
2008-01-03,2008-01-04,SHORT,109.49,108.65,-211.01,176.79,1
2008-01-04,2008-01-07,SHORT,108.61,109.25,-309.18,-198.55,3
2008-01-07,2008-01-08,SHORT,109.21,107.68,-254.22,388.4,1
2008-01-08,2008-01-09,SHORT,107.64,109.9,-257.44,-582.37,1
2008-01-09,2008-01-10,SHORT,109.86,109.64,-121.11,26.38,1
2008-01-10,2008-01-11,SHORT,109.6,108.98,-121.15,74.85,1
2008-01-11,2008-01-14,SHORT,108.94,108.27,-102.95,68.75,3
2008-01-14,2008-01-15,SHORT,108.23,106.79,-96.68,139.01,1
2008-01-15,2008-01-16,SHORT,106.75,107.365,-119.36,-73.66,1
2008-01-16,2008-01-17,SHORT,107.325,106.42,-63.24,57.1,1
2008-01-17,2008-01-18,SHORT,106.38,106.85,-80.71,-38.11,1
2008-01-18,2008-01-21,SHORT,106.81,105.64,-63.99,74.73,3
2008-01-21,2008-01-22,SHORT,105.6,107.08,-89.73,-132.99,1
2008-01-22,2008-01-23,SHORT,107.04,106.77,-65.67,17.59,1
2008-01-23,2008-01-24,SHORT,106.73,107.17,-98.72,-43.65,1
2008-01-24,2008-01-25,SHORT,107.13,106.82,-77.52,23.86,1
2008-01-25,2008-01-28,SHORT,106.78,106.99,-70.03,-14.86,3
2008-01-28,2008-01-29,SHORT,106.95,107.06,-66.18,-7.42,1
2008-01-29,2008-01-30,SHORT,107.02,106.25,-72.07,55.34,1
2008-01-30,2008-01-31,SHORT,106.21,106.271,-70.37,-4.44,1
2008-01-31,2008-02-04,SHORT,106.231,106.71,-69.94,-33.65,4
2008-02-04,2008-02-05,SHORT,106.67,106.551,-82.01,9.58,1
2008-02-05,2008-02-06,SHORT,106.511,106.4,-79.83,8.69,1
2008-02-06,2008-02-07,SHORT,106.36,107.33,-83.86,-81.53,1
2008-02-07,2008-02-08,SHORT,107.29,107.76,-80.18,-37.86,1
2008-02-08,2008-02-11,SHORT,107.72,106.85,-99.79,86.61,3
2008-02-11,2008-02-13,SHORT,106.81,108.302,-85.43,-127.65,2
2008-02-13,2008-02-14,SHORT,108.262,107.81,-171.44,77.12,1
2008-02-14,2008-02-15,SHORT,107.77,107.82,-119.83,-6.25,1
2008-02-15,2008-02-18,SHORT,107.78,108.18,-106.67,-42.9,3
2008-02-18,2008-02-19,SHORT,108.14,107.94,-118.7,23.48,1
2008-02-19,2008-02-20,SHORT,107.9,108.07,-113.29,-19.5,1
2008-02-20,2008-02-21,SHORT,108.03,107.43,-139.58,83.45,1
2008-02-21,2008-02-22,SHORT,107.39,107.21,-101.64,18.08,1
2008-02-22,2008-02-25,SHORT,107.17,108.05,-100.12,-88.32,3
2008-02-25,2008-02-26,SHORT,108.01,107.37,-111.89,71.37,1
2008-02-26,2008-02-27,SHORT,107.33,106.39,-99.49,93.31,1
2008-02-27,2008-02-28,SHORT,106.35,104.97,-172.61,237.83,1
2008-02-28,2008-02-29,SHORT,104.93,103.79,-193.48,220.16,1
2008-02-29,2008-03-03,SHORT,103.75,103.54,-227.16,47.23,3
2008-03-03,2008-03-04,SHORT,103.5,103.39,-258.37,27.88,1
2008-03-04,2008-03-05,SHORT,103.35,103.93,-265.13,-154.32,1
2008-03-05,2008-03-06,SHORT,103.89,102.6,-226.46,291.67,1
2008-03-06,2008-03-07,SHORT,102.56,102.72,-233.07,-37.77,1
2008-03-07,2008-03-10,SHORT,102.68,101.44,-204.42,253.07,3
2008-03-10,2008-03-11,SHORT,101.4,103.29,-281.36,-532.35,1
2008-03-11,2008-03-12,SHORT,103.25,101.5,-139.55,243.93,1
2008-03-12,2008-03-13,SHORT,101.46,100.7,-145.69,110.43,1
2008-03-13,2008-03-14,SHORT,100.66,99.05,-129.13,207.64,1
2008-03-14,2008-03-17,SHORT,99.01,97.12,-129.0,243.56,3
2008-03-17,2008-03-18,SHORT,97.08,99.84,-135.2,-373.44,1
2008-03-18,2008-03-19,SHORT,99.8,98.64,-55.5,64.27,1
2008-03-19,2008-03-20,SHORT,98.6,99.4,-77.79,-62.39,1
2008-03-20,2008-03-21,SHORT,99.36,99.59,-53.26,-12.36,1
2008-03-21,2008-03-24,SHORT,99.55,100.76,-54.75,-66.36,3
2008-03-24,2008-03-25,SHORT,100.72,100.1,-53.84,33.27,1
2008-03-25,2008-03-26,SHORT,100.06,99.18,-52.85,46.4,1
2008-03-26,2008-03-27,SHORT,99.14,99.55,-52.9,-21.79,1
2008-03-27,2008-03-31,SHORT,99.51,99.87,-53.13,-19.23,4
2008-03-31,2008-04-02,SHORT,99.83,102.31,-66.52,-165.11,2
2008-04-02,2008-04-03,SHORT,102.27,102.31,-59.71,-2.51,1
2008-04-03,2008-04-04,SHORT,102.27,101.54,-106.43,77.48,1
2008-04-04,2008-04-07,SHORT,101.5,102.46,-64.56,-62.11,3
2008-04-07,2008-04-08,SHORT,102.42,108.2,-85.77,-495.93,1
2008-04-08,2008-04-09,LONG,108.2,101.802,129.58,-829.29,1
2008-04-09,2008-04-10,SHORT,101.802,102.08,-47.28,-13.24,1
2008-04-10,2008-04-11,SHORT,102.04,100.97,-46.72,49.89,1
2008-04-11,2008-04-14,SHORT,100.93,101.18,-45.03,-11.35,3
2008-04-14,2008-04-15,SHORT,101.14,101.84,-45.32,-31.82,1
2008-04-15,2008-04-16,SHORT,101.8,101.82,-45.66,-1.01,1
2008-04-16,2008-04-18,SHORT,101.78,103.77,-46.36,-92.35,2
2008-04-18,2008-04-21,LONG,103.77,103.283,45.43,-22.22,3
2008-04-21,2008-04-22,SHORT,103.283,102.89,-45.64,17.84,1
2008-04-22,2008-04-23,SHORT,102.85,103.472,-91.42,-57.05,1
2008-04-23,2008-04-24,SHORT,103.432,104.267,-56.49,-47.28,1
2008-04-24,2008-04-25,LONG,104.267,104.38,69.01,7.65,1
2008-04-25,2008-04-28,LONG,104.42,104.19,130.55,-30.3,3
2008-04-28,2008-04-29,LONG,104.23,103.98,142.29,-35.87,1
2008-04-29,2008-04-30,LONG,104.02,103.923,148.06,-14.67,1
2008-04-30,2008-05-02,LONG,103.963,105.28,153.24,201.5,2
2008-05-02,2008-05-05,LONG,105.32,104.89,175.76,-75.95,3
2008-05-05,2008-05-06,LONG,104.93,104.664,87.48,-23.45,1
2008-05-06,2008-05-07,LONG,104.704,104.759,109.8,5.81,1
2008-05-07,2008-05-08,LONG,104.799,108.25,165.4,570.42,1
2008-05-08,2008-05-09,LONG,108.29,102.78,209.32,-1153.77,1
2008-05-09,2008-05-12,SHORT,102.78,103.79,-63.03,-63.79,3
2008-05-12,2008-05-21,SHORT,103.75,103.06,-61.77,42.49,9
2008-05-21,2008-05-22,SHORT,103.02,104.06,-60.06,-62.59,1
2008-05-22,2008-05-23,SHORT,104.02,103.32,-88.7,61.91,1
2008-05-23,2008-05-29,SHORT,103.28,105.51,-59.4,-132.58,6
2008-05-29,2008-05-30,LONG,105.51,105.48,86.87,-2.79,1
2008-05-30,2008-06-02,LONG,105.52,104.46,96.77,-102.78,3
2008-06-02,2008-06-03,SHORT,104.46,105.15,-92.87,-64.27,1
2008-06-03,2008-06-04,SHORT,105.11,105.26,-89.72,-13.65,1
2008-06-04,2008-06-05,LONG,105.26,105.9,136.32,86.96,1
2008-06-05,2008-06-06,LONG,105.94,104.88,126.01,-133.83,1
2008-06-06,2008-06-09,SHORT,104.88,106.34,-99.12,-144.93,3
2008-06-09,2008-06-10,LONG,106.34,107.32,141.3,138.17,1
2008-06-10,2008-06-11,LONG,107.36,106.94,141.45,-59.71,1
2008-06-11,2008-06-12,LONG,106.98,107.78,108.01,86.17,1
2008-06-12,2008-06-13,LONG,107.82,108.13,107.26,33.02,1
2008-06-13,2008-06-16,LONG,108.17,108.12,114.97,-6.0,3
2008-06-16,2008-06-17,LONG,108.16,107.95,188.16,-39.92,1
2008-06-17,2008-06-18,LONG,107.99,107.8,163.95,-31.51,1
2008-06-18,2008-06-19,LONG,107.84,107.9,153.6,8.88,1
2008-06-19,2008-06-20,LONG,107.94,107.29,130.63,-85.19,1
2008-06-20,2008-06-23,LONG,107.33,107.81,175.8,84.01,3
2008-06-23,2008-06-24,LONG,107.85,107.76,141.36,-13.03,1
2008-06-24,2008-06-25,LONG,107.8,107.78,96.91,-2.15,1
2008-06-25,2008-06-26,LONG,107.82,106.927,119.68,-107.13,1
2008-06-26,2008-06-27,SHORT,106.927,106.14,-119.69,93.94,1
2008-06-27,2008-06-30,SHORT,106.1,106.14,-252.32,-10.63,3
2008-06-30,2008-07-02,SHORT,106.1,105.96,-248.58,34.27,2
2008-07-02,2008-07-03,SHORT,105.92,106.76,-252.82,-212.91,1
2008-07-03,2008-07-04,SHORT,106.72,106.83,-113.83,-12.76,1
2008-07-04,2008-07-07,LONG,106.83,107.14,122.12,37.6,3
2008-07-07,2008-07-08,LONG,107.18,109.39,104.65,231.05,1
2008-07-08,2008-07-09,LONG,109.43,106.851,107.78,-278.2,1
2008-07-09,2008-07-10,SHORT,106.851,107.086,-80.51,-19.09,1
2008-07-10,2008-07-11,LONG,107.086,106.19,80.32,-72.14,1
2008-07-11,2008-07-15,SHORT,106.19,104.83,-77.19,104.82,4
2008-07-15,2008-07-16,SHORT,104.79,105.2,-72.55,-29.9,1
2008-07-16,2008-07-18,SHORT,105.16,106.97,-69.6,-126.12,2
2008-07-18,2008-07-21,LONG,106.97,106.476,68.18,-33.82,3
2008-07-21,2008-07-22,SHORT,106.476,107.25,-70.51,-54.73,1
2008-07-22,2008-07-23,LONG,107.25,107.87,72.41,44.74,1
2008-07-23,2008-07-24,LONG,107.91,107.36,70.19,-38.76,1
2008-07-24,2008-07-25,LONG,107.4,107.83,68.33,29.23,1
2008-07-25,2008-07-28,LONG,107.87,107.44,69.26,-29.93,3
2008-07-28,2008-07-29,LONG,107.48,108.06,74.4,42.99,1
2008-07-29,2008-07-30,LONG,108.1,108.13,180.6,5.03,1
2008-07-30,2008-07-31,LONG,108.17,107.79,173.19,-66.18,1
2008-07-31,2008-08-08,LONG,107.83,110.15,110.78,256.76,8
2008-08-08,2008-08-26,LONG,110.19,109.59,152.28,-91.7,18
2008-08-26,2008-08-27,LONG,109.63,109.52,154.61,-17.35,1
2008-08-27,2008-08-28,LONG,109.56,109.4,129.5,-21.0,1
2008-08-28,2008-08-29,LONG,109.44,108.77,102.5,-68.9,1
2008-08-29,2008-09-01,LONG,108.81,108.036,91.87,-71.31,3
2008-09-01,2008-09-02,SHORT,108.036,108.67,-89.06,-56.66,1
2008-09-02,2008-09-03,LONG,108.67,108.33,89.2,-30.52,1
2008-09-03,2008-09-04,LONG,108.37,106.71,88.23,-146.65,1
2008-09-04,2008-09-05,SHORT,106.71,107.7,-77.62,-77.01,1
2008-09-05,2008-09-08,SHORT,107.66,108.13,-74.56,-35.2,3
2008-09-08,2008-09-09,SHORT,108.09,107.3,-98.38,77.51,1
2008-09-09,2008-09-10,SHORT,107.26,107.74,-103.59,-49.95,1
2008-09-10,2008-09-11,SHORT,107.7,107.0,-73.93,51.59,1
2008-09-11,2008-09-12,SHORT,106.96,107.96,-86.78,-86.96,1
2008-09-12,2008-09-15,SHORT,107.92,104.271,-69.24,252.51,3
2008-09-15,2008-09-16,SHORT,104.231,105.54,-87.68,-114.96,1
2008-09-16,2008-09-17,SHORT,105.5,104.339,-63.28,73.34,1
2008-09-17,2008-09-18,SHORT,104.299,105.52,-70.74,-86.53,1
2008-09-18,2008-09-19,SHORT,105.48,107.44,-52.12,-102.26,1
2008-09-19,2008-09-22,SHORT,107.4,105.58,-49.38,89.77,3
2008-09-22,2008-09-23,SHORT,105.54,105.739,-47.66,-9.58,1
2008-09-23,2008-09-24,SHORT,105.699,106.1,-47.95,-19.33,1
2008-09-24,2008-09-25,SHORT,106.06,106.34,-51.41,-14.5,1
2008-09-25,2008-09-26,SHORT,106.3,106.07,-52.47,11.96,1
2008-09-26,2008-09-29,SHORT,106.03,103.863,-52.42,113.48,3
2008-09-29,2008-10-01,SHORT,103.823,105.96,-49.04,-104.91,2
2008-10-01,2008-10-02,SHORT,105.92,105.23,-47.14,32.43,1
2008-10-02,2008-10-03,SHORT,105.19,105.32,-47.11,-6.22,1
2008-10-03,2008-10-06,SHORT,105.28,101.9,-52.62,177.76,3
2008-10-06,2008-10-07,SHORT,101.86,101.48,-70.89,26.79,1
2008-10-07,2008-10-08,SHORT,101.44,110.11,-81.29,-704.95,1
2008-10-08,2008-10-09,LONG,110.11,99.49,37.76,-401.13,1
2008-10-09,2008-10-10,SHORT,99.49,101.12,-30.52,-49.8,1
2008-10-10,2008-10-13,SHORT,101.08,102.3,-29.98,-36.63,3
2008-10-13,2008-10-14,SHORT,102.26,101.98,-28.73,7.98,1
2008-10-14,2008-10-15,SHORT,101.94,99.74,-28.4,62.41,1
2008-10-15,2008-10-16,SHORT,99.7,101.26,-27.77,-43.37,1
2008-10-16,2008-10-17,SHORT,101.22,101.67,-27.16,-12.28,1
2008-10-17,2008-10-20,SHORT,101.63,101.99,-28.39,-10.28,3
2008-10-20,2008-10-22,SHORT,101.95,97.88,-29.55,120.2,2
2008-10-22,2008-10-23,SHORT,97.84,97.498,-60.92,20.72,1
2008-10-23,2008-10-24,SHORT,97.458,94.29,-27.2,86.13,1
2008-10-24,2008-10-27,SHORT,94.25,93.214,-52.4,54.19,3
2008-10-27,2008-10-28,SHORT,93.174,98.22,-70.13,-354.03,1
2008-10-28,2008-10-29,SHORT,98.18,97.54,-27.22,17.37,1
2008-10-29,2008-10-30,SHORT,97.5,98.81,-33.08,-43.4,1
2008-10-30,2008-10-31,SHORT,98.77,98.46,-34.37,10.59,1
2008-10-31,2008-11-03,SHORT,98.42,99.02,-34.48,-20.76,3
2008-11-03,2008-11-04,SHORT,98.98,99.753,-34.65,-26.85,1
2008-11-04,2008-11-07,SHORT,99.713,98.11,-35.15,56.27,3
2008-11-07,2008-11-10,SHORT,98.07,97.99,-40.93,3.19,3
2008-11-10,2008-11-11,SHORT,97.95,97.311,-55.52,35.37,1
2008-11-11,2008-11-12,SHORT,97.271,94.82,-36.98,90.58,1
2008-11-12,2008-11-13,SHORT,94.78,97.59,-41.15,-115.71,1
2008-11-13,2008-11-14,SHORT,97.55,97.04,-39.57,20.11,1
2008-11-14,2008-11-17,SHORT,97.0,96.43,-40.45,22.98,3
2008-11-17,2008-11-18,SHORT,96.39,96.766,-48.64,-18.38,1
2008-11-18,2008-11-19,SHORT,96.726,96.023,-55.27,38.75,1
2008-11-19,2008-11-20,SHORT,95.983,94.07,-50.14,95.83,1
2008-11-20,2008-11-21,SHORT,94.03,95.93,-58.53,-111.31,1
2008-11-21,2008-11-24,SHORT,95.89,96.89,-48.64,-48.73,3
2008-11-24,2008-11-25,SHORT,96.85,95.467,-48.0,66.3,1
2008-11-25,2008-11-26,SHORT,95.427,95.627,-48.24,-9.74,1
2008-11-26,2008-11-27,SHORT,95.587,95.449,-48.54,6.61,1
2008-11-27,2008-11-28,SHORT,95.409,95.52,-50.4,-5.69,1
2008-11-28,2008-12-01,SHORT,95.48,93.16,-53.02,122.91,3
2008-12-01,2008-12-02,SHORT,93.12,93.171,-65.22,-3.45,1
2008-12-02,2008-12-03,SHORT,93.131,93.16,-81.78,-2.52,1
2008-12-03,2008-12-04,SHORT,93.12,92.47,-77.96,50.53,1
2008-12-04,2008-12-05,SHORT,92.43,92.84,-61.62,-25.38,1
2008-12-05,2008-12-08,SHORT,92.8,109.26,-120.4,-1982.12,3
2008-12-08,2008-12-09,LONG,109.26,92.283,77.28,-1312.1,1
2008-12-09,2008-12-11,SHORT,92.283,91.55,-23.49,17.17,2
2008-12-11,2008-12-12,SHORT,91.51,91.09,-24.54,10.26,1
2008-12-12,2008-12-15,SHORT,91.05,90.52,-24.28,12.82,3
2008-12-15,2008-12-16,SHORT,90.48,88.7,-24.71,43.94,1
2008-12-16,2008-12-17,SHORT,88.66,87.34,-24.39,32.16,1
2008-12-17,2008-12-18,SHORT,87.3,89.525,-23.82,-53.04,1
2008-12-18,2008-12-22,SHORT,89.485,90.18,-22.87,-15.94,4
2008-12-22,2008-12-23,SHORT,90.14,90.86,-67.87,-48.99,1
2008-12-23,2008-12-24,SHORT,90.82,90.52,-23.34,6.96,1
2008-12-24,2008-12-25,SHORT,90.48,90.534,-23.62,-1.32,1
2008-12-25,2008-12-26,SHORT,90.494,90.79,-24.21,-7.21,1
2008-12-26,2008-12-30,SHORT,90.75,90.31,-35.94,15.75,4
2008-12-30,2008-12-31,SHORT,90.27,90.67,-66.91,-26.89,1
2008-12-31,2009-01-01,SHORT,90.63,90.687,-171.85,-10.11,1
2009-01-01,2009-01-02,SHORT,90.647,91.81,-95.66,-111.42,1
2009-01-02,2009-01-05,SHORT,91.77,93.237,-157.38,-231.17,3
2009-01-05,2009-01-06,SHORT,93.197,93.4,-169.17,-34.66,1
2009-01-06,2009-01-07,SHORT,93.36,92.7,-160.22,105.45,1
2009-01-07,2009-01-08,SHORT,92.66,91.38,-134.48,171.89,1
2009-01-08,2009-01-09,SHORT,91.34,90.39,-67.42,63.93,1
2009-01-09,2009-01-12,SHORT,90.35,89.45,-66.4,59.64,3
2009-01-12,2009-01-13,SHORT,89.41,89.361,-64.92,3.06,1
2009-01-13,2009-01-14,SHORT,89.321,89.18,-63.75,8.88,1
2009-01-14,2009-01-15,SHORT,89.14,89.96,-60.79,-49.95,1
2009-01-15,2009-01-16,SHORT,89.92,90.92,-57.98,-58.09,1
2009-01-16,2009-01-19,SHORT,90.88,90.64,-57.67,13.74,3
2009-01-19,2009-01-20,SHORT,90.6,89.83,-92.4,70.98,1
2009-01-20,2009-01-21,SHORT,89.79,89.07,-113.13,81.25,1
2009-01-21,2009-01-22,SHORT,89.03,89.146,-118.94,-14.01,1
2009-01-22,2009-01-23,SHORT,89.106,88.78,-90.08,29.21,1
2009-01-23,2009-01-26,SHORT,88.74,89.26,-74.08,-38.65,3
2009-01-26,2009-01-28,SHORT,89.22,90.482,-61.83,-78.14,2
2009-01-28,2009-01-29,SHORT,90.442,89.93,-63.26,32.27,1
2009-01-29,2009-01-30,SHORT,89.89,89.92,-64.45,-2.05,1
2009-01-30,2009-02-02,SHORT,89.88,89.38,-66.65,33.21,3
2009-02-02,2009-02-03,SHORT,89.34,89.39,-69.33,-3.59,1
2009-02-03,2009-02-04,SHORT,89.35,89.44,-66.25,-6.08,1
2009-02-04,2009-02-05,SHORT,89.4,91.17,-68.28,-120.98,1
2009-02-05,2009-02-06,SHORT,91.13,91.94,-102.07,-82.87,1
2009-02-06,2009-02-09,SHORT,91.9,91.33,-144.69,82.21,3
2009-02-09,2009-02-10,SHORT,91.29,90.464,-93.02,76.67,1
2009-02-10,2009-02-11,SHORT,90.424,90.31,-66.0,7.4,1
2009-02-11,2009-02-12,SHORT,90.27,90.69,-67.48,-28.46,1
2009-02-12,2009-02-13,SHORT,90.65,91.88,-67.75,-83.46,1
2009-02-13,2009-02-16,SHORT,91.84,91.73,-82.3,8.9,3
2009-02-16,2009-02-17,SHORT,91.69,92.296,-110.72,-67.3,1
2009-02-17,2009-02-18,SHORT,92.256,93.65,-128.86,-179.88,1
2009-02-18,2009-02-19,LONG,93.65,93.991,148.48,50.35,1
2009-02-19,2009-02-20,LONG,94.031,93.32,120.29,-85.75,1
2009-02-20,2009-02-23,LONG,93.36,94.38,65.42,66.61,3
2009-02-23,2009-02-24,LONG,94.42,96.53,114.6,241.58,1
2009-02-24,2009-02-25,LONG,96.57,97.37,175.41,139.99,1
2009-02-25,2009-02-26,LONG,97.41,98.314,200.69,181.03,1
2009-02-26,2009-02-27,LONG,98.354,97.6,204.48,-154.57,1
2009-02-27,2009-03-02,LONG,97.64,97.034,159.97,-97.25,3
2009-03-02,2009-03-03,LONG,97.074,98.515,145.43,209.28,1
2009-03-03,2009-03-04,LONG,98.555,98.972,151.23,62.76,1
2009-03-04,2009-03-05,LONG,99.012,98.11,142.55,-128.86,1
2009-03-05,2009-03-06,LONG,98.15,98.32,102.62,17.24,1
2009-03-06,2009-03-09,LONG,98.36,98.9,123.19,66.28,3
2009-03-09,2009-03-10,LONG,98.94,98.76,116.96,-21.28,1
2009-03-10,2009-03-11,LONG,98.8,97.23,77.09,-121.18,1
2009-03-11,2009-03-12,SHORT,97.23,97.34,-57.18,-6.4,1
2009-03-12,2009-03-13,SHORT,97.3,97.96,-54.68,-36.2,1
2009-03-13,2009-03-16,LONG,97.96,98.18,56.49,12.32,3
2009-03-16,2009-03-17,LONG,98.22,98.761,62.09,33.47,1
2009-03-17,2009-03-18,LONG,98.801,96.381,63.98,-154.96,1
2009-03-18,2009-03-19,SHORT,96.381,94.47,-84.08,160.51,1
2009-03-19,2009-03-20,SHORT,94.43,95.95,-96.91,-147.49,1
2009-03-20,2009-03-23,SHORT,95.91,97.112,-52.42,-63.11,3
2009-03-23,2009-03-24,SHORT,97.072,98.36,-51.89,-66.93,1
2009-03-24,2009-03-26,LONG,98.36,98.68,51.41,16.35,2
2009-03-26,2009-03-27,LONG,98.72,97.83,54.0,-48.17,1
2009-03-27,2009-03-30,LONG,97.87,97.412,53.31,-24.52,3
2009-03-30,2009-03-31,SHORT,97.412,98.99,-50.9,-80.42,1
2009-03-31,2009-04-01,LONG,98.99,98.64,50.12,-17.64,1
2009-04-01,2009-04-02,LONG,98.68,99.54,53.72,46.09,1
2009-04-02,2009-04-03,LONG,99.58,100.28,115.56,80.66,1
2009-04-03,2009-04-06,LONG,100.32,100.74,105.8,44.22,3
2009-04-06,2009-04-07,LONG,100.78,100.67,95.23,-10.67,1
2009-04-07,2009-04-08,LONG,100.71,99.72,78.53,-77.91,1
2009-04-08,2009-04-09,LONG,99.76,100.42,69.09,45.46,1
2009-04-09,2009-04-10,LONG,100.46,100.24,66.0,-14.65,1
2009-04-10,2009-04-13,LONG,100.28,100.0,107.35,-30.27,3
2009-04-13,2009-04-14,LONG,100.04,98.95,123.0,-134.31,1
2009-04-14,2009-04-15,SHORT,98.95,99.25,-70.91,-21.41,1
2009-04-15,2009-04-16,LONG,99.25,99.31,70.1,4.07,1
2009-04-16,2009-04-17,LONG,99.35,99.06,72.34,-21.12,1
2009-04-17,2009-04-20,SHORT,99.06,98.086,-89.6,87.09,3
2009-04-20,2009-04-21,SHORT,98.046,98.66,-178.63,-110.03,1
2009-04-21,2009-04-22,SHORT,98.62,98.15,-121.85,57.03,1
2009-04-22,2009-04-23,SHORT,98.11,97.94,-107.02,17.98,1
2009-04-23,2009-04-24,SHORT,97.9,97.23,-188.76,126.1,1
2009-04-24,2009-04-27,SHORT,97.19,96.55,-202.05,128.92,3
2009-04-27,2009-04-28,SHORT,96.51,96.55,-214.59,-9.0,1
2009-04-28,2009-04-29,SHORT,96.51,97.49,-190.65,-187.2,1
2009-04-29,2009-04-30,SHORT,97.45,98.71,-114.64,-144.67,1
2009-04-30,2009-05-01,LONG,98.71,99.17,74.94,34.32,1
2009-05-01,2009-05-04,LONG,99.21,98.81,74.8,-30.07,3
2009-05-04,2009-05-05,LONG,98.85,98.9,78.66,3.78,1
2009-05-05,2009-05-07,LONG,98.94,99.108,83.2,13.81,2
2009-05-07,2009-05-08,LONG,99.148,98.43,80.86,-58.22,1
2009-05-08,2009-05-11,LONG,98.47,97.48,83.54,-82.87,3
2009-05-11,2009-05-12,SHORT,97.48,96.48,-81.3,81.15,1
2009-05-12,2009-05-13,SHORT,96.44,95.39,-78.1,81.86,1
2009-05-13,2009-05-14,SHORT,95.35,96.02,-87.78,-58.98,1
2009-05-14,2009-05-15,SHORT,95.98,95.13,-124.41,105.51,1
2009-05-15,2009-05-18,SHORT,95.09,96.393,-172.57,-225.19,3
2009-05-18,2009-05-19,SHORT,96.353,96.137,-87.08,18.64,1
2009-05-19,2009-05-20,SHORT,96.097,94.931,-100.72,117.25,1
2009-05-20,2009-05-21,SHORT,94.891,94.15,-117.63,86.94,1
2009-05-21,2009-05-22,SHORT,94.11,94.76,-163.17,-106.37,1
2009-05-22,2009-05-25,SHORT,94.72,94.84,-120.4,-14.68,3
2009-05-25,2009-05-26,SHORT,94.8,95.07,-95.62,-26.0,1
2009-05-26,2009-05-27,SHORT,95.03,95.4,-71.8,-26.7,1
2009-05-27,2009-05-28,SHORT,95.36,96.818,-73.78,-107.72,1
2009-05-28,2009-05-29,SHORT,96.778,95.45,-71.04,94.2,1
2009-05-29,2009-06-03,SHORT,95.41,96.09,-69.95,-47.7,5
2009-06-03,2009-06-04,SHORT,96.05,96.663,-68.61,-42.19,1
2009-06-04,2009-06-05,SHORT,96.623,98.83,-99.02,-218.74,1
2009-06-05,2009-06-08,LONG,98.83,98.437,128.19,-50.63,3
2009-06-08,2009-06-09,LONG,98.477,97.457,111.65,-114.1,1
2009-06-09,2009-06-10,SHORT,97.457,98.169,-69.47,-49.6,1
2009-06-10,2009-06-11,LONG,98.169,97.61,76.12,-42.7,1
2009-06-11,2009-06-12,LONG,97.65,98.35,68.14,47.57,1
2009-06-12,2009-06-15,LONG,98.39,97.799,93.53,-55.46,3
2009-06-15,2009-06-16,LONG,97.839,96.48,66.04,-89.87,1
2009-06-16,2009-06-17,SHORT,96.48,95.76,-62.8,45.1,1
2009-06-17,2009-06-19,SHORT,95.72,96.78,-64.81,-68.83,2
2009-06-19,2009-06-22,SHORT,96.74,95.87,-85.41,74.15,3
2009-06-22,2009-06-23,SHORT,95.83,95.139,-101.84,70.18,1
2009-06-23,2009-06-24,SHORT,95.099,95.868,-95.66,-73.74,1
2009-06-24,2009-06-25,SHORT,95.828,95.963,-93.51,-12.8,1
2009-06-25,2009-06-26,SHORT,95.923,95.23,-80.54,55.66,1
2009-06-26,2009-06-29,SHORT,95.19,96.112,-145.39,-134.33,3
2009-06-29,2009-06-30,SHORT,96.072,96.351,-80.23,-22.54,1
2009-06-30,2009-07-01,SHORT,96.311,96.64,-80.64,-26.69,1
2009-07-01,2009-07-02,SHORT,96.6,95.972,-82.92,51.91,1
2009-07-02,2009-07-03,SHORT,95.932,96.16,-81.88,-18.83,1
2009-07-03,2009-07-06,SHORT,96.12,95.19,-84.95,78.84,3
2009-07-06,2009-07-07,SHORT,95.15,94.789,-86.41,31.03,1
2009-07-07,2009-07-08,SHORT,94.749,92.792,-89.82,175.61,1
2009-07-08,2009-07-09,SHORT,92.752,93.06,-151.42,-46.92,1
2009-07-09,2009-07-10,SHORT,93.02,92.55,-139.02,65.08,1
2009-07-10,2009-07-13,SHORT,92.51,93.042,-130.76,-69.81,3
2009-07-13,2009-07-14,SHORT,93.002,93.441,-155.64,-68.62,1
2009-07-14,2009-07-15,SHORT,93.401,94.197,-142.04,-113.33,1
2009-07-15,2009-07-16,SHORT,94.157,93.796,-109.02,39.15,1
2009-07-16,2009-07-17,SHORT,93.756,94.23,-100.72,-47.93,1
2009-07-17,2009-07-20,SHORT,94.19,94.16,-86.41,2.43,3
2009-07-20,2009-07-21,SHORT,94.12,93.553,-79.46,44.9,1
2009-07-21,2009-07-22,SHORT,93.513,93.589,-80.36,-6.26,1
2009-07-22,2009-07-23,SHORT,93.549,94.95,-86.4,-121.21,1
2009-07-23,2009-07-24,SHORT,94.91,94.89,-119.4,2.16,1
2009-07-24,2009-07-27,SHORT,94.85,95.18,-172.92,-57.39,3
2009-07-27,2009-07-28,SHORT,95.14,94.4,-168.66,124.49,1
2009-07-28,2009-07-29,SHORT,94.36,95.12,-102.07,-77.77,1
2009-07-29,2009-07-30,SHORT,95.08,95.58,-105.68,-53.04,1
2009-07-30,2009-07-31,SHORT,95.54,94.66,-167.79,147.34,1
2009-07-31,2009-08-03,SHORT,94.62,95.187,-114.17,-64.95,3
2009-08-03,2009-08-04,SHORT,95.147,95.31,-118.04,-19.47,1
2009-08-04,2009-08-05,SHORT,95.27,94.816,-173.17,78.29,1
2009-08-05,2009-08-06,SHORT,94.776,95.504,-138.8,-101.31,1
2009-08-06,2009-08-07,SHORT,95.464,97.45,-141.12,-280.55,1
2009-08-07,2009-08-10,LONG,97.45,96.99,160.34,-74.07,3
2009-08-10,2009-08-11,LONG,97.03,95.9,114.08,-129.13,1
2009-08-11,2009-08-12,LONG,95.94,96.137,99.81,19.47,1
2009-08-12,2009-08-13,LONG,96.177,95.25,111.4,-103.48,1
2009-08-13,2009-08-17,SHORT,95.25,94.45,-107.69,85.95,4
2009-08-17,2009-08-18,SHORT,94.41,94.86,-104.85,-47.38,1
2009-08-18,2009-08-20,SHORT,94.82,94.277,-107.06,57.93,2
2009-08-20,2009-08-21,SHORT,94.237,94.39,-114.85,-17.79,1
2009-08-21,2009-08-24,SHORT,94.35,94.41,-272.16,-16.84,3
2009-08-24,2009-08-25,SHORT,94.37,93.92,-255.98,114.71,1
2009-08-25,2009-08-26,SHORT,93.88,94.1,-228.09,-50.61,1
2009-08-26,2009-08-27,SHORT,94.06,93.65,-246.95,100.79,1
2009-08-27,2009-08-28,SHORT,93.61,93.58,-274.31,7.72,1
2009-08-28,2009-08-31,SHORT,93.54,92.89,-256.3,166.12,3
2009-08-31,2009-09-01,SHORT,92.85,92.727,-298.49,36.16,1
2009-09-01,2009-09-02,SHORT,92.687,92.229,-439.13,200.31,1
2009-09-02,2009-09-03,SHORT,92.189,92.707,-442.16,-229.86,1
2009-09-03,2009-09-04,SHORT,92.667,92.99,-348.72,-113.29,1
2009-09-04,2009-09-07,SHORT,92.95,92.94,-279.16,2.27,3
2009-09-07,2009-09-08,SHORT,92.9,92.33,-307.72,174.83,1
2009-09-08,2009-09-09,SHORT,92.29,92.15,-331.35,45.78,1
2009-09-09,2009-09-10,SHORT,92.11,91.707,-401.36,161.01,1
2009-09-10,2009-09-11,SHORT,91.667,90.68,-450.94,444.26,1
2009-09-11,2009-09-14,SHORT,90.64,90.89,-432.13,-108.82,3
2009-09-14,2009-09-15,SHORT,90.85,90.918,-346.6,-24.2,1
2009-09-15,2009-09-16,SHORT,90.878,91.04,-332.7,-54.5,1
2009-09-16,2009-09-17,SHORT,91.0,91.226,-256.12,-58.35,1
2009-09-17,2009-09-18,SHORT,91.186,91.29,-341.81,-36.17,1
2009-09-18,2009-09-21,SHORT,91.25,92.046,-434.21,-346.43,3
2009-09-21,2009-09-22,SHORT,92.006,90.73,-173.5,221.07,1
2009-09-22,2009-09-23,SHORT,90.69,91.347,-228.07,-150.26,1
2009-09-23,2009-09-24,SHORT,91.307,90.843,-148.14,68.47,1
2009-09-24,2009-09-25,SHORT,90.803,89.83,-154.56,150.11,1
2009-09-25,2009-09-28,SHORT,89.79,89.882,-127.37,-11.95,3
2009-09-28,2009-09-29,SHORT,89.842,90.241,-132.9,-53.27,1
2009-09-29,2009-09-30,SHORT,90.201,89.89,-131.27,40.59,1
2009-09-30,2009-10-01,SHORT,89.85,89.567,-133.3,37.49,1
2009-10-01,2009-10-02,SHORT,89.527,89.63,-187.67,-19.67,1
2009-10-02,2009-10-05,SHORT,89.59,89.64,-191.66,-9.93,3
2009-10-05,2009-10-06,SHORT,89.6,88.82,-321.8,250.43,1
2009-10-06,2009-10-07,SHORT,88.78,88.558,-261.95,57.69,1
2009-10-07,2009-10-08,SHORT,88.518,88.789,-413.37,-112.76,1
2009-10-08,2009-10-09,SHORT,88.749,89.76,-335.28,-339.57,1
2009-10-09,2009-10-13,SHORT,89.72,89.84,-132.52,-16.14,4
2009-10-13,2009-10-14,SHORT,89.8,89.43,-169.67,62.48,1
2009-10-14,2009-10-15,SHORT,89.39,90.847,-173.14,-252.58,1
2009-10-15,2009-10-16,SHORT,90.807,90.93,-212.5,-26.52,1
2009-10-16,2009-10-19,SHORT,90.89,90.793,-201.71,19.2,3
2009-10-19,2009-10-20,SHORT,90.753,90.818,-175.76,-11.74,1
2009-10-20,2009-10-21,SHORT,90.778,90.9,-380.5,-47.11,1
2009-10-21,2009-10-22,SHORT,90.86,91.416,-486.21,-271.22,1
2009-10-22,2009-10-23,LONG,91.416,92.03,468.66,286.9,1
2009-10-23,2009-10-26,LONG,92.07,92.18,416.75,45.07,3
2009-10-26,2009-10-27,LONG,92.22,91.604,449.23,-277.55,1
2009-10-27,2009-10-28,LONG,91.644,90.55,272.29,-298.37,1
2009-10-28,2009-10-29,SHORT,90.55,91.51,-137.3,-132.06,1
2009-10-29,2009-10-30,SHORT,91.47,90.11,-137.33,186.52,1
2009-10-30,2009-11-02,SHORT,90.07,90.41,-118.54,-40.52,3
2009-11-02,2009-11-05,SHORT,90.37,90.79,-110.09,-46.44,3
2009-11-05,2009-11-06,SHORT,90.75,89.9,-109.97,93.28,1
2009-11-06,2009-11-09,SHORT,89.86,89.849,-156.37,1.44,3
2009-11-09,2009-11-10,SHORT,89.809,89.73,-169.2,13.06,1
2009-11-10,2009-11-11,SHORT,89.69,89.93,-145.11,-35.09,1
2009-11-11,2009-11-12,SHORT,89.89,90.3,-95.68,-39.4,1
2009-11-12,2009-11-13,SHORT,90.26,89.68,-123.48,71.39,1
2009-11-13,2009-11-16,SHORT,89.64,89.03,-93.16,56.66,3
2009-11-16,2009-11-17,SHORT,88.99,89.25,-154.58,-40.47,1
2009-11-17,2009-11-18,SHORT,89.21,89.418,-125.4,-26.31,1
2009-11-18,2009-11-19,SHORT,89.378,88.92,-157.17,71.71,1
2009-11-19,2009-11-20,SHORT,88.88,88.85,-215.04,6.07,1
2009-11-20,2009-11-23,SHORT,88.81,88.92,-161.53,-18.06,3
2009-11-23,2009-11-24,SHORT,88.88,88.613,-143.48,38.05,1
2009-11-24,2009-11-25,SHORT,88.573,87.38,-172.03,204.94,1
2009-11-25,2009-11-26,SHORT,87.34,85.16,-280.79,611.63,1
2009-11-26,2009-11-27,SHORT,85.12,86.5,-350.26,-483.97,1
2009-11-27,2009-11-30,SHORT,86.46,86.27,-173.15,32.6,3
2009-11-30,2009-12-01,SHORT,86.23,86.67,-154.66,-68.32,1
2009-12-01,2009-12-02,SHORT,86.63,87.58,-135.06,-128.55,1
2009-12-02,2009-12-03,SHORT,87.54,88.279,-85.34,-63.22,1
2009-12-03,2009-12-04,SHORT,88.239,90.54,-84.71,-195.08,1
2009-12-04,2009-12-07,LONG,90.54,89.27,75.14,-95.56,3
2009-12-07,2009-12-08,LONG,89.31,88.36,72.36,-68.87,1
2009-12-08,2009-12-10,SHORT,88.36,88.25,-69.15,7.48,2
2009-12-10,2009-12-11,SHORT,88.21,89.11,-97.27,-87.72,1
2009-12-11,2009-12-14,SHORT,89.07,88.71,-82.68,29.62,3
2009-12-14,2009-12-15,SHORT,88.67,89.531,-74.27,-64.08,1
2009-12-15,2009-12-16,LONG,89.531,89.83,83.05,24.68,1
2009-12-16,2009-12-17,LONG,89.87,89.62,79.27,-19.96,1
2009-12-17,2009-12-18,LONG,89.66,90.42,73.17,55.48,1
2009-12-18,2009-12-21,LONG,90.46,91.037,69.73,40.11,3
2009-12-21,2009-12-22,LONG,91.077,91.785,93.03,65.7,1
2009-12-22,2009-12-23,LONG,91.825,91.62,188.3,-38.95,1
2009-12-23,2009-12-24,LONG,91.66,91.424,203.82,-48.47,1
2009-12-24,2009-12-25,LONG,91.464,91.09,208.65,-78.42,1
2009-12-25,2009-12-28,LONG,91.13,91.67,154.97,83.4,3
2009-12-28,2009-12-29,LONG,91.71,91.95,231.97,55.25,1
2009-12-29,2009-12-30,LONG,91.99,92.4,227.91,93.02,1
2009-12-30,2009-12-31,LONG,92.44,92.89,230.72,103.4,1
2009-12-31,2010-01-01,LONG,92.93,92.9,284.89,-9.08,1
2010-01-01,2010-01-04,LONG,92.94,92.475,277.78,-129.68,3
2010-01-04,2010-01-05,LONG,92.515,91.565,174.22,-165.83,1
2010-01-05,2010-01-06,SHORT,91.565,92.376,-104.93,-85.29,1
2010-01-06,2010-01-07,LONG,92.376,93.37,101.34,100.54,1
2010-01-07,2010-01-08,LONG,93.41,92.64,151.68,-117.07,1
2010-01-08,2010-01-11,LONG,92.68,92.072,108.95,-66.44,3
2010-01-11,2010-01-12,SHORT,92.072,91.1,-99.62,96.65,1
2010-01-12,2010-01-13,SHORT,91.06,91.453,-91.48,-36.12,1
2010-01-13,2010-01-14,SHORT,91.413,91.287,-91.44,11.35,1
2010-01-14,2010-01-15,SHORT,91.247,90.77,-95.71,45.48,1
2010-01-15,2010-01-18,SHORT,90.73,90.725,-115.97,0.37,3
2010-01-18,2010-01-19,SHORT,90.685,91.219,-102.03,-54.67,1
2010-01-19,2010-01-20,SHORT,91.179,91.212,-85.84,-2.99,1
2010-01-20,2010-01-21,SHORT,91.172,90.413,-89.24,67.57,1
2010-01-21,2010-01-22,SHORT,90.373,89.83,-203.04,109.89,1
2010-01-22,2010-01-25,SHORT,89.79,90.435,-203.06,-131.34,3
2010-01-25,2010-01-26,SHORT,90.395,89.65,-122.9,91.34,1
2010-01-26,2010-01-27,SHORT,89.61,89.97,-111.86,-40.47,1
2010-01-27,2010-01-28,SHORT,89.93,89.798,-121.09,15.77,1
2010-01-28,2010-01-29,SHORT,89.758,90.29,-125.65,-67.07,1
2010-01-29,2010-02-01,SHORT,90.25,90.78,-88.56,-47.1,3
2010-02-01,2010-02-02,SHORT,90.74,90.448,-93.56,27.15,1
2010-02-02,2010-02-03,SHORT,90.408,90.86,-93.49,-42.43,1
2010-02-03,2010-02-04,SHORT,90.82,89.43,-93.63,129.98,1
2010-02-04,2010-02-05,SHORT,89.39,89.24,-82.97,12.3,1
2010-02-05,2010-02-08,SHORT,89.2,89.24,-80.22,-3.35,3
2010-02-08,2010-02-09,SHORT,89.2,89.788,-86.08,-50.77,1
2010-02-09,2010-02-15,SHORT,89.748,90.07,-82.75,-26.79,6
2010-02-15,2010-02-16,SHORT,90.03,90.264,-95.86,-22.6,1
2010-02-16,2010-02-18,SHORT,90.224,91.997,-97.02,-172.19,2
2010-02-18,2010-02-19,LONG,91.997,91.52,298.27,-142.82,1
2010-02-19,2010-02-22,SHORT,91.52,91.255,-255.02,67.11,3
2010-02-22,2010-02-23,SHORT,91.215,90.18,-200.38,207.03,1
2010-02-23,2010-02-25,SHORT,90.14,89.29,-91.84,77.9,2
2010-02-25,2010-02-26,SHORT,89.25,88.941,-102.3,31.43,1
2010-02-26,2010-03-01,SHORT,88.901,89.17,-100.1,-27.11,3
2010-03-01,2010-03-02,SHORT,89.13,88.76,-100.71,37.09,1
2010-03-02,2010-03-03,SHORT,88.72,88.59,-106.81,13.7,1
2010-03-03,2010-03-04,SHORT,88.55,89.18,-197.27,-124.63,1
2010-03-04,2010-03-05,SHORT,89.14,90.24,-233.98,-257.8,1
2010-03-05,2010-03-08,SHORT,90.2,90.306,-89.18,-9.61,3
2010-03-08,2010-03-09,SHORT,90.266,90.009,-91.11,23.25,1
2010-03-09,2010-03-11,SHORT,89.969,90.668,-95.16,-66.69,2
2010-03-11,2010-03-12,SHORT,90.628,90.56,-145.23,9.61,1
2010-03-12,2010-03-15,SHORT,90.52,90.34,-181.63,32.36,3
2010-03-15,2010-03-16,SHORT,90.3,90.31,-142.07,-1.68,1
2010-03-16,2010-03-17,SHORT,90.27,90.423,-207.28,-32.09,1
2010-03-17,2010-03-18,SHORT,90.383,90.5,-269.67,-32.04,1
2010-03-18,2010-03-19,SHORT,90.46,90.54,-225.24,-18.43,1
2010-03-19,2010-03-22,SHORT,90.5,90.36,-115.2,15.92,3
2010-03-22,2010-03-23,SHORT,90.32,90.386,-114.19,-7.74,1
2010-03-23,2010-03-24,SHORT,90.346,92.034,-122.02,-206.2,1
2010-03-24,2010-03-25,LONG,92.034,92.493,254.41,116.3,1
2010-03-25,2010-03-26,LONG,92.533,92.487,279.8,-13.39,1
2010-03-26,2010-03-29,LONG,92.527,92.47,302.32,-17.79,3
2010-03-29,2010-03-30,LONG,92.51,92.8,367.14,105.79,1
2010-03-30,2010-03-31,LONG,92.84,93.5,384.43,253.0,1
2010-03-31,2010-04-01,LONG,93.54,93.83,385.83,111.17,1
2010-04-01,2010-04-02,LONG,93.87,94.51,395.58,252.43,1
2010-04-02,2010-04-05,LONG,94.55,94.31,385.1,-93.15,3
2010-04-05,2010-04-06,LONG,94.35,93.774,388.23,-224.35,1
2010-04-06,2010-04-07,SHORT,93.774,93.329,-296.1,131.21,1
2010-04-07,2010-04-08,SHORT,93.289,93.44,-144.96,-22.16,1
2010-04-08,2010-04-09,SHORT,93.4,93.18,-110.42,24.09,1
2010-04-09,2010-04-12,SHORT,93.14,93.203,-105.46,-6.84,3
2010-04-12,2010-04-13,SHORT,93.163,93.2,-103.4,-4.02,1
2010-04-13,2010-04-14,SHORT,93.16,93.338,-115.12,-20.71,1
2010-04-14,2010-04-15,SHORT,93.298,93.06,-118.73,28.04,1
2010-04-15,2010-04-16,SHORT,93.02,92.17,-141.57,120.07,1
2010-04-16,2010-04-19,SHORT,92.13,92.48,-358.85,-126.26,3
2010-04-19,2010-04-20,SHORT,92.44,93.191,-270.31,-203.51,1
2010-04-20,2010-04-21,SHORT,93.151,93.074,-107.58,8.08,1
2010-04-21,2010-04-22,SHORT,93.034,93.418,-110.24,-42.54,1
2010-04-22,2010-04-23,LONG,93.418,93.93,111.79,57.03,1
2010-04-23,2010-04-26,LONG,93.97,93.88,107.29,-9.86,3
2010-04-26,2010-04-27,LONG,93.92,93.124,109.69,-87.52,1
2010-04-27,2010-04-28,SHORT,93.124,93.98,-108.94,-93.46,1
2010-04-28,2010-04-29,LONG,93.98,93.993,102.82,1.14,1
2010-04-29,2010-04-30,LONG,94.033,93.81,104.89,-23.59,1
2010-04-30,2010-05-03,LONG,93.85,94.672,178.1,146.06,3
2010-05-03,2010-05-04,LONG,94.712,94.69,205.17,-4.9,1
2010-05-04,2010-05-05,LONG,94.73,93.761,170.69,-165.71,1
2010-05-05,2010-05-06,LONG,93.801,90.81,97.19,-290.88,1
2010-05-06,2010-05-07,SHORT,90.81,91.6,-102.05,-80.8,1
2010-05-07,2010-05-10,SHORT,91.56,93.2,-83.86,-137.69,3
2010-05-10,2010-05-13,SHORT,93.16,92.797,-62.02,22.4,3
2010-05-13,2010-05-14,SHORT,92.757,92.48,-60.31,16.6,1
2010-05-14,2010-05-17,SHORT,92.44,92.57,-58.09,-7.66,3
2010-05-17,2010-05-18,SHORT,92.53,91.921,-59.87,36.35,1
2010-05-18,2010-05-19,SHORT,91.881,91.56,-74.03,23.63,1
2010-05-19,2010-05-20,SHORT,91.52,89.39,-60.85,129.49,1
2010-05-20,2010-05-21,SHORT,89.35,90.006,-52.47,-34.51,1
2010-05-21,2010-05-24,SHORT,89.966,90.21,-51.77,-12.73,3
2010-05-24,2010-05-25,SHORT,90.17,90.352,-99.45,-18.28,1
2010-05-25,2010-05-26,SHORT,90.312,89.99,-79.45,25.44,1
2010-05-26,2010-05-27,SHORT,89.95,90.899,-157.73,-149.97,1
2010-05-27,2010-05-28,SHORT,90.859,91.072,-91.53,-19.66,1
2010-05-28,2010-05-31,SHORT,91.032,91.21,-74.94,-13.48,3
2010-05-31,2010-06-01,SHORT,91.17,91.12,-76.76,3.7,1
2010-06-01,2010-06-02,SHORT,91.08,92.21,-76.32,-86.38,1
2010-06-02,2010-06-03,SHORT,92.17,92.643,-74.56,-35.41,1
2010-06-03,2010-06-04,SHORT,92.603,91.9,-240.7,168.77,1
2010-06-04,2010-06-07,SHORT,91.86,91.536,-131.92,42.5,3
2010-06-07,2010-06-08,SHORT,91.496,91.43,-88.84,5.7,1
2010-06-08,2010-06-09,SHORT,91.39,91.385,-75.02,0.24,1
2010-06-09,2010-06-10,SHORT,91.345,91.329,-118.63,1.68,1
2010-06-10,2010-06-11,SHORT,91.289,91.64,-91.26,-32.2,1
2010-06-11,2010-06-14,SHORT,91.6,91.64,-93.81,-3.92,3
2010-06-14,2010-06-15,SHORT,91.6,91.494,-97.83,10.19,1
2010-06-15,2010-06-16,SHORT,91.454,91.416,-99.9,3.61,1
2010-06-16,2010-06-17,SHORT,91.376,90.86,-145.72,74.93,1
2010-06-17,2010-06-18,SHORT,90.82,90.72,-308.04,30.25,1
2010-06-18,2010-06-21,SHORT,90.68,91.015,-276.48,-93.13,3
2010-06-21,2010-06-22,SHORT,90.975,90.56,-124.35,51.38,1
2010-06-22,2010-06-23,SHORT,90.52,89.93,-182.18,107.16,1
2010-06-23,2010-06-24,SHORT,89.89,89.65,-236.45,56.32,1
2010-06-24,2010-06-25,SHORT,89.61,89.17,-268.79,117.79,1
2010-06-25,2010-06-28,SHORT,89.13,89.333,-391.98,-80.27,3
2010-06-28,2010-06-29,SHORT,89.293,88.669,-370.45,230.5,1
2010-06-29,2010-06-30,SHORT,88.629,88.45,-372.76,66.06,1
2010-06-30,2010-07-01,SHORT,88.41,87.62,-384.53,303.11,1
2010-07-01,2010-07-02,SHORT,87.58,87.81,-354.93,-82.26,1
2010-07-02,2010-07-05,SHORT,87.77,87.645,-309.34,38.13,3
2010-07-05,2010-07-06,SHORT,87.605,87.5,-376.98,38.92,1
2010-07-06,2010-07-07,SHORT,87.46,87.7,-369.99,-89.45,1
2010-07-07,2010-07-08,SHORT,87.66,88.43,-307.97,-237.68,1
2010-07-08,2010-07-09,SHORT,88.39,88.59,-141.6,-28.57,1
2010-07-09,2010-07-12,SHORT,88.55,88.659,-118.5,-13.13,3
2010-07-12,2010-07-13,SHORT,88.619,88.813,-118.35,-23.17,1
2010-07-13,2010-07-14,LONG,88.813,88.25,118.28,-66.8,1
2010-07-14,2010-07-16,SHORT,88.25,86.58,-115.05,191.94,2
2010-07-16,2010-07-19,SHORT,86.54,86.78,-130.45,-31.53,3
2010-07-19,2010-07-20,SHORT,86.74,87.262,-105.74,-55.38,1
2010-07-20,2010-07-21,SHORT,87.222,86.881,-101.48,34.43,1
2010-07-21,2010-07-22,SHORT,86.841,87.144,-110.0,-33.52,1
2010-07-22,2010-07-23,SHORT,87.104,87.54,-143.57,-62.85,1
2010-07-23,2010-07-26,SHORT,87.5,87.018,-106.55,51.17,3
2010-07-26,2010-07-27,SHORT,86.978,87.836,-147.14,-126.5,1
2010-07-27,2010-07-28,SHORT,87.796,87.472,-100.51,32.39,1
2010-07-28,2010-07-29,SHORT,87.432,86.703,-101.73,73.99,1
2010-07-29,2010-07-30,SHORT,86.663,86.46,-97.1,19.54,1
2010-07-30,2010-08-03,SHORT,86.42,85.8,-96.86,59.89,4
2010-08-03,2010-08-04,SHORT,85.76,85.8,-123.39,-5.15,1
2010-08-04,2010-08-05,SHORT,85.76,86.32,-100.64,-56.53,1
2010-08-05,2010-08-06,SHORT,86.28,85.853,-105.37,44.81,1
2010-08-06,2010-08-09,SHORT,85.813,85.364,-144.99,64.85,3
2010-08-09,2010-08-10,SHORT,85.324,85.917,-147.3,-87.6,1
2010-08-10,2010-08-11,SHORT,85.877,85.38,-177.79,88.06,1
2010-08-11,2010-08-12,SHORT,85.34,85.192,-182.01,26.63,1
2010-08-12,2010-08-13,SHORT,85.152,86.094,-147.75,-139.43,1
2010-08-13,2010-08-16,SHORT,86.054,86.16,-94.79,-10.21,3
2010-08-16,2010-08-17,SHORT,86.12,85.327,-96.39,76.27,1
2010-08-17,2010-08-18,SHORT,85.287,85.615,-94.88,-31.28,1
2010-08-18,2010-08-19,SHORT,85.575,85.46,-98.05,11.11,1
2010-08-19,2010-08-20,SHORT,85.42,85.364,-96.29,5.23,1
2010-08-20,2010-08-23,SHORT,85.324,85.58,-95.7,-24.66,3
2010-08-23,2010-08-24,SHORT,85.54,85.161,-98.64,37.22,1
2010-08-24,2010-08-25,SHORT,85.121,84.198,-92.04,84.79,1
2010-08-25,2010-08-26,SHORT,84.158,84.704,-102.33,-56.05,1
2010-08-26,2010-08-27,SHORT,84.664,84.366,-93.11,27.59,1
2010-08-27,2010-08-30,SHORT,84.326,85.521,-162.09,-193.97,3
2010-08-30,2010-08-31,SHORT,85.481,84.552,-86.26,79.99,1
2010-08-31,2010-09-01,SHORT,84.512,84.16,-84.21,29.5,1
2010-09-01,2010-09-02,SHORT,84.12,84.427,-94.83,-29.27,1
2010-09-02,2010-09-03,SHORT,84.387,84.27,-88.77,10.24,1
2010-09-03,2010-09-06,SHORT,84.23,84.45,-88.12,-19.54,3
2010-09-06,2010-09-07,SHORT,84.41,84.14,-91.88,24.65,1
2010-09-07,2010-09-08,SHORT,84.1,83.752,-89.05,30.84,1
2010-09-08,2010-09-09,SHORT,83.712,83.97,-90.75,-23.57,1
2010-09-09,2010-09-10,SHORT,83.93,83.95,-91.43,-1.98,1
2010-09-10,2010-09-13,SHORT,83.91,84.327,-90.89,-38.05,3
2010-09-13,2010-09-14,SHORT,84.287,83.701,-144.29,84.31,1
2010-09-14,2010-09-15,SHORT,83.661,83.068,-112.11,66.29,1
2010-09-15,2010-09-16,SHORT,83.028,85.72,-113.45,-305.61,1
2010-09-16,2010-09-17,SHORT,85.68,85.868,-72.74,-13.8,1
2010-09-17,2010-09-20,SHORT,85.828,85.71,-90.38,10.51,3
2010-09-20,2010-09-21,SHORT,85.67,85.722,-84.89,-4.56,1
2010-09-21,2010-09-22,SHORT,85.682,85.133,-105.94,57.98,1
2010-09-22,2010-09-23,SHORT,85.093,84.5,-83.72,49.51,1
2010-09-23,2010-09-28,SHORT,84.46,84.295,-83.36,13.61,5
2010-09-28,2010-09-29,SHORT,84.255,83.912,-83.46,28.49,1
2010-09-29,2010-09-30,SHORT,83.872,83.786,-82.07,6.92,1
2010-09-30,2010-10-01,SHORT,83.746,83.59,-272.82,42.1,1
2010-10-01,2010-10-04,SHORT,83.55,83.353,-319.28,62.37,3
2010-10-04,2010-10-05,SHORT,83.313,83.523,-336.23,-71.17,1
2010-10-05,2010-10-06,SHORT,83.483,83.21,-341.83,92.75,1
2010-10-06,2010-10-07,SHORT,83.17,82.987,-402.91,73.06,1
2010-10-07,2010-10-08,SHORT,82.947,82.4,-360.47,196.59,1
2010-10-08,2010-10-11,SHORT,82.36,81.84,-364.54,188.96,3
2010-10-11,2010-10-12,SHORT,81.8,82.109,-369.25,-114.7,1
2010-10-12,2010-10-13,SHORT,82.069,81.8,-320.14,85.59,1
2010-10-13,2010-10-14,SHORT,81.76,81.818,-331.77,-19.78,1
2010-10-14,2010-10-15,SHORT,81.778,81.49,-327.65,93.83,1
2010-10-15,2010-10-18,SHORT,81.45,81.398,-319.99,16.12,3
2010-10-18,2010-10-19,SHORT,81.358,81.218,-318.33,44.05,1
2010-10-19,2010-10-20,SHORT,81.178,81.562,-374.32,-144.35,1
2010-10-20,2010-10-21,SHORT,81.522,81.075,-264.48,117.79,1
2010-10-21,2010-10-22,SHORT,81.035,81.32,-276.39,-79.22,1
2010-10-22,2010-10-25,SHORT,81.28,81.329,-177.92,-9.01,3
2010-10-25,2010-10-26,SHORT,81.289,80.845,-117.12,51.81,1
2010-10-26,2010-10-27,SHORT,80.805,81.357,-235.71,-130.5,1
2010-10-27,2010-10-28,SHORT,81.317,81.699,-114.66,-43.99,1
2010-10-28,2010-11-01,SHORT,81.659,80.426,-118.2,145.54,4
2010-11-01,2010-11-02,SHORT,80.386,80.579,-104.74,-20.38,1
2010-11-02,2010-11-03,SHORT,80.539,80.688,-103.05,-15.52,1
2010-11-03,2010-11-04,SHORT,80.648,81.07,-103.61,-43.89,1
2010-11-04,2010-11-05,SHORT,81.03,80.796,-105.77,24.58,1
2010-11-05,2010-11-08,SHORT,80.756,81.16,-101.75,-41.27,3
2010-11-08,2010-11-11,SHORT,81.12,82.224,-103.0,-113.88,3
2010-11-11,2010-11-12,LONG,82.224,82.39,92.96,15.28,1
2010-11-12,2010-11-15,LONG,82.43,82.45,93.86,1.72,3
2010-11-15,2010-11-16,LONG,82.49,83.142,285.75,185.83,1
2010-11-16,2010-11-17,LONG,83.182,83.36,308.22,54.35,1
2010-11-17,2010-11-18,LONG,83.4,83.08,320.6,-103.12,1
2010-11-18,2010-11-19,LONG,83.12,83.52,264.74,105.46,1
2010-11-19,2010-11-22,LONG,83.56,83.465,366.39,-35.42,3
2010-11-22,2010-11-23,LONG,83.505,83.27,351.54,-83.2,1
2010-11-23,2010-11-24,LONG,83.31,83.249,310.7,-19.47,1
2010-11-24,2010-11-25,LONG,83.289,83.5,280.61,58.74,1
2010-11-25,2010-11-26,LONG,83.54,83.61,262.64,17.95,1
2010-11-26,2010-11-29,LONG,83.65,84.137,252.67,122.62,3
2010-11-29,2010-11-30,LONG,84.177,84.234,289.43,16.01,1
2010-11-30,2010-12-01,LONG,84.274,83.658,260.24,-160.74,1
2010-12-01,2010-12-02,LONG,83.698,84.103,129.34,52.17,1
2010-12-02,2010-12-03,LONG,84.143,83.729,196.79,-81.8,1
2010-12-03,2010-12-06,LONG,83.769,82.76,120.46,-121.75,3
2010-12-06,2010-12-07,SHORT,82.76,82.69,-117.15,8.01,1
2010-12-07,2010-12-08,SHORT,82.65,83.499,-113.38,-96.45,1
2010-12-08,2010-12-09,SHORT,83.459,84.12,-103.21,-68.4,1
2010-12-09,2010-12-10,LONG,84.12,83.796,102.25,-33.3,1
2010-12-10,2010-12-14,LONG,83.836,83.42,98.75,-41.24,4
2010-12-14,2010-12-15,SHORT,83.42,83.81,-95.8,-37.52,1
2010-12-15,2010-12-20,LONG,83.81,83.99,94.19,16.8,5
2010-12-20,2010-12-21,LONG,84.03,83.751,134.49,-37.75,1
2010-12-21,2010-12-22,LONG,83.791,83.77,120.87,-2.74,1
2010-12-22,2010-12-23,LONG,83.81,83.54,104.5,-28.39,1
2010-12-23,2010-12-24,SHORT,83.54,83.04,-110.73,55.18,1
2010-12-24,2010-12-27,SHORT,83.0,82.939,-130.87,7.77,3
2010-12-27,2010-12-28,SHORT,82.899,82.74,-185.32,29.16,1
2010-12-28,2010-12-29,SHORT,82.7,82.376,-152.0,49.0,1
2010-12-29,2010-12-30,SHORT,82.336,81.638,-295.18,205.55,1
2010-12-30,2010-12-31,SHORT,81.598,81.5,-473.58,45.64,1
2010-12-31,2011-01-03,SHORT,81.46,81.143,-480.37,151.5,3
2011-01-03,2011-01-04,SHORT,81.103,81.69,-510.37,-300.42,1
2011-01-04,2011-01-05,SHORT,81.65,82.058,-317.15,-129.92,1
2011-01-05,2011-01-06,SHORT,82.018,83.209,-215.75,-257.32,1
2011-01-06,2011-01-12,LONG,83.209,83.32,102.79,11.24,6
2011-01-12,2011-01-13,LONG,83.36,83.05,99.32,-30.95,1
2011-01-13,2011-01-14,LONG,83.09,82.742,137.71,-48.15,1
2011-01-14,2011-01-17,LONG,82.782,82.867,114.05,9.51,3
2011-01-17,2011-01-18,LONG,82.907,82.65,172.01,-44.49,1
2011-01-18,2011-01-19,LONG,82.69,82.592,108.27,-10.79,1
2011-01-19,2011-01-20,LONG,82.632,82.135,105.61,-52.66,1
2011-01-20,2011-01-21,SHORT,82.135,82.94,-153.23,-123.6,1
2011-01-21,2011-01-24,LONG,82.94,82.566,99.47,-37.37,3
2011-01-24,2011-01-25,LONG,82.606,82.522,104.99,-8.99,1
2011-01-25,2011-01-26,LONG,82.562,82.24,118.11,-38.23,1
2011-01-26,2011-01-27,SHORT,82.24,82.183,-193.17,10.69,1
2011-01-27,2011-01-28,SHORT,82.143,82.905,-165.27,-126.21,1
2011-01-28,2011-01-31,LONG,82.905,82.069,119.88,-100.42,3
2011-01-31,2011-02-01,SHORT,82.069,82.09,-117.34,-2.66,1
2011-02-01,2011-02-02,SHORT,82.05,81.411,-118.22,75.35,1
2011-02-02,2011-02-03,SHORT,81.371,81.513,-138.52,-19.89,1
2011-02-03,2011-02-04,SHORT,81.473,81.67,-119.04,-23.65,1
2011-02-04,2011-02-07,SHORT,81.63,82.24,-190.04,-116.24,3
2011-02-07,2011-02-08,SHORT,82.2,82.309,-117.81,-13.04,1
2011-02-08,2011-02-10,SHORT,82.269,82.439,-118.71,-20.38,2
2011-02-10,2011-02-11,LONG,82.439,83.32,125.6,110.45,1
2011-02-11,2011-02-14,LONG,83.36,83.424,116.73,7.28,3
2011-02-14,2011-02-15,LONG,83.464,83.393,229.63,-16.69,1
2011-02-15,2011-02-16,LONG,83.433,83.696,223.05,58.29,1
2011-02-16,2011-02-17,LONG,83.736,83.59,474.12,-70.02,1
2011-02-17,2011-02-18,LONG,83.63,83.27,439.43,-158.93,1
2011-02-18,2011-02-21,LONG,83.31,83.06,337.16,-84.85,3
2011-02-21,2011-02-22,SHORT,83.06,83.086,-215.29,-5.96,1
2011-02-22,2011-02-23,SHORT,83.046,82.78,-201.93,53.38,1
2011-02-23,2011-02-24,SHORT,82.74,82.458,-140.66,39.43,1
2011-02-24,2011-02-25,SHORT,82.418,82.067,-131.11,45.81,1
2011-02-25,2011-02-28,SHORT,82.027,81.642,-322.75,123.73,3
2011-02-28,2011-03-01,SHORT,81.602,81.893,-401.67,-117.54,1
2011-03-01,2011-03-02,SHORT,81.853,81.918,-304.06,-20.26,1
2011-03-02,2011-03-03,SHORT,81.878,81.848,-422.37,11.98,1
2011-03-03,2011-03-04,SHORT,81.808,82.387,-451.49,-262.15,1
2011-03-04,2011-03-07,SHORT,82.347,82.363,-196.2,-3.46,3
2011-03-07,2011-03-08,SHORT,82.323,82.312,-174.16,1.63,1
2011-03-08,2011-03-09,SHORT,82.272,82.82,-178.01,-97.85,1
2011-03-09,2011-03-10,LONG,82.82,82.813,136.9,-1.19,1
2011-03-10,2011-03-11,LONG,82.853,82.898,135.87,5.89,1
2011-03-11,2011-03-14,LONG,82.938,81.264,206.11,-345.36,3
2011-03-14,2011-03-15,SHORT,81.264,81.84,-107.61,-62.16,1
2011-03-15,2011-03-16,SHORT,81.8,81.076,-101.84,73.57,1
2011-03-16,2011-03-17,SHORT,81.036,79.148,-97.85,184.58,1
2011-03-17,2011-03-18,SHORT,79.108,79.52,-148.9,-61.58,1
2011-03-18,2011-03-21,SHORT,79.48,81.035,-138.99,-216.36,3
2011-03-21,2011-03-22,SHORT,80.995,81.229,-66.84,-15.75,1
2011-03-22,2011-03-23,SHORT,81.189,81.059,-67.36,8.65,1
2011-03-23,2011-03-24,SHORT,81.019,80.887,-67.88,8.85,1
2011-03-24,2011-03-25,SHORT,80.847,81.034,-75.97,-14.33,1
2011-03-25,2011-03-28,SHORT,80.994,81.469,-72.74,-34.67,3
2011-03-28,2011-03-30,SHORT,81.429,82.431,-70.19,-70.45,2
2011-03-30,2011-03-31,LONG,82.431,83.13,65.06,45.37,1
2011-03-31,2011-04-01,LONG,83.17,83.34,231.53,38.97,1
2011-04-01,2011-04-04,LONG,83.38,84.2,231.28,189.26,3
2011-04-04,2011-04-05,LONG,84.24,84.11,228.27,-30.06,1
2011-04-05,2011-04-06,LONG,84.15,85.14,227.02,224.36,1
2011-04-06,2011-04-07,LONG,85.18,85.3,287.77,34.04,1
2011-04-07,2011-04-08,LONG,85.34,84.94,359.69,-144.49,1
2011-04-08,2011-04-11,LONG,84.98,85.02,338.08,12.95,3
2011-04-11,2011-04-12,LONG,85.06,84.61,324.71,-146.67,1
2011-04-12,2011-04-13,SHORT,84.61,83.62,-232.89,230.17,1
2011-04-13,2011-04-14,SHORT,83.58,83.803,-87.4,-19.64,1
2011-04-14,2011-04-18,SHORT,83.763,83.167,-85.21,50.64,4
2011-04-18,2011-04-19,SHORT,83.127,82.354,-80.87,62.38,1
2011-04-19,2011-04-20,SHORT,82.314,82.6,-129.12,-37.14,1
2011-04-20,2011-04-21,SHORT,82.56,82.46,-107.3,10.55,1
2011-04-21,2011-04-22,SHORT,82.42,81.917,-226.61,113.61,1
2011-04-22,2011-04-25,SHORT,81.877,81.89,-275.82,-4.04,3
2011-04-25,2011-04-26,SHORT,81.85,81.86,-277.5,-3.23,1
2011-04-26,2011-04-27,SHORT,81.82,81.531,-295.54,84.93,1
2011-04-27,2011-04-28,SHORT,81.491,82.224,-292.96,-215.22,1
2011-04-28,2011-04-29,SHORT,82.184,81.55,-142.91,90.37,1
2011-04-29,2011-05-02,SHORT,81.51,81.247,-194.87,50.93,3
2011-05-02,2011-05-03,SHORT,81.207,81.2,-179.79,0.97,1
2011-05-03,2011-05-04,SHORT,81.16,80.989,-146.05,24.74,1
2011-05-04,2011-05-05,SHORT,80.949,80.66,-214.8,61.73,1
2011-05-05,2011-05-06,SHORT,80.62,80.437,-216.47,39.27,1
2011-05-06,2011-05-09,SHORT,80.397,80.754,-213.28,-76.49,3
2011-05-09,2011-05-10,SHORT,80.714,80.262,-153.82,69.28,1
2011-05-10,2011-05-11,SHORT,80.222,81.031,-191.07,-154.89,1
2011-05-11,2011-05-12,SHORT,80.991,81.03,-107.24,-4.36,1
2011-05-12,2011-05-13,SHORT,80.99,81.06,-154.38,-11.06,1
2011-05-13,2011-05-16,SHORT,81.02,80.837,-107.11,19.43,3
2011-05-16,2011-05-17,SHORT,80.797,80.802,-107.2,-0.71,1
2011-05-17,2011-05-18,SHORT,80.762,81.441,-111.24,-75.72,1
2011-05-18,2011-05-19,SHORT,81.401,81.681,-112.33,-31.64,1
2011-05-19,2011-05-20,SHORT,81.641,81.734,-158.86,-15.03,1
2011-05-20,2011-05-23,SHORT,81.694,81.76,-221.01,-14.95,3
2011-05-23,2011-05-24,SHORT,81.72,81.977,-188.3,-48.7,1
2011-05-24,2011-05-25,SHORT,81.937,82.068,-363.14,-48.17,1
2011-05-25,2011-05-26,LONG,82.068,82.002,350.1,-23.68,1
2011-05-26,2011-05-27,SHORT,82.002,81.29,-329.46,234.04,1
2011-05-27,2011-06-02,SHORT,81.25,80.914,-117.53,39.3,6
2011-06-02,2011-06-03,SHORT,80.874,80.99,-127.17,-14.96,1
2011-06-03,2011-06-06,SHORT,80.95,80.24,-116.37,82.43,3
2011-06-06,2011-06-07,SHORT,80.2,80.14,-189.76,11.08,1
2011-06-07,2011-06-08,SHORT,80.1,80.19,-249.1,-22.82,1
2011-06-08,2011-06-09,SHORT,80.15,79.91,-264.24,62.99,1
2011-06-09,2011-06-10,SHORT,79.87,80.31,-276.62,-122.16,1
2011-06-10,2011-06-13,SHORT,80.27,80.36,-143.63,-13.16,3
2011-06-13,2011-06-14,SHORT,80.32,80.196,-120.61,14.76,1
2011-06-14,2011-06-15,SHORT,80.156,80.56,-118.77,-48.17,1
2011-06-15,2011-06-16,SHORT,80.52,80.9,-155.37,-59.29,1
2011-06-16,2011-06-17,SHORT,80.86,80.597,-128.9,33.69,1
2011-06-17,2011-06-20,SHORT,80.557,80.096,-124.53,57.21,3
2011-06-20,2011-06-23,SHORT,80.056,80.403,-131.29,-45.77,3
2011-06-23,2011-06-24,SHORT,80.363,80.46,-157.24,-15.5,1
2011-06-24,2011-06-28,SHORT,80.42,80.87,-168.4,-76.05,4
2011-06-28,2011-06-29,SHORT,80.83,81.1,-190.86,-51.84,1
2011-06-29,2011-06-30,SHORT,81.06,80.73,-159.74,52.46,1
2011-06-30,2011-07-04,SHORT,80.69,80.9,-153.23,-32.43,4
2011-07-04,2011-07-05,SHORT,80.86,80.753,-280.43,29.55,1
2011-07-05,2011-07-06,SHORT,80.713,81.09,-185.37,-70.19,1
2011-07-06,2011-07-07,SHORT,81.05,80.958,-271.88,24.57,1
2011-07-07,2011-07-08,SHORT,80.918,81.25,-187.06,-62.41,1
2011-07-08,2011-07-11,SHORT,81.21,80.67,-225.41,121.36,3
2011-07-11,2011-07-12,SHORT,80.63,80.31,-149.99,47.76,1
2011-07-12,2011-07-13,SHORT,80.27,79.338,-131.93,122.75,1
2011-07-13,2011-07-14,SHORT,79.298,78.94,-237.73,84.73,1
2011-07-14,2011-07-15,SHORT,78.9,79.2,-225.93,-68.14,1
2011-07-15,2011-07-18,SHORT,79.16,79.133,-174.98,4.45,3
2011-07-18,2011-07-19,SHORT,79.093,79.07,-235.31,5.04,1
2011-07-19,2011-07-20,SHORT,79.03,79.146,-236.59,-27.82,1
2011-07-20,2011-07-21,SHORT,79.106,78.774,-302.52,99.96,1
2011-07-21,2011-07-22,SHORT,78.734,78.604,-310.6,39.89,1
2011-07-22,2011-07-25,SHORT,78.564,78.4,-384.05,62.38,3
2011-07-25,2011-07-26,SHORT,78.36,78.32,-368.1,14.15,1
2011-07-26,2011-07-27,SHORT,78.28,77.934,-354.14,121.98,1
2011-07-27,2011-07-28,SHORT,77.894,77.95,-316.76,-18.23,1
2011-07-28,2011-07-29,SHORT,77.91,77.75,-289.27,45.83,1
2011-07-29,2011-08-01,SHORT,77.71,77.233,-439.53,208.98,3
2011-08-01,2011-08-02,SHORT,77.193,77.48,-442.99,-127.83,1
2011-08-02,2011-08-03,SHORT,77.44,77.355,-371.99,31.04,1
2011-08-03,2011-08-04,SHORT,77.315,77.132,-430.27,78.07,1
2011-08-04,2011-08-05,SHORT,77.092,79.31,-317.32,-704.32,1
2011-08-05,2011-08-08,LONG,79.31,78.234,88.5,-95.37,3
2011-08-08,2011-08-09,LONG,78.274,77.565,79.79,-56.7,1
2011-08-09,2011-08-10,SHORT,77.565,77.07,-76.19,37.6,1
2011-08-10,2011-08-11,SHORT,77.03,76.779,-74.0,18.46,1
2011-08-11,2011-08-12,SHORT,76.739,76.88,-72.2,-10.29,1
2011-08-12,2011-08-15,SHORT,76.84,76.84,-72.38,-0.11,3
2011-08-15,2011-08-16,SHORT,76.8,76.86,-72.2,-4.44,1
2011-08-16,2011-08-17,SHORT,76.82,76.774,-74.32,3.3,1
2011-08-17,2011-08-18,SHORT,76.734,76.567,-74.21,12.28,1
2011-08-18,2011-08-19,SHORT,76.527,76.657,-77.13,-10.15,1
2011-08-19,2011-08-22,SHORT,76.617,76.806,-279.78,-53.31,3
2011-08-22,2011-08-23,SHORT,76.766,76.852,-216.19,-18.92,1
2011-08-23,2011-08-24,SHORT,76.812,76.68,-157.07,20.49,1
2011-08-24,2011-08-25,SHORT,76.64,77.073,-131.29,-57.05,1
2011-08-25,2011-08-26,SHORT,77.033,77.455,-114.97,-48.69,1
2011-08-26,2011-08-29,SHORT,77.415,76.702,-180.88,128.69,3
2011-08-29,2011-09-07,SHORT,76.662,77.638,-130.57,-127.64,9
2011-09-07,2011-09-08,LONG,77.638,77.281,181.39,-65.04,1
2011-09-08,2011-09-12,SHORT,77.281,77.483,-144.82,-29.48,4
2011-09-12,2011-09-13,SHORT,77.443,77.2,-216.74,52.33,1
2011-09-13,2011-09-14,SHORT,77.16,76.952,-132.43,27.34,1
2011-09-14,2011-09-15,SHORT,76.912,76.697,-136.44,29.12,1
2011-09-15,2011-09-20,SHORT,76.657,76.616,-143.66,5.67,5
2011-09-20,2011-09-21,SHORT,76.576,76.483,-148.7,13.6,1
2011-09-21,2011-09-22,SHORT,76.443,76.558,-338.85,-39.49,1
2011-09-22,2011-09-23,SHORT,76.518,76.326,-241.82,46.06,1
2011-09-23,2011-09-26,SHORT,76.286,76.56,-370.39,-102.05,3
2011-09-26,2011-09-27,SHORT,76.52,76.356,-267.68,43.49,1
2011-09-27,2011-09-28,SHORT,76.316,76.828,-264.4,-135.78,1
2011-09-28,2011-10-03,SHORT,76.788,77.21,-149.63,-63.38,5
2011-10-03,2011-10-04,SHORT,77.17,76.612,-157.34,87.55,1
2011-10-04,2011-10-05,SHORT,76.572,76.78,-154.46,-32.36,1
2011-10-05,2011-10-06,SHORT,76.74,76.802,-156.05,-9.91,1
2011-10-06,2011-10-07,SHORT,76.762,76.678,-156.88,12.94,1
2011-10-07,2011-10-10,SHORT,76.638,76.79,-163.35,-25.08,3
2011-10-10,2011-10-11,SHORT,76.75,76.68,-168.64,11.54,1
2011-10-11,2011-10-12,SHORT,76.64,76.687,-175.59,-8.52,1
2011-10-12,2011-10-13,SHORT,76.647,77.2,-167.45,-92.86,1
2011-10-13,2011-10-14,LONG,77.2,76.86,182.07,-62.19,1
2011-10-14,2011-10-17,SHORT,76.86,77.24,-162.68,-62.07,3
2011-10-17,2011-10-18,LONG,77.24,76.811,154.81,-66.65,1
2011-10-18,2011-10-19,SHORT,76.811,76.797,-153.33,1.91,1
2011-10-19,2011-10-21,SHORT,76.757,76.88,-160.14,-19.94,2
2011-10-21,2011-10-24,SHORT,76.84,76.23,-159.77,97.22,3
2011-10-24,2011-10-25,SHORT,76.19,76.152,-156.38,5.7,1
2011-10-25,2011-10-26,SHORT,76.112,76.129,-155.28,-2.88,1
2011-10-26,2011-10-27,SHORT,76.089,76.204,-151.88,-17.7,1
2011-10-27,2011-10-28,SHORT,76.164,75.95,-292.93,62.24,1
2011-10-28,2011-10-31,SHORT,75.91,75.76,-278.43,41.34,3
2011-10-31,2011-11-01,SHORT,75.72,78.328,-323.5,-844.19,1
2011-11-01,2011-11-02,LONG,78.328,78.286,122.73,-5.35,1
2011-11-02,2011-11-03,LONG,78.326,78.119,130.61,-27.24,1
2011-11-03,2011-11-04,LONG,78.159,78.033,111.58,-14.23,1
2011-11-04,2011-11-07,LONG,78.073,78.11,102.54,3.63,3
2011-11-07,2011-11-08,LONG,78.15,78.057,198.11,-18.73,1
2011-11-08,2011-11-09,LONG,78.097,77.688,197.56,-81.11,1
2011-11-09,2011-11-10,LONG,77.728,77.738,146.13,1.23,1
2011-11-10,2011-11-11,LONG,77.778,77.632,151.62,-22.37,1
2011-11-11,2011-11-14,LONG,77.672,77.136,174.53,-93.82,3
2011-11-14,2011-11-15,SHORT,77.136,77.099,-128.67,4.56,1
2011-11-15,2011-11-16,SHORT,77.059,77.08,-299.64,-6.75,1
2011-11-16,2011-11-17,SHORT,77.04,77.081,-308.46,-13.12,1
2011-11-17,2011-11-18,SHORT,77.041,76.978,-307.48,18.9,1
2011-11-18,2011-11-21,SHORT,76.938,76.859,-429.79,33.29,3
2011-11-21,2011-11-22,SHORT,76.819,76.92,-744.48,-76.34,1
2011-11-22,2011-11-23,SHORT,76.88,76.99,-661.4,-73.77,1
2011-11-23,2011-11-24,SHORT,76.95,77.292,-516.41,-177.41,1
2011-11-24,2011-11-28,LONG,77.292,77.647,276.08,97.58,4
2011-11-28,2011-11-29,LONG,77.687,78.061,250.96,93.47,1
2011-11-29,2011-11-30,LONG,78.101,77.94,388.67,-63.18,1
2011-11-30,2011-12-01,LONG,77.98,77.563,307.87,-128.86,1
2011-12-01,2011-12-02,LONG,77.603,77.73,158.16,19.84,1
2011-12-02,2011-12-05,LONG,77.77,78.06,237.72,68.57,3
2011-12-05,2011-12-06,LONG,78.1,77.792,344.5,-106.64,1
2011-12-06,2011-12-07,LONG,77.832,77.73,227.39,-23.55,1
2011-12-07,2011-12-08,LONG,77.77,77.653,195.22,-23.14,1
2011-12-08,2011-12-09,LONG,77.693,77.66,163.59,-5.65,1
2011-12-09,2011-12-12,LONG,77.7,77.592,163.58,-17.92,3
2011-12-12,2011-12-15,LONG,77.632,78.088,164.81,74.9,3
2011-12-15,2011-12-16,LONG,78.128,77.82,248.55,-76.94,1
2011-12-16,2011-12-19,LONG,77.86,77.79,194.31,-13.9,3
2011-12-19,2011-12-20,LONG,77.83,77.99,204.43,32.39,1
2011-12-20,2011-12-21,LONG,78.03,77.82,223.85,-47.36,1
2011-12-21,2011-12-22,LONG,77.86,78.05,230.47,43.43,1
2011-12-22,2011-12-23,LONG,78.09,78.14,253.09,12.26,1
2011-12-23,2011-12-26,LONG,78.18,78.06,296.29,-36.02,3
2011-12-26,2011-12-27,LONG,78.1,78.01,295.69,-27.07,1
2011-12-27,2011-12-29,LONG,78.05,77.926,241.37,-30.31,2
2011-12-29,2011-12-30,LONG,77.966,77.639,245.67,-80.72,1
2011-12-30,2012-01-02,SHORT,77.639,77.04,-218.09,130.3,3
2012-01-02,2012-01-03,SHORT,77.0,76.95,-321.08,15.56,1
2012-01-03,2012-01-04,SHORT,76.91,76.742,-454.78,75.7,1
2012-01-04,2012-01-05,SHORT,76.702,76.73,-468.32,-13.83,1
2012-01-05,2012-01-06,SHORT,76.69,77.171,-633.97,-305.92,1
2012-01-06,2012-01-09,SHORT,77.131,76.93,-372.68,74.33,3
2012-01-09,2012-01-11,SHORT,76.89,76.87,-397.51,7.34,2
2012-01-11,2012-01-12,SHORT,76.83,76.878,-393.83,-19.51,1
2012-01-12,2012-01-13,SHORT,76.838,76.799,-429.02,16.07,1
2012-01-13,2012-01-16,SHORT,76.759,76.93,-384.03,-66.26,3
2012-01-16,2012-01-24,SHORT,76.89,77.02,-195.43,-25.71,8
2012-01-24,2012-01-25,SHORT,76.98,77.707,-218.86,-159.45,1
2012-01-25,2012-01-26,LONG,77.707,77.75,415.76,17.23,1
2012-01-26,2012-01-27,LONG,77.79,77.44,438.33,-154.09,1
2012-01-27,2012-01-30,LONG,77.48,76.712,256.52,-197.4,3
2012-01-30,2012-01-31,SHORT,76.712,76.38,-148.95,49.22,1
2012-01-31,2012-02-01,SHORT,76.34,76.29,-141.73,6.87,1
2012-02-01,2012-02-02,SHORT,76.25,76.209,-142.48,5.62,1
2012-02-02,2012-02-03,SHORT,76.169,76.2,-144.77,-4.71,1
2012-02-03,2012-02-06,SHORT,76.16,76.571,-198.02,-81.69,3
2012-02-06,2012-02-07,SHORT,76.531,76.57,-134.07,-5.43,1
2012-02-07,2012-02-08,SHORT,76.53,76.81,-130.97,-36.87,1
2012-02-08,2012-02-09,SHORT,76.77,77.08,-200.03,-62.32,1
2012-02-09,2012-02-10,SHORT,77.04,77.652,-144.66,-88.76,1
2012-02-10,2012-02-13,LONG,77.652,77.68,118.81,3.14,3
2012-02-13,2012-02-14,LONG,77.72,77.49,234.15,-54.22,1
2012-02-14,2012-02-15,LONG,77.53,78.34,316.6,255.95,1
2012-02-15,2012-02-16,LONG,78.38,78.46,385.18,30.21,1
2012-02-16,2012-02-17,LONG,78.5,78.804,439.26,132.84,1
2012-02-17,2012-02-20,LONG,78.844,79.768,465.39,429.28,3
2012-02-20,2012-02-21,LONG,79.808,79.566,459.03,-111.82,1
2012-02-21,2012-02-22,LONG,79.606,79.81,405.82,82.14,1
2012-02-22,2012-02-23,LONG,79.85,80.26,382.58,156.24,1
2012-02-23,2012-02-24,LONG,80.3,79.91,391.82,-153.44,1
2012-02-24,2012-02-27,LONG,79.95,81.451,288.54,432.62,3
2012-02-27,2012-02-28,LONG,81.491,80.444,307.6,-322.55,1
2012-02-28,2012-02-29,LONG,80.484,80.46,192.92,-4.94,1
2012-02-29,2012-03-01,LONG,80.5,81.256,160.44,121.03,1
2012-03-01,2012-03-02,LONG,81.296,81.1,186.32,-36.82,1
2012-03-02,2012-03-05,LONG,81.14,81.607,154.97,72.12,3
2012-03-05,2012-03-06,LONG,81.647,81.498,138.29,-20.83,1
2012-03-06,2012-03-07,LONG,81.538,80.64,150.6,-135.48,1
2012-03-07,2012-03-08,LONG,80.68,81.318,97.61,62.12,1
2012-03-08,2012-03-09,LONG,81.358,81.56,96.4,19.32,1
2012-03-09,2012-03-12,LONG,81.6,82.353,106.13,79.74,3
2012-03-12,2012-03-13,LONG,82.393,82.343,91.03,-4.7,1
2012-03-13,2012-03-14,LONG,82.383,82.94,164.95,91.6,1
2012-03-14,2012-03-15,LONG,82.98,83.82,176.96,148.35,1
2012-03-15,2012-03-16,LONG,83.86,83.472,175.58,-68.42,1
2012-03-16,2012-03-19,LONG,83.512,83.43,166.06,-13.89,3
2012-03-19,2012-03-20,LONG,83.47,83.35,151.02,-18.37,1
2012-03-20,2012-03-21,LONG,83.39,83.63,156.1,37.2,1
2012-03-21,2012-03-22,LONG,83.67,83.183,292.17,-142.77,1
2012-03-22,2012-03-23,LONG,83.223,82.49,185.57,-136.33,1
2012-03-23,2012-03-26,SHORT,82.49,82.609,-88.59,-10.69,3
2012-03-26,2012-03-27,SHORT,82.569,83.007,-91.63,-40.29,1
2012-03-27,2012-03-28,LONG,83.007,83.028,92.65,1.79,1
2012-03-28,2012-03-29,LONG,83.068,82.812,96.66,-24.91,1
2012-03-29,2012-03-30,LONG,82.852,82.253,148.23,-89.04,1
2012-03-30,2012-04-02,SHORT,82.253,82.89,-163.83,-104.63,3
2012-04-02,2012-04-03,LONG,82.89,81.52,91.91,-126.06,1
2012-04-03,2012-04-04,SHORT,81.52,82.85,-146.35,-194.89,1
2012-04-04,2012-04-05,LONG,82.85,82.42,91.42,-39.46,1
2012-04-05,2012-04-06,SHORT,82.42,82.29,-89.19,11.45,1
2012-04-06,2012-04-09,SHORT,82.25,81.35,-84.88,76.25,3
2012-04-09,2012-04-10,SHORT,81.31,81.663,-81.56,-28.92,1
2012-04-10,2012-04-11,SHORT,81.623,80.714,-79.94,72.53,1
2012-04-11,2012-04-12,SHORT,80.674,81.028,-111.89,-39.79,1
2012-04-12,2012-04-13,SHORT,80.988,80.95,-90.22,3.28,1
2012-04-13,2012-04-16,SHORT,80.91,80.922,-85.65,-1.17,3
2012-04-16,2012-04-17,SHORT,80.882,80.401,-117.4,56.28,1
2012-04-17,2012-04-18,SHORT,80.361,81.08,-86.65,-62.44,1
2012-04-18,2012-04-19,SHORT,81.04,81.32,-138.87,-39.11,1
2012-04-19,2012-04-20,SHORT,81.28,81.629,-94.87,-33.26,1
2012-04-20,2012-04-23,SHORT,81.589,81.62,-94.52,-3.08,3
2012-04-23,2012-04-24,SHORT,81.58,81.1,-99.14,47.43,1
2012-04-24,2012-04-25,SHORT,81.06,81.41,-105.01,-36.92,1
2012-04-25,2012-04-26,SHORT,81.37,81.32,-110.27,5.33,1
2012-04-26,2012-04-27,SHORT,81.28,81.078,-115.23,23.09,1
2012-04-27,2012-04-30,SHORT,81.038,80.37,-115.77,77.15,3
2012-04-30,2012-05-01,SHORT,80.33,79.941,-112.01,43.39,1
2012-05-01,2012-05-02,SHORT,79.901,80.23,-115.93,-38.33,1
2012-05-02,2012-05-03,SHORT,80.19,80.141,-122.25,5.79,1
2012-05-03,2012-05-04,SHORT,80.101,80.23,-176.35,-23.03,1
2012-05-04,2012-05-07,SHORT,80.19,79.838,-227.82,79.83,3
2012-05-07,2012-05-08,SHORT,79.798,79.94,-256.47,-36.83,1
2012-05-08,2012-05-09,SHORT,79.9,79.88,-208.72,3.84,1
2012-05-09,2012-05-10,SHORT,79.84,79.73,-308.39,33.43,1
2012-05-10,2012-05-11,SHORT,79.69,79.889,-316.56,-63.5,1
2012-05-11,2012-05-14,SHORT,79.849,80.05,-254.71,-51.6,3
2012-05-14,2012-05-15,SHORT,80.01,79.87,-136.11,18.84,1
2012-05-15,2012-05-17,SHORT,79.83,80.37,-138.45,-74.99,2
2012-05-17,2012-05-18,SHORT,80.33,79.428,-136.37,122.78,1
2012-05-18,2012-05-21,SHORT,79.388,79.19,-166.09,32.62,3
2012-05-21,2012-05-22,SHORT,79.15,79.43,-149.63,-42.13,1
2012-05-22,2012-05-23,SHORT,79.39,80.024,-141.11,-89.69,1
2012-05-23,2012-05-28,SHORT,79.984,79.61,-134.52,50.1,5
2012-05-28,2012-05-29,SHORT,79.57,79.581,-134.97,-1.7,1
2012-05-29,2012-05-30,SHORT,79.541,79.52,-139.0,2.7,1
2012-05-30,2012-05-31,SHORT,79.48,79.002,-145.9,69.51,1
2012-05-31,2012-06-01,SHORT,78.962,78.548,-186.25,76.82,1
2012-06-01,2012-06-04,SHORT,78.508,78.12,-128.18,49.53,3
2012-06-04,2012-06-05,SHORT,78.08,78.381,-143.67,-43.47,1
2012-06-05,2012-06-06,SHORT,78.341,78.75,-138.45,-56.85,1
2012-06-06,2012-06-07,SHORT,78.71,79.29,-185.29,-107.76,1
2012-06-07,2012-06-14,SHORT,79.25,79.392,-112.39,-16.14,7
2012-06-14,2012-06-15,SHORT,79.352,79.442,-121.29,-11.11,1
2012-06-15,2012-06-18,SHORT,79.402,79.072,-144.98,47.61,3
2012-06-18,2012-06-19,SHORT,79.032,79.02,-153.0,1.59,1
2012-06-19,2012-06-20,SHORT,78.98,79.054,-116.9,-8.84,1
2012-06-20,2012-06-21,SHORT,79.014,79.441,-123.2,-52.8,1
2012-06-21,2012-06-22,SHORT,79.401,80.04,-123.83,-79.33,1
2012-06-22,2012-06-25,SHORT,80.0,80.58,-116.4,-67.7,3
2012-06-25,2012-06-26,SHORT,80.54,79.67,-169.02,146.78,1
2012-06-26,2012-06-27,SHORT,79.63,79.48,-108.2,16.06,1
2012-06-27,2012-07-02,SHORT,79.44,79.859,-114.05,-47.97,5
2012-07-02,2012-07-03,SHORT,79.819,79.46,-110.49,39.49,1
2012-07-03,2012-07-04,SHORT,79.42,79.86,-109.91,-48.53,1
2012-07-04,2012-07-05,SHORT,79.82,79.96,-109.13,-15.45,1
2012-07-05,2012-07-06,SHORT,79.92,79.88,-112.95,4.34,1
2012-07-06,2012-07-09,SHORT,79.84,79.498,-113.5,38.64,3
2012-07-09,2012-07-10,SHORT,79.458,79.578,-134.59,-16.37,1
2012-07-10,2012-07-16,SHORT,79.538,79.19,-116.24,40.27,6
2012-07-16,2012-07-17,SHORT,79.15,78.84,-177.11,54.62,1
2012-07-17,2012-07-18,SHORT,78.8,79.116,-170.79,-54.24,1
2012-07-18,2012-07-19,SHORT,79.076,78.819,-220.37,56.29,1
2012-07-19,2012-07-20,SHORT,78.779,78.76,-317.0,5.53,1
2012-07-20,2012-07-23,SHORT,78.72,78.47,-323.9,80.47,3
2012-07-23,2012-07-24,SHORT,78.43,78.331,-297.37,28.97,1
2012-07-24,2012-07-25,SHORT,78.291,78.127,-355.75,57.79,1
2012-07-25,2012-07-26,SHORT,78.087,78.123,-370.37,-13.91,1
2012-07-26,2012-07-27,SHORT,78.083,78.344,-526.4,-138.22,1
2012-07-27,2012-07-30,SHORT,78.304,78.52,-347.71,-75.65,3
2012-07-30,2012-07-31,SHORT,78.48,78.121,-230.06,82.23,1
2012-07-31,2012-08-01,SHORT,78.081,78.14,-246.63,-14.94,1
2012-08-01,2012-08-02,SHORT,78.1,78.4,-402.82,-121.48,1
2012-08-02,2012-08-03,SHORT,78.36,78.24,-188.88,22.37,1
2012-08-03,2012-08-06,SHORT,78.2,78.63,-206.83,-89.26,3
2012-08-06,2012-08-08,SHORT,78.59,78.63,-183.3,-7.62,2
2012-08-08,2012-08-09,SHORT,78.59,78.42,-182.05,30.66,1
2012-08-09,2012-08-10,SHORT,78.38,78.63,-177.52,-44.66,1
2012-08-10,2012-08-13,SHORT,78.59,78.27,-185.89,59.19,3
2012-08-13,2012-08-15,SHORT,78.23,78.835,-182.87,-110.93,2
2012-08-15,2012-08-16,SHORT,78.795,79.01,-159.72,-34.59,1
2012-08-16,2012-08-17,SHORT,78.97,79.27,-159.7,-48.16,1
2012-08-17,2012-08-20,SHORT,79.23,79.53,-215.01,-64.85,3
2012-08-20,2012-08-21,LONG,79.53,79.31,198.2,-43.92,1
2012-08-21,2012-08-22,LONG,79.35,79.222,272.31,-35.29,1
2012-08-22,2012-08-23,SHORT,79.222,78.559,-178.45,118.03,1
2012-08-23,2012-08-27,SHORT,78.519,78.75,-159.02,-36.99,4
2012-08-27,2012-08-28,SHORT,78.71,78.77,-171.5,-10.56,1
2012-08-28,2012-08-29,SHORT,78.73,78.59,-174.44,24.15,1
2012-08-29,2012-08-30,SHORT,78.55,78.74,-179.63,-34.41,1
2012-08-30,2012-08-31,SHORT,78.7,78.55,-186.35,27.66,1
2012-08-31,2012-09-03,SHORT,78.51,78.31,-271.83,53.94,3
2012-09-03,2012-09-04,SHORT,78.27,78.359,-492.14,-44.57,1
2012-09-04,2012-09-05,SHORT,78.319,78.49,-472.65,-81.57,1
2012-09-05,2012-09-06,SHORT,78.45,78.44,-383.41,3.23,1
2012-09-06,2012-09-07,SHORT,78.4,78.91,-226.49,-115.87,1
2012-09-07,2012-09-10,SHORT,78.87,78.239,-202.57,127.51,3
2012-09-10,2012-09-11,SHORT,78.199,78.246,-188.54,-9.16,1
2012-09-11,2012-09-12,SHORT,78.206,77.77,-179.41,77.94,1
2012-09-12,2012-09-13,SHORT,77.73,77.85,-258.45,-31.42,1
2012-09-13,2012-09-14,SHORT,77.81,77.668,-279.27,39.22,1
2012-09-14,2012-09-17,SHORT,77.628,78.353,-253.91,-184.48,3
2012-09-17,2012-09-18,SHORT,78.313,78.693,-148.13,-56.52,1
2012-09-18,2012-09-19,SHORT,78.653,78.79,-145.81,-20.21,1
2012-09-19,2012-09-21,SHORT,78.75,78.22,-133.69,70.65,2
2012-09-21,2012-09-24,SHORT,78.18,78.1,-130.65,10.25,3
2012-09-24,2012-09-25,SHORT,78.06,77.884,-127.62,22.26,1
2012-09-25,2012-09-26,SHORT,77.844,77.748,-124.91,11.8,1
2012-09-26,2012-10-01,SHORT,77.708,77.979,-130.17,-35.48,5
2012-10-01,2012-10-02,SHORT,77.939,78.061,-147.06,-18.17,1
2012-10-02,2012-10-03,SHORT,78.021,78.235,-227.57,-49.06,1
2012-10-03,2012-10-04,SHORT,78.195,78.435,-188.91,-45.64,1
2012-10-04,2012-10-05,SHORT,78.395,78.504,-156.75,-17.33,1
2012-10-05,2012-10-08,SHORT,78.464,78.722,-173.15,-44.95,3
2012-10-08,2012-10-09,SHORT,78.682,78.306,-268.03,100.36,1
2012-10-09,2012-10-10,SHORT,78.266,78.239,-178.73,4.55,1
2012-10-10,2012-10-11,SHORT,78.199,78.095,-227.07,23.26,1
2012-10-11,2012-10-12,SHORT,78.055,78.422,-184.11,-67.86,1
2012-10-12,2012-10-15,SHORT,78.382,78.488,-281.81,-30.31,3
2012-10-15,2012-10-16,SHORT,78.448,78.809,-206.86,-75.0,1
2012-10-16,2012-10-17,LONG,78.809,78.805,259.2,-1.45,1
2012-10-17,2012-10-18,LONG,78.845,79.04,222.68,43.07,1
2012-10-18,2012-10-19,LONG,79.08,79.288,228.32,47.13,1
2012-10-19,2012-10-22,LONG,79.328,79.237,273.82,-25.35,3
2012-10-22,2012-10-23,LONG,79.277,79.97,188.26,130.16,1
2012-10-23,2012-10-24,LONG,80.01,79.8,484.42,-102.5,1
2012-10-24,2012-10-25,LONG,79.84,79.818,447.31,-10.56,1
2012-10-25,2012-10-26,LONG,79.858,80.215,525.24,186.67,1
2012-10-26,2012-10-29,LONG,80.255,79.63,518.63,-324.97,3
2012-10-29,2012-10-30,SHORT,79.63,79.784,-265.64,-41.33,1
2012-10-30,2012-10-31,LONG,79.784,79.664,221.12,-26.89,1
2012-10-31,2012-11-01,SHORT,79.664,79.88,-196.68,-42.8,1
2012-11-01,2012-11-02,LONG,79.88,80.2,186.38,59.34,1
2012-11-02,2012-11-05,LONG,80.24,80.48,196.57,46.86,3
2012-11-05,2012-11-06,LONG,80.52,80.14,250.65,-95.65,1
2012-11-06,2012-11-07,LONG,80.18,80.27,141.83,12.54,1
2012-11-07,2012-11-08,LONG,80.31,79.95,142.25,-51.44,1
2012-11-08,2012-11-09,LONG,79.99,79.459,139.08,-74.07,1
2012-11-09,2012-11-12,SHORT,79.459,79.48,-141.91,-3.21,3
2012-11-12,2012-11-15,SHORT,79.44,80.22,-143.86,-112.44,3
2012-11-15,2012-11-16,LONG,80.22,81.1,117.47,103.19,1
2012-11-16,2012-11-19,LONG,81.14,81.506,115.8,42.2,3
2012-11-19,2012-11-20,LONG,81.546,81.33,130.41,-28.38,1
2012-11-20,2012-11-21,LONG,81.37,81.735,155.93,56.66,1
2012-11-21,2012-11-22,LONG,81.775,82.554,166.49,129.42,1
2012-11-22,2012-11-23,LONG,82.594,82.339,255.19,-65.49,1
2012-11-23,2012-11-26,LONG,82.379,82.526,298.01,43.31,3
2012-11-26,2012-11-27,LONG,82.566,81.853,302.37,-216.08,1
2012-11-27,2012-11-28,LONG,81.893,82.06,195.67,32.36,1
2012-11-28,2012-11-29,LONG,82.1,82.13,222.51,6.31,1
2012-11-29,2012-11-30,LONG,82.17,82.131,203.9,-8.29,1
2012-11-30,2012-12-03,LONG,82.171,82.436,133.15,35.07,3
2012-12-03,2012-12-04,LONG,82.476,82.113,123.92,-45.18,1
2012-12-04,2012-12-05,LONG,82.153,81.796,104.28,-37.4,1
2012-12-05,2012-12-11,LONG,81.836,82.33,120.35,59.26,6
2012-12-11,2012-12-12,LONG,82.37,82.5,138.84,17.82,1
2012-12-12,2012-12-13,LONG,82.54,83.19,147.84,95.85,1
2012-12-13,2012-12-14,LONG,83.23,83.647,208.93,86.78,1
2012-12-14,2012-12-17,LONG,83.687,84.138,255.03,114.59,3
2012-12-17,2012-12-18,LONG,84.178,83.883,275.04,-81.6,1
2012-12-18,2012-12-19,LONG,83.923,84.341,297.08,123.68,1
2012-12-19,2012-12-20,LONG,84.381,84.206,390.45,-68.99,1
2012-12-20,2012-12-21,LONG,84.246,84.4,323.45,49.27,1
2012-12-21,2012-12-24,LONG,84.44,84.39,334.01,-17.26,3
2012-12-24,2012-12-25,LONG,84.43,84.82,330.73,128.42,1
2012-12-25,2012-12-26,LONG,84.86,84.98,418.53,49.51,1
2012-12-26,2012-12-27,LONG,85.02,85.648,414.5,259.59,1
2012-12-27,2012-12-28,LONG,85.688,86.487,389.97,310.91,1
2012-12-28,2012-12-31,LONG,86.527,85.94,387.5,-228.13,3
2012-12-31,2013-01-01,LONG,85.98,86.7,231.63,166.37,1
2013-01-01,2013-01-02,LONG,86.74,86.58,312.65,-50.57,1
2013-01-02,2013-01-03,LONG,86.62,87.255,280.67,177.73,1
2013-01-03,2013-01-04,LONG,87.295,87.72,337.78,142.96,1
2013-01-04,2013-01-07,LONG,87.76,88.178,327.57,136.35,3
2013-01-07,2013-01-08,LONG,88.218,87.233,333.34,-328.92,1
2013-01-08,2013-01-09,LONG,87.273,86.848,183.82,-78.44,1
2013-01-09,2013-01-10,SHORT,86.848,88.153,-131.74,-172.15,1
2013-01-10,2013-01-11,LONG,88.153,89.226,145.86,156.24,1
2013-01-11,2013-01-14,LONG,89.266,89.503,145.73,34.28,3
2013-01-14,2013-01-15,LONG,89.543,89.44,196.24,-20.56,1
2013-01-15,2013-01-16,LONG,89.48,88.73,163.38,-122.83,1
2013-01-16,2013-01-17,LONG,88.77,88.61,111.58,-18.05,1
2013-01-17,2013-01-18,LONG,88.65,89.801,79.38,91.23,1
2013-01-18,2013-01-21,LONG,89.841,90.161,95.51,30.39,3
2013-01-21,2013-01-22,LONG,90.201,89.58,92.28,-57.47,1
2013-01-22,2013-01-23,LONG,89.62,88.509,108.32,-120.53,1
2013-01-23,2013-01-24,LONG,88.549,88.56,66.4,0.61,1
2013-01-24,2013-01-25,LONG,88.6,90.538,64.63,125.14,1
2013-01-25,2013-01-28,LONG,90.578,91.159,58.16,33.69,3
2013-01-28,2013-01-29,LONG,91.199,90.44,59.81,-45.51,1
2013-01-29,2013-01-30,LONG,90.48,90.77,60.11,17.32,1
2013-01-30,2013-01-31,LONG,90.81,91.001,71.79,13.58,1
2013-01-31,2013-02-01,LONG,91.041,91.687,86.56,55.76,1
2013-02-01,2013-02-04,LONG,91.727,92.75,69.71,71.18,3
2013-02-04,2013-02-05,LONG,92.79,92.133,85.91,-56.6,1
2013-02-05,2013-02-06,LONG,92.173,93.55,85.49,117.57,1
2013-02-06,2013-02-07,LONG,93.59,93.415,157.55,-27.87,1
2013-02-07,2013-02-08,LONG,93.455,93.613,155.97,24.35,1
2013-02-08,2013-02-11,LONG,93.653,92.515,123.38,-140.63,3
2013-02-11,2013-02-12,LONG,92.555,94.171,62.27,100.51,1
2013-02-12,2013-02-13,LONG,94.211,93.285,123.21,-114.33,1
2013-02-13,2013-02-14,LONG,93.325,93.236,78.03,-7.09,1
2013-02-14,2013-02-15,LONG,93.276,92.937,78.91,-26.9,1
2013-02-15,2013-02-18,LONG,92.977,93.702,65.13,47.1,3
2013-02-18,2013-02-19,LONG,93.742,93.63,63.8,-7.27,1
2013-02-19,2013-02-20,LONG,93.67,93.688,65.22,1.05,1
2013-02-20,2013-02-25,LONG,93.728,94.2,64.74,30.44,5
2013-02-25,2013-02-26,LONG,94.24,92.377,87.85,-163.83,1
2013-02-26,2013-02-27,LONG,92.417,92.09,85.63,-28.16,1
2013-02-27,2013-02-28,SHORT,92.09,92.323,-65.02,-15.27,1
2013-02-28,2013-03-01,LONG,92.323,92.562,68.37,16.21,1
2013-03-01,2013-03-08,LONG,92.602,94.908,68.44,157.7,7
2013-03-08,2013-03-11,LONG,94.948,96.15,76.07,91.28,3
2013-03-11,2013-03-12,LONG,96.19,96.599,77.79,31.66,1
2013-03-12,2013-03-13,LONG,96.639,95.8,206.74,-173.85,1
2013-03-13,2013-03-14,LONG,95.84,96.0,164.4,25.99,1
2013-03-14,2013-03-15,LONG,96.04,95.942,163.46,-16.33,1
2013-03-15,2013-03-18,LONG,95.982,94.869,154.9,-172.7,3
2013-03-18,2013-03-19,LONG,94.909,95.323,69.0,28.43,1
2013-03-19,2013-03-20,LONG,95.363,95.03,90.42,-30.28,1
2013-03-20,2013-03-21,LONG,95.07,95.935,78.79,68.0,1
2013-03-21,2013-03-22,LONG,95.975,94.89,88.13,-95.79,1
2013-03-22,2013-03-25,SHORT,94.89,94.848,-67.74,2.72,3
2013-03-25,2013-03-26,SHORT,94.808,93.983,-68.06,56.02,1
2013-03-26,2013-03-27,SHORT,93.943,94.655,-122.76,-87.63,1
2013-03-27,2013-03-28,SHORT,94.615,94.336,-68.77,19.06,1
2013-03-28,2013-03-29,SHORT,94.296,94.21,-91.2,7.67,1
2013-03-29,2013-04-01,SHORT,94.17,94.302,-100.42,-13.44,3
2013-04-01,2013-04-02,SHORT,94.262,93.2,-81.83,86.76,1
2013-04-02,2013-04-03,SHORT,93.16,93.382,-124.17,-27.8,1
2013-04-03,2013-04-04,SHORT,93.342,92.909,-98.77,42.59,1
2013-04-04,2013-04-05,SHORT,92.869,96.457,-165.76,-595.07,1
2013-04-05,2013-04-08,LONG,96.457,98.731,57.4,130.42,3
2013-04-08,2013-04-09,LONG,98.771,99.26,85.99,41.88,1
2013-04-09,2013-04-10,LONG,99.3,98.93,120.59,-44.86,1
2013-04-10,2013-04-11,LONG,98.97,99.646,102.48,69.07,1
2013-04-11,2013-04-12,LONG,99.686,99.601,127.4,-11.08,1
2013-04-12,2013-04-15,LONG,99.641,98.386,127.85,-160.71,3
2013-04-15,2013-04-16,LONG,98.426,96.78,82.29,-135.62,1
2013-04-16,2013-04-17,SHORT,96.78,97.63,-66.03,-56.26,1
2013-04-17,2013-04-18,LONG,97.63,98.009,70.55,26.6,1
2013-04-18,2013-04-19,LONG,98.049,98.183,83.77,11.06,1
2013-04-19,2013-04-22,LONG,98.223,99.777,46.73,72.53,3
2013-04-22,2013-04-23,LONG,99.817,99.14,46.77,-31.75,1
2013-04-23,2013-04-30,LONG,99.18,97.844,45.93,-61.45,7
2013-04-30,2013-05-01,LONG,97.884,97.249,60.87,-38.77,1
2013-05-01,2013-05-02,SHORT,97.249,97.152,-60.74,5.77,1
2013-05-02,2013-05-03,SHORT,97.112,97.966,-59.92,-51.29,1
2013-05-03,2013-05-06,LONG,97.966,99.08,59.6,66.27,3
2013-05-06,2013-05-07,LONG,99.12,99.324,60.7,12.26,1
2013-05-07,2013-05-08,LONG,99.364,98.756,64.56,-39.38,1
2013-05-08,2013-05-09,LONG,98.796,98.858,65.11,3.91,1
2013-05-09,2013-05-10,LONG,98.898,100.745,67.29,124.15,1
2013-05-10,2013-05-13,LONG,100.785,101.903,62.24,69.46,3
2013-05-13,2013-05-14,LONG,101.943,101.647,152.54,-45.46,1
2013-05-14,2013-05-15,LONG,101.687,102.19,134.28,67.27,1
2013-05-15,2013-05-16,LONG,102.23,102.238,172.09,1.03,1
2013-05-16,2013-05-17,LONG,102.278,102.115,191.33,-31.58,1
2013-05-17,2013-05-20,LONG,102.155,102.681,184.38,96.6,3
2013-05-20,2013-05-21,LONG,102.721,102.146,178.79,-103.17,1
2013-05-21,2013-05-22,LONG,102.186,102.422,133.85,31.31,1
2013-05-22,2013-05-23,LONG,102.462,103.156,181.73,125.74,1
2013-05-23,2013-05-24,LONG,103.196,102.39,184.9,-149.41,1
2013-05-24,2013-05-27,LONG,102.43,101.041,82.54,-114.82,3
2013-05-27,2013-05-28,SHORT,101.041,101.125,-58.93,-5.07,1
2013-05-28,2013-05-29,SHORT,101.085,102.466,-56.88,-78.67,1
2013-05-29,2013-05-30,LONG,102.466,100.896,54.04,-84.95,1
2013-05-30,2013-05-31,SHORT,100.896,101.12,-57.04,-12.89,1
2013-05-31,2013-06-03,SHORT,101.08,100.496,-57.85,33.67,3
2013-06-03,2013-06-04,SHORT,100.456,99.758,-65.51,45.6,1
2013-06-04,2013-06-05,SHORT,99.718,100.27,-69.52,-38.52,1
2013-06-05,2013-06-06,SHORT,100.23,98.972,-59.36,74.56,1
2013-06-06,2013-06-07,SHORT,98.932,97.347,-98.15,155.38,1
2013-06-07,2013-06-10,SHORT,97.307,98.258,-95.07,-90.59,3
2013-06-10,2013-06-11,SHORT,98.218,98.869,-52.86,-34.52,1
2013-06-11,2013-06-12,SHORT,98.829,96.122,-39.75,107.53,1
2013-06-12,2013-06-13,SHORT,96.082,95.949,-90.6,11.88,1
2013-06-13,2013-06-14,SHORT,95.909,95.514,-81.55,32.06,1
2013-06-14,2013-06-17,SHORT,95.474,94.262,-89.01,107.71,3
2013-06-17,2013-06-18,SHORT,94.222,94.7,-93.45,-44.85,1
2013-06-18,2013-06-19,SHORT,94.66,95.537,-78.7,-69.17,1
2013-06-19,2013-06-20,SHORT,95.497,96.61,-73.75,-82.23,1
2013-06-20,2013-06-21,SHORT,96.57,97.161,-37.84,-22.44,1
2013-06-21,2013-06-25,SHORT,97.121,97.551,-38.75,-16.74,4
2013-06-25,2013-06-26,SHORT,97.511,98.167,-38.12,-25.08,1
2013-06-26,2013-06-27,SHORT,98.127,97.79,-44.11,14.78,1
2013-06-27,2013-06-28,SHORT,97.75,98.496,-45.24,-33.84,1
2013-06-28,2013-07-01,SHORT,98.456,99.4,-68.08,-64.4,3
2013-07-01,2013-07-02,LONG,99.4,99.637,127.8,30.03,1
2013-07-02,2013-07-03,LONG,99.677,100.713,142.14,146.97,1
2013-07-03,2013-07-04,LONG,100.753,99.936,149.68,-122.59,1
2013-07-04,2013-07-05,LONG,99.976,100.2,102.91,22.85,1
2013-07-05,2013-07-08,LONG,100.24,101.366,98.54,110.76,3
2013-07-08,2013-07-09,LONG,101.406,100.83,97.58,-56.41,1
2013-07-09,2013-07-10,LONG,100.87,101.133,117.49,30.66,1
2013-07-10,2013-07-11,LONG,101.173,98.531,119.82,-316.81,1
2013-07-11,2013-07-17,SHORT,98.531,99.18,-58.91,-38.35,6
2013-07-17,2013-07-18,SHORT,99.14,99.68,-60.82,-32.96,1
2013-07-18,2013-07-19,SHORT,99.64,100.542,-61.24,-55.36,1
2013-07-19,2013-07-22,LONG,100.542,100.369,61.77,-10.81,3
2013-07-22,2013-07-23,LONG,100.409,99.304,61.31,-67.87,1
2013-07-23,2013-07-24,SHORT,99.304,99.517,-62.62,-13.46,1
2013-07-24,2013-07-25,SHORT,99.477,100.472,-63.2,-63.01,1
2013-07-25,2013-07-26,LONG,100.472,99.255,82.88,-101.03,1
2013-07-26,2013-07-29,SHORT,99.255,97.98,-59.88,76.23,3
2013-07-29,2013-07-30,SHORT,97.94,98.063,-56.66,-7.08,1
2013-07-30,2013-07-31,SHORT,98.023,98.036,-63.57,-0.95,1
2013-07-31,2013-08-01,SHORT,97.996,97.853,-65.74,9.27,1
2013-08-01,2013-08-02,SHORT,97.813,99.44,-77.72,-126.6,1
2013-08-02,2013-08-05,SHORT,99.4,98.955,-61.03,27.04,3
2013-08-05,2013-08-06,SHORT,98.915,98.252,-60.13,39.75,1
2013-08-06,2013-08-07,SHORT,98.212,97.328,-58.52,51.62,1
2013-08-07,2013-08-08,SHORT,97.288,96.59,-67.8,47.2,1
2013-08-08,2013-08-09,SHORT,96.55,96.76,-122.01,-25.86,1
2013-08-09,2013-08-12,SHORT,96.72,96.064,-94.61,61.89,3
2013-08-12,2013-08-13,SHORT,96.024,97.22,-80.7,-96.67,1
2013-08-13,2013-08-14,SHORT,97.18,98.173,-55.55,-55.27,1
2013-08-14,2013-08-16,SHORT,98.133,97.075,-54.79,57.86,2
2013-08-16,2013-08-19,SHORT,97.035,97.687,-84.63,-55.34,3
2013-08-19,2013-08-20,SHORT,97.647,97.599,-60.64,2.79,1
2013-08-20,2013-08-21,SHORT,97.559,97.33,-60.38,13.71,1
2013-08-21,2013-08-22,SHORT,97.29,97.83,-64.23,-34.81,1
2013-08-22,2013-08-23,SHORT,97.79,98.899,-66.61,-74.0,1
2013-08-23,2013-08-26,SHORT,98.859,98.725,-87.45,11.54,3
2013-08-26,2013-08-27,SHORT,98.685,98.278,-124.13,50.28,1
2013-08-27,2013-08-28,SHORT,98.238,96.912,-70.21,92.96,1
2013-08-28,2013-08-29,SHORT,96.872,97.748,-70.99,-62.33,1
2013-08-29,2013-08-30,SHORT,97.708,98.312,-67.28,-40.77,1
2013-08-30,2013-09-02,SHORT,98.272,98.405,-67.91,-9.17,3
2013-09-02,2013-09-03,SHORT,98.365,99.59,-72.71,-89.22,1
2013-09-03,2013-09-04,LONG,99.59,99.534,87.47,-5.07,1
2013-09-04,2013-09-05,LONG,99.574,99.708,106.32,14.03,1
2013-09-05,2013-09-06,LONG,99.748,100.096,96.95,33.55,1
2013-09-06,2013-09-09,LONG,100.136,99.957,72.6,-13.14,3
2013-09-09,2013-09-10,LONG,99.997,99.699,73.42,-22.02,1
2013-09-10,2013-09-11,LONG,99.739,100.265,83.51,43.76,1
2013-09-11,2013-09-12,LONG,100.305,99.81,240.24,-119.4,1
2013-09-12,2013-09-13,LONG,99.85,99.558,164.62,-48.4,1
2013-09-13,2013-09-16,SHORT,99.558,99.035,-108.78,56.68,3
2013-09-16,2013-09-17,SHORT,98.995,99.09,-77.86,-7.55,1
2013-09-17,2013-09-18,SHORT,99.05,99.148,-83.63,-8.36,1
2013-09-18,2013-09-19,SHORT,99.108,98.23,-91.12,79.82,1
2013-09-19,2013-09-20,SHORT,98.19,99.41,-142.08,-173.62,1
2013-09-20,2013-09-23,SHORT,99.37,99.297,-83.1,5.9,3
2013-09-23,2013-09-24,SHORT,99.257,98.76,-88.01,43.57,1
2013-09-24,2013-09-25,SHORT,98.72,98.765,-85.92,-4.04,1
2013-09-25,2013-09-26,SHORT,98.725,98.455,-129.89,34.82,1
2013-09-26,2013-09-27,SHORT,98.415,98.925,-128.92,-66.0,1
2013-09-27,2013-09-30,SHORT,98.885,97.847,-92.05,95.37,3
2013-09-30,2013-10-01,SHORT,97.807,98.42,-89.6,-55.1,1
2013-10-01,2013-10-02,SHORT,98.38,97.946,-87.84,37.95,1
2013-10-02,2013-10-03,SHORT,97.906,97.32,-87.51,51.11,1
2013-10-03,2013-10-04,SHORT,97.28,97.279,-86.36,-0.08,1
2013-10-04,2013-10-07,SHORT,97.239,97.31,-181.55,-13.24,3
2013-10-07,2013-10-09,SHORT,97.27,96.921,-171.33,59.46,2
2013-10-09,2013-10-10,SHORT,96.881,97.499,-164.25,-101.83,1
2013-10-10,2013-10-11,SHORT,97.459,98.205,-100.77,-75.37,1
2013-10-11,2013-10-14,SHORT,98.165,98.334,-93.69,-16.02,3
2013-10-14,2013-10-15,SHORT,98.294,98.67,-97.66,-36.91,1
2013-10-15,2013-10-16,SHORT,98.63,98.564,-101.17,6.48,1
2013-10-16,2013-10-17,SHORT,98.524,98.96,-98.61,-43.19,1
2013-10-17,2013-10-18,SHORT,98.92,98.01,-115.59,104.96,1
2013-10-18,2013-10-21,SHORT,97.97,97.947,-90.58,1.91,3
2013-10-21,2013-10-22,SHORT,97.907,98.214,-99.28,-30.67,1
2013-10-22,2013-10-23,SHORT,98.174,98.153,-103.47,1.97,1
2013-10-23,2013-10-24,SHORT,98.113,97.44,-145.02,97.31,1
2013-10-24,2013-10-25,SHORT,97.4,97.405,-105.2,-0.73,1
2013-10-25,2013-10-28,SHORT,97.365,97.59,-109.0,-24.74,3
2013-10-28,2013-10-29,SHORT,97.55,97.64,-104.66,-9.62,1
2013-10-29,2013-10-30,SHORT,97.6,98.214,-151.57,-93.36,1
2013-10-30,2013-10-31,SHORT,98.174,98.527,-110.08,-39.08,1
2013-10-31,2013-11-01,SHORT,98.487,98.341,-118.08,17.01,1
2013-11-01,2013-11-04,SHORT,98.301,98.712,-109.3,-45.14,3
2013-11-04,2013-11-05,SHORT,98.672,98.647,-119.8,2.76,1
2013-11-05,2013-11-06,SHORT,98.607,98.476,-109.62,14.14,1
2013-11-06,2013-11-07,SHORT,98.436,98.67,-120.5,-28.44,1
2013-11-07,2013-11-08,SHORT,98.63,98.191,-290.77,127.08,1
2013-11-08,2013-11-11,SHORT,98.151,99.219,-140.01,-149.81,3
2013-11-11,2013-11-12,LONG,99.219,99.118,206.38,-21.25,1
2013-11-12,2013-11-13,LONG,99.158,99.597,199.03,86.98,1
2013-11-13,2013-11-14,LONG,99.637,99.198,201.19,-88.72,1
2013-11-14,2013-11-15,LONG,99.238,100.22,112.32,110.07,1
2013-11-15,2013-11-18,LONG,100.26,100.334,186.85,13.45,3
2013-11-18,2013-11-19,LONG,100.374,99.843,173.53,-92.49,1
2013-11-19,2013-11-20,LONG,99.883,100.161,115.36,31.84,1
2013-11-20,2013-11-21,LONG,100.201,100.187,155.53,-2.49,1
2013-11-21,2013-11-22,LONG,100.227,101.299,147.14,157.43,1
2013-11-22,2013-11-25,LONG,101.339,101.27,246.12,-17.48,3
2013-11-25,2013-11-26,LONG,101.31,101.33,199.56,3.59,1
2013-11-26,2013-11-27,LONG,101.37,101.214,210.84,-33.32,1
2013-11-27,2013-11-28,LONG,101.254,102.19,169.27,158.09,1
2013-11-28,2013-11-29,LONG,102.23,102.272,273.42,10.92,1
2013-11-29,2013-12-02,LONG,102.312,102.451,255.42,34.98,3
2013-12-02,2013-12-03,LONG,102.491,102.913,255.39,107.25,1
2013-12-03,2013-12-04,LONG,102.953,102.331,358.06,-223.45,1
2013-12-04,2013-12-05,LONG,102.371,102.384,240.3,2.63,1
2013-12-05,2013-12-06,LONG,102.424,101.722,255.98,-180.22,1
2013-12-06,2013-12-09,SHORT,101.722,103.151,-99.98,-143.07,3
2013-12-09,2013-12-10,LONG,103.151,103.246,152.43,14.17,1
2013-12-10,2013-12-11,LONG,103.286,102.778,151.43,-77.24,1
2013-12-11,2013-12-12,LONG,102.818,102.488,114.57,-38.04,1
2013-12-12,2013-12-13,LONG,102.528,103.52,95.41,94.45,1
2013-12-13,2013-12-16,LONG,103.56,103.25,90.54,-28.25,3
2013-12-16,2013-12-17,LONG,103.29,103.007,86.82,-24.75,1
2013-12-17,2013-12-19,LONG,103.047,104.193,89.53,102.41,2
2013-12-19,2013-12-20,LONG,104.233,104.256,94.49,1.98,1
2013-12-20,2013-12-23,LONG,104.296,104.01,147.74,-42.56,3
2013-12-23,2013-12-24,LONG,104.05,104.156,89.15,9.26,1
2013-12-24,2013-12-25,LONG,104.196,104.28,91.54,7.5,1
2013-12-25,2013-12-26,LONG,104.32,104.504,127.75,23.24,1
2013-12-26,2013-12-27,LONG,104.544,104.859,184.08,57.6,1
2013-12-27,2013-12-30,LONG,104.899,105.3,158.42,63.19,3
2013-12-30,2013-12-31,LONG,105.34,104.914,237.58,-101.71,1
2013-12-31,2014-01-01,LONG,104.954,105.28,222.65,72.12,1
2014-01-01,2014-01-02,LONG,105.32,105.304,324.33,-5.87,1
2014-01-02,2014-01-03,LONG,105.344,104.813,241.13,-128.55,1
2014-01-03,2014-01-06,LONG,104.853,104.892,123.14,4.54,3
2014-01-06,2014-01-07,LONG,104.932,104.19,160.8,-119.65,1
2014-01-07,2014-01-08,SHORT,104.19,104.732,-118.79,-64.63,1
2014-01-08,2014-01-09,LONG,104.732,104.824,129.91,11.68,1
2014-01-09,2014-01-13,LONG,104.864,103.929,134.41,-125.96,4
2014-01-13,2014-01-14,SHORT,103.929,103.136,-163.4,129.24,1
2014-01-14,2014-01-15,SHORT,103.096,104.199,-182.03,-201.16,1
2014-01-15,2014-01-16,SHORT,104.159,104.591,-92.54,-40.17,1
2014-01-16,2014-01-17,LONG,104.591,104.275,90.25,-28.71,1
2014-01-17,2014-01-20,LONG,104.315,104.218,91.35,-9.05,3
2014-01-20,2014-01-21,SHORT,104.218,104.245,-91.65,-2.67,1
2014-01-21,2014-01-22,SHORT,104.205,104.243,-90.25,-3.62,1
2014-01-22,2014-01-23,SHORT,104.203,104.655,-91.48,-41.54,1
2014-01-23,2014-01-24,LONG,104.655,103.35,90.89,-118.8,1
2014-01-24,2014-01-27,SHORT,103.35,102.07,-88.39,112.96,3
2014-01-27,2014-01-28,SHORT,102.03,102.681,-101.91,-66.55,1
2014-01-28,2014-01-29,SHORT,102.641,103.251,-73.98,-45.28,1
2014-01-29,2014-01-30,SHORT,103.211,102.32,-69.26,61.57,1
2014-01-30,2014-01-31,SHORT,102.28,102.778,-115.76,-57.89,1
2014-01-31,2014-02-03,SHORT,102.738,102.212,-80.41,42.13,3
2014-02-03,2014-02-04,SHORT,102.172,101.162,-94.58,95.34,1
2014-02-04,2014-02-05,SHORT,101.122,101.709,-122.56,-72.19,1
2014-02-05,2014-02-06,SHORT,101.669,101.486,-93.03,16.83,1
2014-02-06,2014-02-07,SHORT,101.446,102.059,-116.56,-71.69,1
2014-02-07,2014-02-10,SHORT,102.019,102.544,-66.6,-35.1,3
2014-02-10,2014-02-12,SHORT,102.504,102.54,-66.7,-2.54,2
2014-02-12,2014-02-13,SHORT,102.5,102.489,-70.18,0.63,1
2014-02-13,2014-02-14,SHORT,102.449,102.208,-79.41,18.98,1
2014-02-14,2014-02-17,SHORT,102.168,101.584,-81.9,47.66,3
2014-02-17,2014-02-18,SHORT,101.544,102.082,-84.53,-45.65,1
2014-02-18,2014-02-19,SHORT,102.042,102.352,-85.49,-26.68,1
2014-02-19,2014-02-20,SHORT,102.312,102.331,-90.19,-1.9,1
2014-02-20,2014-02-21,SHORT,102.291,102.332,-91.6,-3.94,1
2014-02-21,2014-02-25,SHORT,102.292,102.502,-100.07,-21.22,4
2014-02-25,2014-02-26,SHORT,102.462,102.17,-112.04,32.49,1
2014-02-26,2014-02-27,SHORT,102.13,102.319,-116.34,-22.23,1
2014-02-27,2014-03-03,SHORT,102.279,101.325,-121.62,115.78,4
2014-03-03,2014-03-04,SHORT,101.285,101.432,-114.62,-17.08,1
2014-03-04,2014-03-05,SHORT,101.392,102.198,-137.0,-110.7,1
2014-03-05,2014-03-07,SHORT,102.158,103.052,-107.38,-96.22,2
2014-03-07,2014-03-10,SHORT,103.012,103.21,-100.65,-20.14,3
2014-03-10,2014-03-11,SHORT,103.17,103.256,-107.76,-9.49,1
2014-03-11,2014-03-12,SHORT,103.216,102.86,-110.29,39.04,1
2014-03-12,2014-03-13,SHORT,102.82,102.803,-110.75,1.65,1
2014-03-13,2014-03-14,SHORT,102.763,101.8,-108.37,104.14,1
2014-03-14,2014-03-18,SHORT,101.76,101.879,-98.04,-11.87,4
2014-03-18,2014-03-19,SHORT,101.839,101.46,-96.76,36.47,1
2014-03-19,2014-03-20,SHORT,101.42,102.488,-97.55,-104.39,1
2014-03-20,2014-03-21,SHORT,102.448,102.427,-94.37,1.79,1
2014-03-21,2014-03-24,SHORT,102.387,102.261,-98.33,12.19,3
2014-03-24,2014-03-25,SHORT,102.221,102.227,-101.5,-0.82,1
2014-03-25,2014-03-26,SHORT,102.187,102.305,-109.23,-13.11,1
2014-03-26,2014-03-27,SHORT,102.265,101.923,-117.71,40.02,1
2014-03-27,2014-03-28,SHORT,101.883,102.167,-127.27,-36.41,1
2014-03-28,2014-03-31,SHORT,102.127,102.909,-119.2,-93.46,3
2014-03-31,2014-04-01,SHORT,102.869,103.234,-180.96,-66.42,1
2014-04-01,2014-04-02,SHORT,103.194,103.653,-165.81,-76.45,1
2014-04-02,2014-04-03,LONG,103.653,103.847,267.76,51.39,1
2014-04-03,2014-04-04,LONG,103.887,103.876,248.53,-3.25,1
2014-04-04,2014-04-07,LONG,103.916,103.3,259.39,-160.32,3
2014-04-07,2014-04-08,SHORT,103.3,103.089,-157.45,32.9,1
2014-04-08,2014-04-09,SHORT,103.049,101.975,-109.72,117.62,1
2014-04-09,2014-04-11,SHORT,101.935,101.4,-102.42,54.58,2
2014-04-11,2014-04-14,SHORT,101.36,101.462,-96.69,-10.06,3
2014-04-14,2014-04-15,SHORT,101.422,101.924,-140.77,-70.95,1
2014-04-15,2014-04-16,SHORT,101.884,101.897,-120.0,-1.8,1
2014-04-16,2014-04-17,SHORT,101.857,102.221,-180.92,-66.22,1
2014-04-17,2014-04-18,SHORT,102.181,102.463,-177.02,-50.28,1
2014-04-18,2014-04-21,SHORT,102.423,102.58,-159.21,-25.32,3
2014-04-21,2014-04-22,SHORT,102.54,102.69,-112.91,-17.17,1
2014-04-22,2014-04-23,SHORT,102.65,102.641,-117.88,0.82,1
2014-04-23,2014-04-24,SHORT,102.601,102.5,-137.68,13.62,1
2014-04-24,2014-04-25,SHORT,102.46,102.322,-121.0,16.45,1
2014-04-25,2014-04-28,SHORT,102.282,102.125,-272.4,42.21,3
2014-04-28,2014-04-29,SHORT,102.085,102.536,-198.01,-89.71,1
2014-04-29,2014-04-30,SHORT,102.496,102.584,-204.42,-18.41,1
2014-04-30,2014-05-01,SHORT,102.544,102.24,-234.09,70.68,1
2014-05-01,2014-05-02,SHORT,102.2,102.286,-162.79,-14.33,1
2014-05-02,2014-05-05,SHORT,102.246,102.22,-157.45,3.77,3
2014-05-05,2014-05-06,SHORT,102.18,102.16,-160.43,2.88,1
2014-05-06,2014-05-07,SHORT,102.12,101.713,-214.29,86.78,1
2014-05-07,2014-05-08,SHORT,101.673,101.892,-285.54,-63.11,1
2014-05-08,2014-05-09,SHORT,101.852,101.613,-183.24,43.42,1
2014-05-09,2014-05-12,SHORT,101.573,101.92,-201.36,-70.28,3
2014-05-12,2014-05-13,SHORT,101.88,102.205,-142.27,-46.53,1
2014-05-13,2014-05-14,SHORT,102.165,102.252,-142.9,-12.72,1
2014-05-14,2014-05-15,SHORT,102.212,101.835,-143.66,53.87,1
2014-05-15,2014-05-16,SHORT,101.795,101.519,-137.15,37.57,1
2014-05-16,2014-05-19,SHORT,101.479,101.562,-177.26,-15.07,3
2014-05-19,2014-05-20,SHORT,101.522,101.52,-157.01,-0.0,1
2014-05-20,2014-05-21,SHORT,101.48,101.282,-157.66,30.9,1
2014-05-21,2014-05-22,SHORT,101.242,101.44,-140.4,-28.08,1
2014-05-22,2014-05-23,SHORT,101.4,101.785,-146.1,-56.55,1
2014-05-23,2014-05-27,SHORT,101.745,101.914,-143.42,-24.53,4
2014-05-27,2014-05-28,SHORT,101.874,101.997,-158.86,-19.86,1
2014-05-28,2014-05-29,SHORT,101.957,101.75,-158.85,32.56,1
2014-05-29,2014-05-30,SHORT,101.71,101.74,-154.07,-4.94,1
2014-05-30,2014-06-02,SHORT,101.7,101.896,-159.34,-31.56,3
2014-06-02,2014-06-03,SHORT,101.856,102.44,-155.63,-91.21,1
2014-06-03,2014-06-04,SHORT,102.4,102.56,-274.86,-44.54,1
2014-06-04,2014-06-05,SHORT,102.52,102.701,-436.04,-79.82,1
2014-06-05,2014-06-06,LONG,102.701,102.403,440.32,-132.12,1
2014-06-06,2014-06-09,SHORT,102.403,102.5,-237.97,-23.57,3
2014-06-09,2014-06-10,SHORT,102.46,102.5,-207.26,-8.72,1
2014-06-10,2014-06-11,SHORT,102.46,102.334,-260.96,32.35,1
2014-06-11,2014-06-12,SHORT,102.294,102.02,-177.51,48.28,1
2014-06-12,2014-06-13,SHORT,101.98,101.72,-178.62,46.08,1
2014-06-13,2014-06-17,SHORT,101.68,101.89,-174.51,-37.0,4
2014-06-17,2014-06-18,SHORT,101.85,102.194,-227.7,-78.8,1
2014-06-18,2014-06-19,SHORT,102.154,101.91,-180.96,43.79,1
2014-06-19,2014-06-20,SHORT,101.87,101.95,-274.78,-22.54,1
2014-06-20,2014-06-23,SHORT,101.91,102.086,-199.17,-35.46,3
2014-06-23,2014-06-24,SHORT,102.046,101.89,-194.51,29.95,1
2014-06-24,2014-06-25,SHORT,101.85,101.93,-226.25,-18.56,1
2014-06-25,2014-06-26,SHORT,101.89,101.82,-195.89,13.31,1
2014-06-26,2014-06-27,SHORT,101.78,101.657,-201.26,24.35,1
2014-06-27,2014-06-30,SHORT,101.617,101.463,-192.03,29.18,3
2014-06-30,2014-07-01,SHORT,101.423,101.31,-253.06,28.08,1
2014-07-01,2014-07-02,SHORT,101.27,101.56,-285.83,-83.47,1
2014-07-02,2014-07-03,SHORT,101.52,101.85,-323.67,-107.47,1
2014-07-03,2014-07-04,SHORT,101.81,102.2,-188.99,-74.09,1
2014-07-04,2014-07-07,SHORT,102.16,102.13,-184.96,5.17,3
2014-07-07,2014-07-09,SHORT,102.09,101.48,-184.88,112.4,2
2014-07-09,2014-07-10,SHORT,101.44,101.555,-181.97,-21.3,1
2014-07-10,2014-07-11,SHORT,101.515,101.303,-178.59,37.5,1
2014-07-11,2014-07-14,SHORT,101.263,101.39,-178.43,-23.02,3
2014-07-14,2014-07-15,SHORT,101.35,101.54,-178.89,-34.35,1
2014-07-15,2014-07-16,SHORT,101.5,101.68,-177.7,-32.35,1
2014-07-16,2014-07-17,SHORT,101.64,101.65,-181.84,-2.19,1
2014-07-17,2014-07-18,SHORT,101.61,101.25,-185.3,66.33,1
2014-07-18,2014-07-21,SHORT,101.21,101.36,-377.09,-57.32,3
2014-07-21,2014-07-22,SHORT,101.32,101.42,-305.26,-31.15,1
2014-07-22,2014-07-23,SHORT,101.38,101.49,-195.95,-21.95,1
2014-07-23,2014-07-25,SHORT,101.45,101.78,-215.62,-71.59,2
2014-07-25,2014-07-28,SHORT,101.74,101.769,-302.68,-9.39,3
2014-07-28,2014-07-29,SHORT,101.729,101.83,-281.62,-29.02,1
2014-07-29,2014-07-30,SHORT,101.79,102.096,-232.87,-71.73,1
2014-07-30,2014-07-31,SHORT,102.056,102.86,-263.5,-212.4,1
2014-07-31,2014-08-01,LONG,102.86,102.753,438.5,-47.82,1
2014-08-01,2014-08-04,LONG,102.793,102.543,636.46,-160.42,3
2014-08-04,2014-08-05,LONG,102.583,102.522,475.08,-29.96,1
2014-08-05,2014-08-06,LONG,102.562,102.569,439.38,2.17,1
2014-08-06,2014-08-07,LONG,102.609,102.093,437.77,-226.78,1
2014-08-07,2014-08-08,SHORT,102.093,102.149,-182.32,-10.58,1
2014-08-08,2014-08-11,SHORT,102.109,102.175,-155.37,-10.57,3
2014-08-11,2014-08-12,SHORT,102.135,102.225,-157.2,-14.47,1
2014-08-12,2014-08-13,SHORT,102.185,102.302,-156.17,-18.59,1
2014-08-13,2014-08-14,SHORT,102.262,102.428,-158.38,-26.62,1
2014-08-14,2014-08-15,SHORT,102.388,102.516,-247.13,-32.14,1
2014-08-15,2014-08-18,LONG,102.516,102.39,150.73,-19.3,3
2014-08-18,2014-08-19,SHORT,102.39,102.63,-151.22,-36.6,1
2014-08-19,2014-08-20,LONG,102.63,102.89,166.36,42.91,1
2014-08-20,2014-08-21,LONG,102.93,103.681,169.76,127.13,1
2014-08-21,2014-08-22,LONG,103.721,103.829,575.91,61.0,1
2014-08-22,2014-08-25,LONG,103.869,104.181,554.73,171.92,3
2014-08-25,2014-08-26,LONG,104.221,104.05,569.2,-98.52,1
2014-08-26,2014-08-27,LONG,104.09,104.07,493.39,-10.9,1
2014-08-27,2014-08-28,LONG,104.11,103.858,503.48,-127.92,1
2014-08-28,2014-08-29,LONG,103.898,103.676,399.26,-89.46,1
2014-08-29,2014-09-01,SHORT,103.676,104.188,-304.9,-156.75,3
2014-09-01,2014-09-02,LONG,104.188,104.32,366.14,47.57,1
2014-09-02,2014-09-03,LONG,104.36,105.217,331.93,283.77,1
2014-09-03,2014-09-04,LONG,105.257,104.851,343.37,-140.13,1
2014-09-04,2014-09-05,LONG,104.891,105.562,198.67,132.89,1
2014-09-05,2014-09-08,LONG,105.602,105.16,233.05,-103.5,3
2014-09-08,2014-09-09,LONG,105.2,106.14,126.56,118.7,1
2014-09-09,2014-09-10,LONG,106.18,106.103,209.33,-16.56,1
2014-09-10,2014-09-11,LONG,106.143,106.806,208.38,137.71,1
2014-09-11,2014-09-12,LONG,106.846,107.085,261.72,61.99,1
2014-09-12,2014-09-15,LONG,107.125,107.31,292.04,53.4,3
2014-09-15,2014-09-16,LONG,107.35,107.118,288.23,-67.49,1
2014-09-16,2014-09-17,LONG,107.158,107.13,251.7,-7.59,1
2014-09-17,2014-09-18,LONG,107.17,108.496,211.34,279.77,1
2014-09-18,2014-09-19,LONG,108.536,108.78,280.81,67.91,1
2014-09-19,2014-09-22,LONG,108.82,108.92,264.1,25.83,3
2014-09-22,2014-09-23,LONG,108.96,108.73,343.13,-79.67,1
2014-09-23,2014-09-24,LONG,108.77,108.522,298.3,-74.63,1
2014-09-24,2014-09-25,LONG,108.562,109.296,264.55,193.6,1
2014-09-25,2014-09-26,LONG,109.336,108.59,269.48,-201.62,1
2014-09-26,2014-09-29,LONG,108.63,109.391,143.45,108.86,3
2014-09-29,2014-09-30,LONG,109.431,109.37,175.37,-11.08,1
2014-09-30,2014-10-01,LONG,109.41,109.64,199.65,45.48,1
2014-10-01,2014-10-02,LONG,109.68,109.0,215.89,-147.28,1
2014-10-02,2014-10-03,LONG,109.04,108.503,93.26,-50.28,1
2014-10-03,2014-10-06,SHORT,108.503,109.822,-85.62,-113.12,3
2014-10-06,2014-10-07,LONG,109.822,108.848,80.3,-78.39,1
2014-10-07,2014-10-09,SHORT,108.848,108.147,-73.65,51.47,2
2014-10-09,2014-10-10,SHORT,108.107,107.85,-78.71,20.06,1
2014-10-10,2014-10-13,SHORT,107.81,107.358,-78.71,35.41,3
2014-10-13,2014-10-14,SHORT,107.318,107.083,-122.7,28.57,1
2014-10-14,2014-10-15,SHORT,107.043,107.334,-130.03,-38.12,1
2014-10-15,2014-10-16,SHORT,107.294,106.0,-122.43,158.17,1
2014-10-16,2014-10-17,SHORT,105.96,106.425,-132.41,-61.85,1
2014-10-17,2014-10-20,SHORT,106.385,107.164,-95.31,-74.45,3
2014-10-20,2014-10-21,SHORT,107.124,106.93,-128.21,24.6,1
2014-10-21,2014-10-22,SHORT,106.89,107.041,-107.53,-16.47,1
2014-10-22,2014-10-23,SHORT,107.001,107.168,-71.8,-12.14,1
2014-10-23,2014-10-24,SHORT,107.128,108.181,-72.69,-76.7,1
2014-10-24,2014-10-27,SHORT,108.141,108.222,-73.28,-6.09,3
2014-10-27,2014-10-28,SHORT,108.182,107.863,-79.82,25.29,1
2014-10-28,2014-10-29,SHORT,107.823,108.132,-83.26,-25.91,1
2014-10-29,2014-10-30,SHORT,108.092,108.866,-85.8,-66.6,1
2014-10-30,2014-10-31,LONG,108.866,109.193,230.06,74.73,1
2014-10-31,2014-11-03,LONG,109.233,112.821,188.01,674.15,3
2014-11-03,2014-11-04,LONG,112.861,113.628,175.94,134.54,1
2014-11-04,2014-11-05,LONG,113.668,113.46,201.53,-42.38,1
2014-11-05,2014-11-06,LONG,113.5,114.635,196.35,222.4,1
2014-11-06,2014-11-07,LONG,114.675,115.156,188.97,90.46,1
2014-11-07,2014-11-10,LONG,115.196,114.513,187.73,-128.65,3
2014-11-10,2014-11-11,LONG,114.553,114.733,154.07,27.38,1
2014-11-11,2014-11-12,LONG,114.773,115.701,163.11,150.99,1
2014-11-12,2014-11-13,LONG,115.741,115.55,166.9,-32.26,1
2014-11-13,2014-11-14,LONG,115.59,115.804,162.02,34.3,1
2014-11-14,2014-11-17,LONG,115.844,116.876,156.0,160.63,3
2014-11-17,2014-11-18,LONG,116.916,116.626,131.67,-38.49,1
2014-11-18,2014-11-19,LONG,116.666,116.849,106.23,19.19,1
2014-11-19,2014-11-20,LONG,116.889,118.128,119.31,147.55,1
2014-11-20,2014-11-21,LONG,118.168,118.216,129.69,5.92,1
2014-11-21,2014-11-24,LONG,118.256,117.724,153.12,-81.82,3
2014-11-24,2014-11-25,LONG,117.764,118.434,165.82,110.71,1
2014-11-25,2014-11-26,LONG,118.474,117.781,180.96,-125.83,1
2014-11-26,2014-11-27,LONG,117.821,117.61,114.56,-24.44,1
2014-11-27,2014-11-28,LONG,117.65,117.82,115.99,19.44,1
2014-11-28,2014-12-01,LONG,117.86,118.844,116.44,114.3,3
2014-12-01,2014-12-02,LONG,118.884,118.288,117.3,-70.19,1
2014-12-02,2014-12-03,LONG,118.328,119.174,93.6,78.96,1
2014-12-03,2014-12-04,LONG,119.214,119.841,109.6,68.46,1
2014-12-04,2014-12-05,LONG,119.881,119.792,91.31,-8.35,1
2014-12-05,2014-12-08,LONG,119.832,121.541,81.19,138.56,3
2014-12-08,2014-12-09,LONG,121.581,120.63,148.18,-141.27,1
2014-12-09,2014-12-10,LONG,120.67,119.322,72.11,-97.37,1
2014-12-10,2014-12-11,LONG,119.362,117.689,55.69,-93.3,1
2014-12-11,2014-12-12,SHORT,117.689,119.027,-52.64,-70.56,1
2014-12-12,2014-12-15,LONG,119.027,118.145,51.11,-45.2,3
2014-12-15,2014-12-17,SHORT,118.145,116.633,-50.37,76.04,2
2014-12-17,2014-12-18,SHORT,116.593,118.816,-47.02,-104.64,1
2014-12-18,2014-12-22,LONG,118.816,119.477,42.61,28.07,4
2014-12-22,2014-12-23,LONG,119.517,120.13,43.6,26.62,1
2014-12-23,2014-12-24,LONG,120.17,120.67,43.87,21.83,1
2014-12-24,2014-12-25,LONG,120.71,120.439,44.71,-12.22,1
2014-12-25,2014-12-26,LONG,120.479,120.35,64.89,-8.53,1
2014-12-26,2014-12-29,LONG,120.39,120.404,50.61,0.59,3
2014-12-29,2014-12-30,LONG,120.444,120.612,88.86,14.71,1
2014-12-30,2014-12-31,LONG,120.652,119.438,121.72,-148.06,1
2014-12-31,2015-01-01,LONG,119.478,119.653,122.53,21.15,1
2015-01-01,2015-01-02,LONG,119.693,119.85,67.75,10.47,1
2015-01-02,2015-01-05,LONG,119.89,120.414,67.61,35.26,3
2015-01-05,2015-01-06,LONG,120.454,119.405,74.06,-77.86,1
2015-01-06,2015-01-07,LONG,119.445,118.653,71.63,-56.9,1
2015-01-07,2015-01-08,SHORT,118.653,119.309,-144.88,-95.39,1
2015-01-08,2015-01-09,SHORT,119.269,119.812,-77.25,-42.13,1
2015-01-09,2015-01-12,LONG,119.812,118.192,77.14,-125.15,3
2015-01-12,2015-01-13,SHORT,118.192,118.348,-97.19,-15.39,1
2015-01-13,2015-01-14,SHORT,118.308,117.815,-98.82,48.49,1
2015-01-14,2015-01-15,SHORT,117.775,117.41,-71.53,25.94,1
2015-01-15,2015-01-16,SHORT,117.37,116.15,-88.12,107.31,1
2015-01-16,2015-01-19,SHORT,116.11,117.58,-114.86,-169.12,3
2015-01-19,2015-01-20,SHORT,117.54,117.732,-79.7,-15.49,1
2015-01-20,2015-01-21,SHORT,117.692,118.669,-57.43,-56.25,1
2015-01-21,2015-01-22,SHORT,118.629,117.88,-53.56,39.99,1
2015-01-22,2015-01-23,SHORT,117.84,118.771,-52.79,-49.27,1
2015-01-23,2015-01-26,SHORT,118.731,117.381,-52.84,71.21,3
2015-01-26,2015-01-27,SHORT,117.341,118.54,-53.91,-64.77,1
2015-01-27,2015-01-30,SHORT,118.5,118.268,-52.94,12.16,3
2015-01-30,2015-02-02,SHORT,118.228,117.204,-58.45,59.72,3
2015-02-02,2015-02-04,SHORT,117.164,117.666,-57.6,-29.05,2
2015-02-04,2015-02-05,SHORT,117.626,117.308,-65.71,20.74,1
2015-02-05,2015-02-06,SHORT,117.268,117.555,-71.17,-20.59,1
2015-02-06,2015-02-09,SHORT,117.515,118.99,-69.24,-102.29,3
2015-02-09,2015-02-10,LONG,118.99,118.543,69.16,-31.08,1
2015-02-10,2015-02-11,SHORT,118.543,119.378,-69.35,-58.07,1
2015-02-11,2015-02-12,LONG,119.378,120.15,75.95,58.45,1
2015-02-12,2015-02-13,LONG,120.19,118.896,109.18,-141.53,1
2015-02-13,2015-02-16,SHORT,118.896,118.59,-64.44,19.57,3
2015-02-16,2015-02-17,SHORT,118.55,118.512,-67.62,2.41,1
2015-02-17,2015-02-18,SHORT,118.472,119.228,-68.03,-51.59,1
2015-02-18,2015-02-19,LONG,119.228,118.669,66.65,-37.41,1
2015-02-19,2015-02-20,SHORT,118.669,119.008,-67.2,-22.94,1
2015-02-20,2015-02-23,SHORT,118.968,119.096,-68.52,-8.93,3
2015-02-23,2015-02-24,LONG,119.096,118.883,69.85,-15.04,1
2015-02-24,2015-02-25,SHORT,118.883,118.912,-68.76,-2.16,1
2015-02-25,2015-02-26,SHORT,118.872,118.842,-69.62,1.92,1
2015-02-26,2015-02-27,SHORT,118.802,119.397,-114.94,-68.67,1
2015-02-27,2015-03-02,LONG,119.397,119.806,80.09,32.57,3
2015-03-02,2015-03-03,LONG,119.846,120.184,140.68,47.21,1
2015-03-03,2015-03-04,LONG,120.224,119.617,189.75,-115.63,1
2015-03-04,2015-03-05,LONG,119.657,119.631,96.17,-2.73,1
2015-03-05,2015-03-06,LONG,119.671,120.025,155.77,54.77,1
2015-03-06,2015-03-09,LONG,120.065,120.719,149.32,97.3,3
2015-03-09,2015-03-10,LONG,120.759,121.388,186.43,116.81,1
2015-03-10,2015-03-11,LONG,121.428,121.018,237.34,-97.88,1
2015-03-11,2015-03-12,LONG,121.058,121.391,187.72,62.05,1
2015-03-12,2015-03-13,LONG,121.431,121.298,208.44,-28.23,1
2015-03-13,2015-03-16,LONG,121.338,121.323,176.22,-3.07,3
2015-03-16,2015-03-17,LONG,121.363,121.347,162.77,-3.0,1
2015-03-17,2015-03-18,LONG,121.387,121.26,139.21,-18.02,1
2015-03-18,2015-03-19,LONG,121.3,120.044,232.85,-293.02,1
2015-03-19,2015-03-20,SHORT,120.044,120.782,-89.7,-66.42,1
2015-03-20,2015-03-23,LONG,120.782,120.007,86.98,-67.62,3
2015-03-23,2015-03-24,SHORT,120.007,119.77,-84.26,19.77,1
2015-03-24,2015-03-25,SHORT,119.73,119.811,-142.83,-11.91,1
2015-03-25,2015-03-26,SHORT,119.771,119.538,-119.11,27.47,1
2015-03-26,2015-03-27,SHORT,119.498,119.203,-188.45,55.14,1
2015-03-27,2015-03-30,SHORT,119.163,119.27,-209.46,-22.91,3
2015-03-30,2015-03-31,SHORT,119.23,120.033,-207.34,-166.99,1
2015-03-31,2015-04-01,SHORT,119.993,120.042,-107.12,-5.51,1
2015-04-01,2015-04-02,SHORT,120.002,119.594,-101.67,41.24,1
2015-04-02,2015-04-03,SHORT,119.554,119.717,-87.88,-14.53,1
2015-04-03,2015-04-06,SHORT,119.677,118.843,-115.2,95.81,3
2015-04-06,2015-04-07,SHORT,118.803,119.497,-120.08,-83.62,1
2015-04-07,2015-04-08,SHORT,119.457,120.31,-74.33,-63.58,1
2015-04-08,2015-04-09,SHORT,120.27,120.114,-78.37,12.04,1
2015-04-09,2015-04-10,SHORT,120.074,120.57,-81.86,-40.8,1
2015-04-10,2015-04-13,LONG,120.57,120.189,106.62,-40.88,3
2015-04-13,2015-04-14,SHORT,120.189,120.079,-84.27,9.07,1
2015-04-14,2015-04-15,SHORT,120.039,119.477,-80.59,45.1,1
2015-04-15,2015-04-16,SHORT,119.437,119.163,-84.15,22.86,1
2015-04-16,2015-04-17,SHORT,119.123,119.064,-83.59,4.73,1
2015-04-17,2015-04-20,SHORT,119.024,118.838,-85.86,15.77,3
2015-04-20,2015-04-22,SHORT,118.798,119.653,-87.84,-75.31,2
2015-04-22,2015-04-23,SHORT,119.613,119.97,-85.66,-30.79,1
2015-04-23,2015-04-24,SHORT,119.93,119.591,-89.62,30.17,1
2015-04-24,2015-04-27,SHORT,119.551,118.947,-106.53,64.09,3
2015-04-27,2015-04-28,SHORT,118.907,119.146,-137.11,-33.1,1
2015-04-28,2015-04-29,SHORT,119.106,118.843,-102.26,26.65,1
2015-04-29,2015-04-30,SHORT,118.803,118.99,-98.15,-18.59,1
2015-04-30,2015-05-01,SHORT,118.95,119.472,-91.22,-47.84,1
2015-05-01,2015-05-04,SHORT,119.432,120.156,-88.87,-64.56,3
2015-05-04,2015-05-05,SHORT,120.116,120.12,-121.16,-0.78,1
2015-05-05,2015-05-06,SHORT,120.08,119.942,-92.46,12.54,1
2015-05-06,2015-05-07,SHORT,119.902,119.417,-90.95,43.89,1
2015-05-07,2015-05-08,SHORT,119.377,119.729,-89.57,-31.74,1
2015-05-08,2015-05-11,SHORT,119.689,119.8,-89.39,-10.14,3
2015-05-11,2015-05-12,SHORT,119.76,120.151,-109.73,-43.17,1
2015-05-12,2015-05-13,SHORT,120.111,119.855,-125.67,31.87,1
2015-05-13,2015-05-14,SHORT,119.815,119.18,-119.96,75.89,1
2015-05-14,2015-05-18,SHORT,119.14,119.35,-92.35,-19.61,4
2015-05-18,2015-05-19,SHORT,119.31,119.92,-111.4,-68.22,1
2015-05-19,2015-05-20,SHORT,119.88,120.672,-84.49,-67.12,1
2015-05-20,2015-05-21,LONG,120.672,121.192,83.68,43.31,1
2015-05-21,2015-05-22,LONG,121.232,121.019,171.38,-36.92,1
2015-05-22,2015-05-25,LONG,121.059,121.551,129.3,63.3,3
2015-05-25,2015-05-26,LONG,121.591,121.58,155.07,-2.08,1
2015-05-26,2015-05-27,LONG,121.62,122.966,128.67,172.87,1
2015-05-27,2015-05-28,LONG,123.006,123.72,193.75,137.86,1
2015-05-28,2015-05-29,LONG,123.76,123.8,265.85,9.98,1
2015-05-29,2015-06-01,LONG,123.84,124.173,262.81,86.86,3
2015-06-01,2015-06-02,LONG,124.213,124.827,258.01,157.77,1
2015-06-02,2015-06-03,LONG,124.867,124.016,256.92,-219.28,1
2015-06-03,2015-06-04,LONG,124.056,124.284,171.95,38.78,1
2015-06-04,2015-06-05,LONG,124.324,124.36,165.24,5.54,1
2015-06-05,2015-06-08,LONG,124.4,125.609,172.99,208.71,3
2015-06-08,2015-06-09,LONG,125.649,124.543,186.0,-206.18,1
2015-06-09,2015-06-10,LONG,124.583,124.319,112.72,-30.04,1
2015-06-10,2015-06-11,SHORT,124.319,122.886,-58.58,83.8,1
2015-06-11,2015-06-12,SHORT,122.846,123.601,-56.92,-43.12,1
2015-06-12,2015-06-15,SHORT,123.561,123.31,-56.22,13.97,3
2015-06-15,2015-06-16,SHORT,123.27,123.44,-60.7,-10.47,1
2015-06-16,2015-06-17,SHORT,123.4,123.459,-67.63,-4.16,1
2015-06-17,2015-06-18,SHORT,123.419,123.55,-69.92,-9.33,1
2015-06-18,2015-06-19,SHORT,123.51,123.022,-67.74,32.89,1
2015-06-19,2015-06-22,SHORT,122.982,122.771,-67.28,14.03,3
2015-06-22,2015-06-23,SHORT,122.731,123.399,-166.53,-111.65,1
2015-06-23,2015-06-24,SHORT,123.359,123.88,-73.56,-38.51,1
2015-06-24,2015-06-25,SHORT,123.84,123.871,-67.02,-2.24,1
2015-06-25,2015-06-26,SHORT,123.831,123.618,-89.1,18.76,1
2015-06-26,2015-06-29,SHORT,123.578,122.632,-73.42,69.27,3
2015-06-29,2015-06-30,SHORT,122.592,122.69,-76.01,-7.64,1
2015-06-30,2015-07-01,SHORT,122.65,122.406,-84.36,20.38,1
2015-07-01,2015-07-02,SHORT,122.366,123.34,-104.85,-102.38,1
2015-07-02,2015-07-07,SHORT,123.3,122.631,-86.31,57.53,5
2015-07-07,2015-07-08,SHORT,122.591,122.51,-81.85,6.43,1
2015-07-08,2015-07-09,SHORT,122.47,120.882,-110.32,174.92,1
2015-07-09,2015-07-10,SHORT,120.842,121.72,-158.09,-139.19,1
2015-07-10,2015-07-13,SHORT,121.68,122.516,-84.18,-70.58,3
2015-07-13,2015-07-14,SHORT,122.476,123.59,-64.5,-72.01,1
2015-07-14,2015-07-15,SHORT,123.55,123.34,-63.54,13.19,1
2015-07-15,2015-07-16,SHORT,123.3,123.89,-63.23,-37.46,1
2015-07-16,2015-07-17,SHORT,123.85,124.169,-62.8,-20.19,1
2015-07-17,2015-07-20,LONG,124.169,124.122,66.27,-3.28,3
2015-07-20,2015-07-21,LONG,124.162,124.274,82.04,8.98,1
2015-07-21,2015-07-22,LONG,124.314,123.84,81.02,-38.6,1
2015-07-22,2015-07-23,SHORT,123.84,124.088,-71.02,-17.79,1
2015-07-23,2015-07-24,LONG,124.088,123.856,201.66,-47.29,1
2015-07-24,2015-07-27,SHORT,123.856,123.783,-163.42,11.52,3
2015-07-27,2015-07-28,SHORT,123.743,123.26,-114.66,55.1,1
2015-07-28,2015-07-29,SHORT,123.22,123.596,-81.63,-30.89,1
2015-07-29,2015-07-30,SHORT,123.556,123.96,-90.27,-36.69,1
2015-07-30,2015-08-04,LONG,123.96,123.925,97.63,-3.66,5
2015-08-04,2015-08-05,LONG,123.965,124.254,122.61,35.13,1
2015-08-05,2015-08-06,LONG,124.294,124.71,119.88,49.57,1
2015-08-06,2015-08-07,LONG,124.75,124.714,119.47,-4.6,1
2015-08-07,2015-08-10,LONG,124.754,124.28,156.89,-74.76,3
2015-08-10,2015-08-11,LONG,124.32,124.593,111.06,30.04,1
2015-08-11,2015-08-12,LONG,124.633,125.05,244.06,101.16,1
2015-08-12,2015-08-13,LONG,125.09,124.235,230.33,-197.51,1
2015-08-13,2015-08-14,SHORT,124.235,124.383,-96.05,-14.46,1
2015-08-14,2015-08-17,LONG,124.383,124.33,99.7,-5.53,3
2015-08-17,2015-08-18,LONG,124.37,124.418,103.38,4.71,1
2015-08-18,2015-08-19,LONG,124.458,124.351,107.03,-11.72,1
2015-08-19,2015-08-20,LONG,124.391,123.877,113.84,-58.79,1
2015-08-20,2015-08-21,SHORT,123.877,123.44,-136.39,59.27,1
2015-08-21,2015-08-24,SHORT,123.4,121.752,-158.14,260.23,3
2015-08-24,2015-08-25,SHORT,121.712,118.904,-138.99,389.95,1
2015-08-25,2015-08-26,SHORT,118.864,118.56,-179.31,54.09,1
2015-08-26,2015-08-27,SHORT,118.52,120.078,-202.04,-315.27,1
2015-08-27,2015-08-28,SHORT,120.038,121.023,-109.46,-108.08,1
2015-08-28,2015-08-31,SHORT,120.983,121.309,-75.72,-24.87,3
2015-08-31,2015-09-01,SHORT,121.269,121.109,-67.51,10.64,1
2015-09-01,2015-09-02,SHORT,121.069,119.735,-71.96,95.82,1
2015-09-02,2015-09-03,SHORT,119.695,120.6,-85.75,-77.81,1
2015-09-03,2015-09-04,SHORT,120.56,120.076,-57.49,27.69,1
2015-09-04,2015-09-07,SHORT,120.036,119.184,-54.67,46.45,3
2015-09-07,2015-09-08,SHORT,119.144,119.423,-43.5,-12.24,1
2015-09-08,2015-09-09,SHORT,119.383,120.109,-40.03,-29.16,1
2015-09-09,2015-09-10,SHORT,120.069,120.298,-38.69,-8.95,1
2015-09-10,2015-09-15,SHORT,120.258,120.38,-39.49,-4.91,5
2015-09-15,2015-09-16,SHORT,120.34,120.454,-56.77,-6.61,1
2015-09-16,2015-09-17,SHORT,120.414,120.543,-62.66,-8.23,1
2015-09-17,2015-09-21,SHORT,120.503,120.021,-65.58,31.45,4
2015-09-21,2015-09-22,SHORT,119.981,120.518,-79.26,-42.75,1
2015-09-22,2015-09-23,SHORT,120.478,120.1,-98.02,36.82,1
2015-09-23,2015-09-25,SHORT,120.06,120.26,-67.75,-13.71,2
2015-09-25,2015-09-28,SHORT,120.22,120.388,-70.69,-12.05,3
2015-09-28,2015-09-29,SHORT,120.348,119.86,-73.43,35.66,1
2015-09-29,2015-09-30,SHORT,119.82,119.88,-77.06,-4.81,1
2015-09-30,2015-10-01,SHORT,119.84,119.879,-80.19,-3.32,1
2015-10-01,2015-10-02,SHORT,119.839,119.83,-92.93,0.61,1
2015-10-02,2015-10-05,SHORT,119.79,120.015,-75.13,-17.09,3
2015-10-05,2015-10-08,SHORT,119.975,119.935,-79.87,3.0,3
2015-10-08,2015-10-09,SHORT,119.895,119.949,-84.84,-4.78,1
2015-10-09,2015-10-12,SHORT,119.909,120.199,-87.81,-25.68,3
2015-10-12,2015-10-13,SHORT,120.159,120.031,-91.7,11.52,1
2015-10-13,2015-10-14,SHORT,119.991,119.74,-93.85,23.33,1
2015-10-14,2015-10-15,SHORT,119.7,118.85,-95.76,81.17,1
2015-10-15,2015-10-16,SHORT,118.81,119.07,-133.03,-34.9,1
2015-10-16,2015-10-19,SHORT,119.03,119.29,-92.31,-24.22,3
2015-10-19,2015-10-20,SHORT,119.25,119.523,-96.98,-26.71,1
2015-10-20,2015-10-21,SHORT,119.483,119.8,-132.34,-42.27,1
2015-10-21,2015-10-22,SHORT,119.76,119.862,-99.51,-10.39,1
2015-10-22,2015-10-23,SHORT,119.822,120.88,-107.97,-114.49,1
2015-10-23,2015-10-26,SHORT,120.84,121.316,-101.71,-48.66,3
2015-10-26,2015-10-27,LONG,121.316,120.929,115.07,-44.81,1
2015-10-27,2015-10-28,SHORT,120.929,120.497,-94.56,40.62,1
2015-10-28,2015-10-29,SHORT,120.457,120.88,-94.01,-40.0,1
2015-10-29,2015-10-30,SHORT,120.84,121.02,-204.63,-37.33,1
2015-10-30,2015-11-02,SHORT,120.98,120.515,-187.42,86.7,3
2015-11-02,2015-11-03,SHORT,120.475,120.808,-108.27,-36.32,1
2015-11-03,2015-11-04,SHORT,120.768,121.115,-113.75,-39.75,1
2015-11-04,2015-11-05,LONG,121.115,121.47,122.9,43.33,1
2015-11-05,2015-11-06,LONG,121.51,121.65,141.04,19.4,1
2015-11-06,2015-11-09,LONG,121.69,123.18,83.44,124.12,3
2015-11-09,2015-11-10,LONG,123.22,123.057,127.41,-21.08,1
2015-11-10,2015-11-11,LONG,123.097,123.064,151.83,-5.38,1
2015-11-11,2015-11-12,LONG,123.104,122.737,214.78,-79.35,1
2015-11-12,2015-11-13,LONG,122.777,122.54,171.03,-40.96,1
2015-11-13,2015-11-16,LONG,122.58,122.344,141.93,-33.84,3
2015-11-16,2015-11-17,LONG,122.384,123.246,188.75,162.23,1
2015-11-17,2015-11-18,LONG,123.286,123.425,206.5,28.19,1
2015-11-18,2015-11-19,LONG,123.465,123.505,207.88,7.8,1
2015-11-19,2015-11-20,LONG,123.545,122.892,201.66,-132.18,1
2015-11-20,2015-11-23,LONG,122.932,122.903,109.53,-3.45,3
2015-11-23,2015-11-24,LONG,122.943,122.895,93.82,-4.73,1
2015-11-24,2015-11-25,LONG,122.935,122.485,96.66,-43.74,1
2015-11-25,2015-11-26,SHORT,122.485,122.7,-98.63,-21.45,1
2015-11-26,2015-11-27,LONG,122.7,122.614,114.55,-10.13,1
2015-11-27,2015-11-30,SHORT,122.614,122.85,-136.08,-32.45,3
2015-11-30,2015-12-01,LONG,122.85,123.19,132.04,44.57,1
2015-12-01,2015-12-02,LONG,123.23,122.895,129.52,-43.71,1
2015-12-02,2015-12-03,LONG,122.935,123.206,126.49,33.97,1
2015-12-03,2015-12-04,LONG,123.246,122.633,121.97,-75.06,1
2015-12-04,2015-12-07,SHORT,122.633,123.21,-121.46,-70.38,3
2015-12-07,2015-12-08,LONG,123.21,123.26,125.58,5.97,1
2015-12-08,2015-12-09,LONG,123.3,122.892,121.87,-50.02,1
2015-12-09,2015-12-10,LONG,122.932,121.68,112.84,-141.55,1
2015-12-10,2015-12-11,SHORT,121.68,121.73,-103.07,-5.4,1
2015-12-11,2015-12-14,SHORT,121.69,120.913,-94.63,73.3,3
2015-12-14,2015-12-15,SHORT,120.873,121.11,-153.03,-36.64,1
2015-12-15,2015-12-16,SHORT,121.07,121.695,-167.65,-105.19,1
2015-12-16,2015-12-17,SHORT,121.655,122.483,-86.11,-71.51,1
2015-12-17,2015-12-18,SHORT,122.443,122.47,-77.71,-2.29,1
2015-12-18,2015-12-21,SHORT,122.43,121.32,-69.34,76.8,3
2015-12-21,2015-12-22,SHORT,121.28,121.226,-95.46,4.92,1
2015-12-22,2015-12-23,SHORT,121.186,121.05,-104.92,14.02,1
2015-12-23,2015-12-24,SHORT,121.01,120.955,-100.63,5.29,1
2015-12-24,2015-12-25,SHORT,120.915,120.19,-67.88,49.05,1
2015-12-25,2015-12-28,SHORT,120.15,120.251,-88.96,-9.2,3
2015-12-28,2015-12-29,SHORT,120.211,120.37,-68.2,-11.01,1
2015-12-29,2015-12-30,SHORT,120.33,120.549,-73.75,-16.33,1
2015-12-30,2015-12-31,SHORT,120.509,120.47,-108.7,3.98,1
2015-12-31,2016-01-01,SHORT,120.43,120.308,-257.14,30.75,1
2016-01-01,2016-01-04,SHORT,120.268,120.331,-283.13,-18.52,3
2016-01-04,2016-01-05,SHORT,120.291,119.487,-201.87,161.82,1
2016-01-05,2016-01-06,SHORT,119.447,119.122,-238.82,77.05,1
2016-01-06,2016-01-07,SHORT,119.082,118.63,-244.07,109.74,1
2016-01-07,2016-01-08,SHORT,118.59,117.56,-268.0,275.41,1
2016-01-08,2016-01-11,SHORT,117.52,117.1,-281.72,117.66,3
2016-01-11,2016-01-12,SHORT,117.06,117.67,-292.31,-179.0,1
2016-01-12,2016-01-13,SHORT,117.63,117.85,-213.03,-47.37,1
2016-01-13,2016-01-14,SHORT,117.81,117.445,-213.87,77.56,1
2016-01-14,2016-01-15,SHORT,117.405,118.223,-223.68,-183.5,1
2016-01-15,2016-01-18,SHORT,118.183,117.01,-124.1,145.28,3
2016-01-18,2016-01-19,SHORT,116.97,117.404,-150.21,-65.54,1
2016-01-19,2016-01-20,SHORT,117.364,117.585,-95.86,-21.41,1
2016-01-20,2016-01-21,SHORT,117.545,117.154,-68.49,26.62,1
2016-01-21,2016-01-22,SHORT,117.114,117.944,-63.0,-52.44,1
2016-01-22,2016-01-25,SHORT,117.904,118.592,-61.36,-42.36,3
2016-01-25,2016-01-26,SHORT,118.552,118.248,-67.78,20.45,1
2016-01-26,2016-01-27,SHORT,118.208,118.4,-64.58,-12.55,1
2016-01-27,2016-01-28,SHORT,118.36,118.487,-68.99,-8.93,1
2016-01-28,2016-01-29,SHORT,118.447,118.95,-71.74,-36.26,1
2016-01-29,2016-02-01,LONG,118.95,121.32,62.37,147.65,3
2016-02-01,2016-02-02,LONG,121.36,120.82,169.34,-91.85,1
2016-02-02,2016-02-03,LONG,120.86,119.836,128.98,-132.39,1
2016-02-03,2016-02-04,LONG,119.876,118.1,66.75,-118.71,1
2016-02-04,2016-02-05,SHORT,118.1,116.886,-46.39,56.21,1
2016-02-05,2016-02-08,SHORT,116.846,116.97,-45.77,-5.78,3
2016-02-08,2016-02-09,SHORT,116.93,115.688,-44.18,54.77,1
2016-02-09,2016-02-10,SHORT,115.648,115.211,-48.29,20.99,1
2016-02-10,2016-02-11,SHORT,115.171,113.272,-57.38,108.84,1
2016-02-11,2016-02-12,SHORT,113.232,112.517,-71.06,50.65,1
2016-02-12,2016-02-15,SHORT,112.477,113.69,-83.76,-101.79,3
2016-02-15,2016-02-16,SHORT,113.65,114.342,-107.58,-74.69,1
2016-02-16,2016-02-17,SHORT,114.302,114.1,-88.41,17.66,1
2016-02-17,2016-02-18,SHORT,114.06,114.3,-83.05,-20.12,1
2016-02-18,2016-02-19,SHORT,114.26,113.27,-71.61,70.73,1
2016-02-19,2016-02-22,SHORT,113.23,112.509,-71.79,51.6,3
2016-02-22,2016-02-23,SHORT,112.469,112.991,-82.51,-43.26,1
2016-02-23,2016-02-24,SHORT,112.951,111.9,-59.62,62.53,1
2016-02-24,2016-02-25,SHORT,111.86,112.121,-71.24,-18.75,1
2016-02-25,2016-02-26,SHORT,112.081,113.138,-45.85,-48.57,1
2016-02-26,2016-03-01,SHORT,113.098,112.45,-46.03,29.72,4
2016-03-01,2016-03-02,SHORT,112.41,113.95,-54.18,-83.56,1
2016-03-02,2016-03-07,SHORT,113.91,113.823,-53.67,4.55,5
2016-03-07,2016-03-08,SHORT,113.783,113.472,-61.56,19.0,1
2016-03-08,2016-03-09,SHORT,113.432,112.68,-60.76,45.55,1
2016-03-09,2016-03-10,SHORT,112.64,113.273,-58.97,-37.46,1
2016-03-10,2016-03-11,SHORT,113.233,112.88,-58.21,20.42,1
2016-03-11,2016-03-15,SHORT,112.84,113.85,-57.47,-58.17,4
2016-03-15,2016-03-16,SHORT,113.81,113.125,-61.71,42.13,1
2016-03-16,2016-03-17,SHORT,113.085,112.772,-60.33,18.75,1
2016-03-17,2016-03-18,SHORT,112.732,111.37,-58.4,79.41,1
2016-03-18,2016-03-21,SHORT,111.33,111.465,-91.08,-12.5,3
2016-03-21,2016-03-22,SHORT,111.425,112.159,-98.41,-72.45,1
2016-03-22,2016-03-23,SHORT,112.119,112.272,-63.9,-9.92,1
2016-03-23,2016-03-24,SHORT,112.232,112.42,-64.09,-12.19,1
2016-03-24,2016-03-25,SHORT,112.38,112.85,-65.2,-30.79,1
2016-03-25,2016-04-01,SHORT,112.81,112.5,-63.3,19.48,7
2016-04-01,2016-04-04,SHORT,112.46,111.742,-102.91,73.66,3
2016-04-04,2016-04-05,SHORT,111.702,111.27,-74.71,32.11,1
2016-04-05,2016-04-06,SHORT,111.23,110.398,-70.43,58.44,1
2016-04-06,2016-04-07,SHORT,110.358,109.719,-124.07,79.01,1
2016-04-07,2016-04-08,SHORT,109.679,108.447,-152.75,187.86,1
2016-04-08,2016-04-11,SHORT,108.407,108.331,-202.34,14.94,3
2016-04-11,2016-04-12,SHORT,108.291,107.95,-258.58,87.62,1
2016-04-12,2016-04-13,SHORT,107.91,108.66,-259.42,-195.13,1
2016-04-13,2016-04-14,SHORT,108.62,109.44,-183.04,-150.49,1
2016-04-14,2016-04-15,SHORT,109.4,109.336,-123.05,7.61,1
2016-04-15,2016-04-18,SHORT,109.296,108.037,-130.31,163.78,3
2016-04-18,2016-04-19,SHORT,107.997,109.093,-133.48,-146.59,1
2016-04-19,2016-04-20,SHORT,109.053,109.26,-71.47,-14.95,1
2016-04-20,2016-04-21,SHORT,109.22,109.858,-59.08,-37.82,1
2016-04-21,2016-04-22,SHORT,109.818,109.457,-59.12,21.21,1
2016-04-22,2016-04-25,SHORT,109.417,111.456,-56.3,-114.92,3
2016-04-25,2016-04-26,LONG,111.456,111.116,92.07,-31.51,1
2016-04-26,2016-04-27,LONG,111.156,111.21,99.89,5.17,1
2016-04-27,2016-04-28,LONG,111.25,111.5,100.38,24.87,1
2016-04-28,2016-04-29,LONG,111.54,108.056,76.25,-265.82,1
2016-04-29,2016-05-02,SHORT,108.056,106.473,-46.77,73.94,3
2016-05-02,2016-05-03,SHORT,106.433,106.416,-44.6,0.66,1
2016-05-03,2016-05-04,SHORT,106.376,106.7,-54.47,-17.76,1
2016-05-04,2016-05-05,SHORT,106.66,106.94,-51.02,-14.39,1
2016-05-05,2016-05-06,SHORT,106.9,107.295,-61.47,-24.41,1
2016-05-06,2016-05-09,SHORT,107.255,107.38,-46.99,-5.97,3
2016-05-09,2016-05-10,SHORT,107.34,108.351,-113.64,-115.14,1
2016-05-10,2016-05-11,SHORT,108.311,109.214,-67.51,-61.11,1
2016-05-11,2016-05-12,SHORT,109.174,108.435,-44.2,32.57,1
2016-05-12,2016-05-13,SHORT,108.395,109.12,-66.23,-48.16,1
2016-05-13,2016-05-16,SHORT,109.08,108.681,-48.45,19.22,3
2016-05-16,2016-05-17,SHORT,108.641,109.1,-91.2,-42.06,1
2016-05-17,2016-05-18,SHORT,109.06,108.97,-100.04,8.79,1
2016-05-18,2016-05-19,SHORT,108.93,110.16,-100.14,-123.39,1
2016-05-19,2016-05-20,LONG,110.16,109.861,144.66,-43.57,1
2016-05-20,2016-05-23,LONG,109.901,110.03,128.36,16.28,3
2016-05-23,2016-05-24,LONG,110.07,109.354,132.34,-95.05,1
2016-05-24,2016-05-25,SHORT,109.354,110.19,-73.45,-61.56,1
2016-05-25,2016-05-26,LONG,110.19,110.091,71.79,-7.27,1
2016-05-26,2016-05-27,LONG,110.131,109.693,102.43,-45.09,1
2016-05-27,2016-05-30,SHORT,109.693,110.79,-76.62,-84.22,3
2016-05-30,2016-05-31,LONG,110.79,110.821,127.07,3.66,1
2016-05-31,2016-06-01,LONG,110.861,110.65,116.56,-24.85,1
2016-06-01,2016-06-02,LONG,110.69,109.457,107.55,-132.84,1
2016-06-02,2016-06-03,SHORT,109.457,108.88,-69.97,40.22,1
2016-06-03,2016-06-06,SHORT,108.84,106.741,-60.39,126.62,3
2016-06-06,2016-06-07,SHORT,106.701,107.458,-104.27,-79.16,1
2016-06-07,2016-06-08,SHORT,107.418,107.274,-59.94,8.5,1
2016-06-08,2016-06-09,SHORT,107.234,106.8,-101.79,43.96,1
2016-06-09,2016-06-10,SHORT,106.76,107.11,-107.95,-38.01,1
2016-06-10,2016-06-13,SHORT,107.07,106.524,-86.98,47.3,3
2016-06-13,2016-06-14,SHORT,106.484,106.246,-148.09,34.93,1
2016-06-14,2016-06-15,SHORT,106.206,106.107,-157.13,15.22,1
2016-06-15,2016-06-16,SHORT,106.067,105.87,-158.21,30.83,1
2016-06-16,2016-06-17,SHORT,105.83,104.763,-132.98,141.61,1
2016-06-17,2016-06-20,SHORT,104.723,104.668,-138.99,7.35,3
2016-06-20,2016-06-21,SHORT,104.628,103.844,-104.8,81.94,1
2016-06-21,2016-06-22,SHORT,103.804,104.69,-184.35,-163.72,1
2016-06-22,2016-06-23,SHORT,104.65,104.67,-121.17,-2.68,1
2016-06-23,2016-06-24,SHORT,104.63,104.916,-117.11,-33.74,1
2016-06-24,2016-06-27,SHORT,104.876,102.147,-102.97,280.79,3
2016-06-27,2016-06-28,SHORT,102.107,101.832,-123.76,33.78,1
2016-06-28,2016-06-29,SHORT,101.792,102.721,-122.14,-113.72,1
2016-06-29,2016-06-30,SHORT,102.681,102.798,-83.98,-10.0,1
2016-06-30,2016-07-01,SHORT,102.758,103.093,-77.81,-26.23,1
2016-07-01,2016-07-04,SHORT,103.053,102.508,-49.05,26.63,3
2016-07-04,2016-07-05,SHORT,102.468,102.538,-59.59,-4.29,1
2016-07-05,2016-07-06,SHORT,102.498,101.161,-46.35,61.88,1
2016-07-06,2016-07-07,SHORT,101.121,101.17,-99.88,-5.1,1
2016-07-07,2016-07-08,SHORT,101.13,100.81,-104.47,33.22,1
2016-07-08,2016-07-11,SHORT,100.77,100.712,-117.65,6.59,3
2016-07-11,2016-07-12,SHORT,100.672,102.544,-65.34,-122.45,1
2016-07-12,2016-07-13,SHORT,102.504,104.776,-40.27,-91.58,1
2016-07-13,2016-07-14,LONG,104.776,104.056,46.9,-33.87,1
2016-07-14,2016-07-15,SHORT,104.056,105.211,-45.57,-52.73,1
2016-07-15,2016-07-18,LONG,105.211,105.439,48.97,11.06,3
2016-07-18,2016-07-19,LONG,105.479,106.126,72.18,46.55,1
2016-07-19,2016-07-20,LONG,106.166,106.117,81.15,-4.15,1
2016-07-20,2016-07-21,LONG,106.157,107.184,130.37,133.61,1
2016-07-21,2016-07-22,LONG,107.224,105.791,130.27,-186.96,1
2016-07-22,2016-07-25,LONG,105.831,106.306,91.95,43.48,3
2016-07-25,2016-07-26,LONG,106.346,105.558,99.54,-78.65,1
2016-07-26,2016-07-27,SHORT,105.558,104.869,-60.61,41.63,1
2016-07-27,2016-07-28,SHORT,104.829,104.971,-41.45,-5.97,1
2016-07-28,2016-07-29,SHORT,104.931,104.765,-42.16,6.91,1
2016-07-29,2016-08-01,SHORT,104.725,102.352,-41.26,97.83,3
2016-08-01,2016-08-02,SHORT,102.312,102.379,-69.81,-4.82,1
2016-08-02,2016-08-03,SHORT,102.339,101.088,-93.62,116.93,1
2016-08-03,2016-08-04,SHORT,101.048,101.357,-107.8,-33.53,1
2016-08-04,2016-08-05,SHORT,101.317,101.219,-146.69,14.08,1
2016-08-05,2016-08-08,SHORT,101.179,102.165,-136.83,-135.2,3
2016-08-08,2016-08-09,SHORT,102.125,102.308,-114.15,-21.12,1
2016-08-09,2016-08-10,SHORT,102.268,101.935,-99.42,32.9,1
2016-08-10,2016-08-11,SHORT,101.895,101.153,-97.23,71.95,1
2016-08-11,2016-08-12,SHORT,101.113,101.828,-117.52,-84.27,1
2016-08-12,2016-08-15,SHORT,101.788,101.303,-82.23,39.71,3
2016-08-15,2016-08-16,SHORT,101.263,101.26,-52.86,0.05,1
2016-08-16,2016-08-17,SHORT,101.22,100.22,-52.78,52.67,1
2016-08-17,2016-08-18,SHORT,100.18,99.926,-51.67,13.02,1
2016-08-18,2016-08-19,SHORT,99.886,100.132,-65.65,-16.28,1
2016-08-19,2016-08-22,SHORT,100.092,100.574,-64.11,-31.03,3
2016-08-22,2016-08-23,SHORT,100.534,100.271,-97.1,25.34,1
2016-08-23,2016-08-24,SHORT,100.231,100.331,-128.72,-13.13,1
2016-08-24,2016-08-25,SHORT,100.291,100.572,-111.07,-31.44,1
2016-08-25,2016-08-26,SHORT,100.532,100.575,-80.6,-3.63,1
2016-08-26,2016-08-29,SHORT,100.535,101.94,-130.22,-183.23,3
2016-08-29,2016-08-30,SHORT,101.9,101.829,-75.23,5.19,1
2016-08-30,2016-08-31,SHORT,101.789,102.888,-75.93,-83.6,1
2016-08-31,2016-09-01,SHORT,102.848,103.322,-186.97,-89.01,1
2016-09-01,2016-09-02,LONG,103.322,103.238,234.27,-20.16,1
2016-09-02,2016-09-05,LONG,103.278,103.914,217.66,137.98,3
2016-09-05,2016-09-06,LONG,103.954,103.49,235.18,-109.61,1
2016-09-06,2016-09-07,LONG,103.53,101.505,207.99,-421.59,1
2016-09-07,2016-09-08,SHORT,101.505,101.849,-63.67,-22.03,1
2016-09-08,2016-09-09,SHORT,101.809,102.326,-62.44,-32.41,1
2016-09-09,2016-09-12,SHORT,102.286,102.458,-62.12,-10.81,3
2016-09-12,2016-09-15,SHORT,102.418,102.568,-60.01,-9.12,3
2016-09-15,2016-09-16,SHORT,102.528,102.028,-55.61,27.69,1
2016-09-16,2016-09-19,SHORT,101.988,102.327,-58.99,-20.12,3
2016-09-19,2016-09-20,SHORT,102.287,101.866,-69.61,29.17,1
2016-09-20,2016-09-21,SHORT,101.826,101.567,-75.06,19.29,1
2016-09-21,2016-09-22,SHORT,101.527,100.413,-60.04,66.77,1
2016-09-22,2016-09-23,SHORT,100.373,100.851,-71.23,-34.19,1
2016-09-23,2016-09-26,SHORT,100.811,100.909,-73.8,-7.38,3
2016-09-26,2016-09-27,SHORT,100.869,100.379,-84.12,41.05,1
2016-09-27,2016-09-28,SHORT,100.339,100.488,-85.98,-12.98,1
2016-09-28,2016-09-29,SHORT,100.448,100.955,-150.25,-76.48,1
2016-09-29,2016-09-30,SHORT,100.915,101.219,-106.21,-32.5,1
2016-09-30,2016-10-03,SHORT,101.179,101.583,-71.39,-28.99,3
2016-10-03,2016-10-04,SHORT,101.543,101.837,-73.99,-21.9,1
2016-10-04,2016-10-05,SHORT,101.797,102.9,-75.5,-83.43,1
2016-10-05,2016-10-06,LONG,102.9,103.44,79.71,42.88,1
2016-10-06,2016-10-07,LONG,103.48,103.745,202.27,53.18,1
2016-10-07,2016-10-10,LONG,103.785,102.998,195.91,-154.59,3
2016-10-10,2016-10-11,SHORT,102.998,103.717,-119.28,-86.01,1
2016-10-11,2016-10-12,LONG,103.717,103.322,195.56,-77.65,1
2016-10-12,2016-10-13,LONG,103.362,104.284,163.07,150.01,1
2016-10-13,2016-10-14,LONG,104.324,103.702,169.48,-105.77,1
2016-10-14,2016-10-17,LONG,103.742,104.019,119.74,32.92,3
2016-10-17,2016-10-18,LONG,104.059,103.831,120.2,-27.66,1
2016-10-18,2016-10-19,LONG,103.871,103.845,99.49,-2.79,1
2016-10-19,2016-10-20,LONG,103.885,103.371,73.64,-38.0,1
2016-10-20,2016-10-21,SHORT,103.371,104.129,-75.06,-57.05,1
2016-10-21,2016-10-24,LONG,104.129,103.897,73.09,-17.11,3
2016-10-24,2016-10-25,LONG,103.937,104.301,77.03,27.88,1
2016-10-25,2016-10-26,LONG,104.341,104.134,82.12,-17.17,1
2016-10-26,2016-10-27,LONG,104.174,104.543,87.88,32.24,1
2016-10-27,2016-10-28,LONG,104.583,105.189,88.73,53.58,1
2016-10-28,2016-10-31,LONG,105.229,104.545,149.88,-102.83,3
2016-10-31,2016-11-01,LONG,104.585,104.8,91.71,19.53,1
2016-11-01,2016-11-02,LONG,104.84,104.072,96.13,-74.03,1
2016-11-02,2016-11-03,LONG,104.112,103.358,92.18,-69.69,1
2016-11-03,2016-11-04,SHORT,103.358,103.072,-86.45,24.54,1
2016-11-04,2016-11-07,SHORT,103.032,104.215,-87.17,-103.31,3
2016-11-07,2016-11-09,LONG,104.215,105.01,79.73,63.22,2
2016-11-09,2016-11-10,LONG,105.05,105.833,62.95,49.16,1
2016-11-10,2016-11-11,LONG,105.873,106.836,58.99,56.68,1
2016-11-11,2016-11-14,LONG,106.876,106.851,58.48,-1.59,3
2016-11-14,2016-11-15,LONG,106.891,108.182,87.44,112.7,1
2016-11-15,2016-11-16,LONG,108.222,109.018,99.57,79.04,1
2016-11-16,2016-11-17,LONG,109.058,108.765,139.79,-41.26,1
2016-11-17,2016-11-18,LONG,108.805,110.236,162.59,232.3,1
2016-11-18,2016-11-21,LONG,110.276,110.953,173.37,116.99,3
2016-11-21,2016-11-22,LONG,110.993,110.63,171.12,-62.49,1
2016-11-22,2016-11-23,LONG,110.67,110.986,159.53,50.06,1
2016-11-23,2016-11-24,LONG,111.026,112.562,153.22,235.0,1
2016-11-24,2016-11-25,LONG,112.602,113.272,144.1,96.22,1
2016-11-25,2016-11-28,LONG,113.312,112.632,144.95,-98.89,3
2016-11-28,2016-11-29,LONG,112.672,111.67,114.11,-114.6,1
2016-11-29,2016-11-30,SHORT,111.67,112.49,-80.17,-65.92,1
2016-11-30,2016-12-01,LONG,112.49,114.674,78.2,170.61,1
2016-12-01,2016-12-02,LONG,114.714,113.889,102.56,-84.85,1
2016-12-02,2016-12-05,LONG,113.929,113.485,68.8,-30.71,3
2016-12-05,2016-12-06,LONG,113.525,113.843,50.77,16.03,1
2016-12-06,2016-12-07,LONG,113.883,114.032,66.69,9.78,1
2016-12-07,2016-12-08,LONG,114.072,113.693,64.96,-24.77,1
2016-12-08,2016-12-09,LONG,113.733,114.055,47.97,15.34,1
2016-12-09,2016-12-12,LONG,114.095,115.392,46.59,60.32,3
2016-12-12,2016-12-13,LONG,115.432,114.982,63.83,-28.87,1
2016-12-13,2016-12-14,LONG,115.022,115.204,88.57,15.92,1
2016-12-14,2016-12-15,LONG,115.244,117.191,87.97,171.06,1
2016-12-15,2016-12-16,LONG,117.231,118.221,75.45,74.52,1
2016-12-16,2016-12-19,LONG,118.261,117.771,129.47,-63.74,3
2016-12-19,2016-12-20,LONG,117.811,117.017,128.31,-102.18,1
2016-12-20,2016-12-21,LONG,117.057,117.855,94.18,74.94,1
2016-12-21,2016-12-22,LONG,117.895,117.584,110.97,-34.77,1
2016-12-22,2016-12-23,LONG,117.624,117.522,119.05,-12.42,1
2016-12-23,2016-12-26,LONG,117.562,117.29,117.04,-32.11,3
2016-12-26,2016-12-27,LONG,117.33,117.172,75.9,-12.17,1
2016-12-27,2016-12-28,LONG,117.212,117.46,94.39,23.19,1
2016-12-28,2016-12-29,LONG,117.5,117.067,99.58,-43.35,1
2016-12-29,2016-12-30,LONG,117.107,116.247,67.82,-58.48,1
2016-12-30,2017-01-02,SHORT,116.247,116.815,-134.86,-76.92,3
2017-01-02,2017-01-03,LONG,116.815,117.475,69.53,45.73,1
2017-01-03,2017-01-04,LONG,117.515,117.639,64.08,7.8,1
2017-01-04,2017-01-05,LONG,117.679,117.093,74.83,-44.02,1
2017-01-05,2017-01-06,LONG,117.133,115.245,68.89,-130.23,1
2017-01-06,2017-01-09,SHORT,115.245,117.17,-107.79,-207.75,3
2017-01-09,2017-01-10,LONG,117.17,115.965,62.33,-75.26,1
2017-01-10,2017-01-11,SHORT,115.965,115.892,-58.91,4.16,1
2017-01-11,2017-01-12,SHORT,115.852,115.118,-56.96,41.68,1
2017-01-12,2017-01-13,SHORT,115.078,114.684,-52.13,20.42,1
2017-01-13,2017-01-16,SHORT,114.644,114.247,-50.7,20.01,3
2017-01-16,2017-01-17,SHORT,114.207,114.172,-62.88,2.06,1
2017-01-17,2017-01-18,SHORT,114.132,112.898,-84.97,104.66,1
2017-01-18,2017-01-19,SHORT,112.858,114.782,-104.68,-201.65,1
2017-01-19,2017-01-20,SHORT,114.742,115.0,-43.53,-11.33,1
2017-01-20,2017-01-23,SHORT,114.96,113.83,-44.26,49.91,3
2017-01-23,2017-01-24,SHORT,113.79,112.8,-77.76,76.8,1
2017-01-24,2017-01-25,SHORT,112.76,113.86,-75.68,-83.42,1
2017-01-25,2017-01-26,SHORT,113.82,113.313,-45.99,23.21,1
2017-01-26,2017-01-27,SHORT,113.273,114.475,-46.32,-55.78,1
2017-01-27,2017-02-02,SHORT,114.435,113.331,-46.73,51.48,6
2017-02-02,2017-02-03,SHORT,113.291,112.809,-47.35,22.71,1
2017-02-03,2017-02-06,SHORT,112.769,112.659,-50.6,5.45,3
2017-02-06,2017-02-07,SHORT,112.619,111.847,-49.08,37.78,1
2017-02-07,2017-02-08,SHORT,111.807,112.407,-50.23,-30.25,1
2017-02-08,2017-02-09,SHORT,112.367,111.972,-54.96,21.59,1
2017-02-09,2017-02-10,SHORT,111.932,113.454,-53.69,-81.83,1
2017-02-10,2017-02-13,SHORT,113.414,113.934,-53.94,-28.17,3
2017-02-13,2017-02-14,SHORT,113.894,113.725,-55.46,9.25,1
2017-02-14,2017-02-15,SHORT,113.685,114.321,-55.53,-35.44,1
2017-02-15,2017-02-16,SHORT,114.281,114.132,-61.02,8.95,1
2017-02-16,2017-02-17,SHORT,114.092,113.325,-60.17,46.02,1
2017-02-17,2017-02-21,SHORT,113.285,113.3,-59.07,-1.02,4
2017-02-21,2017-02-22,SHORT,113.26,113.689,-72.25,-31.16,1
2017-02-22,2017-02-23,SHORT,113.649,113.437,-70.6,14.81,1
2017-02-23,2017-02-24,SHORT,113.397,112.702,-79.52,55.09,1
2017-02-24,2017-02-27,SHORT,112.662,112.208,-67.45,30.47,3
2017-02-27,2017-02-28,SHORT,112.168,112.765,-107.14,-64.2,1
2017-02-28,2017-03-01,SHORT,112.725,113.097,-68.08,-25.48,1
2017-03-01,2017-03-02,SHORT,113.057,114.141,-73.67,-80.02,1
2017-03-02,2017-03-03,SHORT,114.101,114.362,-69.87,-18.4,1
2017-03-03,2017-03-06,SHORT,114.322,113.867,-71.07,32.18,3
2017-03-06,2017-03-07,SHORT,113.827,113.937,-73.04,-8.2,1
2017-03-07,2017-03-08,SHORT,113.897,113.946,-77.64,-3.98,1
2017-03-08,2017-03-09,SHORT,113.906,114.431,-77.49,-40.86,1
2017-03-09,2017-03-10,SHORT,114.391,115.169,-80.23,-62.61,1
2017-03-10,2017-03-13,LONG,115.169,114.712,169.82,-78.0,3
2017-03-13,2017-03-14,SHORT,114.712,114.935,-180.36,-40.63,1
2017-03-14,2017-03-15,SHORT,114.895,114.679,-169.75,36.28,1
2017-03-15,2017-03-16,SHORT,114.639,113.422,-133.82,162.55,1
2017-03-16,2017-03-17,SHORT,113.382,113.36,-80.56,1.59,1
2017-03-17,2017-03-20,SHORT,113.32,112.694,-80.09,49.95,3
2017-03-20,2017-03-21,SHORT,112.654,112.593,-90.95,5.34,1
2017-03-21,2017-03-22,SHORT,112.553,111.552,-105.67,105.54,1
2017-03-22,2017-03-23,SHORT,111.512,111.389,-147.08,17.76,1
2017-03-23,2017-03-24,SHORT,111.349,111.024,-192.13,62.02,1
2017-03-24,2017-03-27,SHORT,110.984,110.572,-287.75,117.92,3
2017-03-27,2017-03-28,SHORT,110.532,110.791,-278.33,-72.7,1
2017-03-28,2017-03-29,SHORT,110.751,111.246,-283.67,-141.05,1
2017-03-29,2017-03-30,SHORT,111.206,111.174,-233.23,6.94,1
2017-03-30,2017-03-31,SHORT,111.134,111.796,-212.5,-141.15,1
2017-03-31,2017-04-03,SHORT,111.756,111.285,-123.91,58.09,3
2017-04-03,2017-04-04,SHORT,111.245,110.729,-113.89,58.52,1
2017-04-04,2017-04-05,SHORT,110.689,110.874,-128.92,-24.14,1
2017-04-05,2017-04-06,SHORT,110.834,110.401,-82.38,35.49,1
2017-04-06,2017-04-07,SHORT,110.361,110.917,-85.04,-47.47,1
2017-04-07,2017-04-10,SHORT,110.877,111.245,-83.45,-30.89,3
2017-04-10,2017-04-11,SHORT,111.205,110.737,-85.84,39.98,1
2017-04-11,2017-04-12,SHORT,110.697,109.607,-87.5,95.19,1
2017-04-12,2017-04-13,SHORT,109.567,108.922,-114.07,73.33,1
2017-04-13,2017-04-14,SHORT,108.882,109.121,-136.55,-32.93,1
2017-04-14,2017-04-17,SHORT,109.081,108.343,-178.95,131.68,3
2017-04-17,2017-04-18,SHORT,108.303,109.132,-182.07,-151.33,1
2017-04-18,2017-04-19,SHORT,109.092,108.555,-91.89,49.14,1
2017-04-19,2017-04-20,SHORT,108.515,108.854,-121.76,-41.54,1
2017-04-20,2017-04-21,SHORT,108.814,109.395,-84.58,-49.32,1
2017-04-21,2017-04-24,SHORT,109.355,109.998,-84.77,-54.7,3
2017-04-24,2017-04-25,SHORT,109.958,109.661,-81.42,24.0,1
2017-04-25,2017-04-26,SHORT,109.621,111.066,-78.37,-113.41,1
2017-04-26,2017-04-27,SHORT,111.026,111.211,-71.3,-13.35,1
2017-04-27,2017-04-28,SHORT,111.171,111.246,-117.44,-9.07,1
2017-04-28,2017-05-01,SHORT,111.206,111.322,-112.8,-13.34,3
2017-05-01,2017-05-02,LONG,111.322,111.792,193.84,90.67,1
2017-05-02,2017-05-03,LONG,111.832,111.949,192.06,22.04,1
2017-05-03,2017-05-04,LONG,111.989,112.763,272.95,210.65,1
2017-05-04,2017-05-05,LONG,112.803,112.517,271.01,-78.12,1
2017-05-05,2017-05-08,LONG,112.557,112.664,236.42,24.76,3
2017-05-08,2017-05-09,LONG,112.704,113.21,233.96,117.85,1
2017-05-09,2017-05-10,LONG,113.25,113.678,277.41,118.1,1
2017-05-10,2017-05-11,LONG,113.718,114.308,265.74,156.18,1
2017-05-11,2017-05-12,LONG,114.348,113.789,266.8,-149.75,1
2017-05-12,2017-05-15,LONG,113.829,113.251,191.0,-110.83,3
2017-05-15,2017-05-16,SHORT,113.251,113.662,-138.98,-57.43,1
2017-05-16,2017-05-17,LONG,113.662,112.626,148.26,-153.93,1
2017-05-17,2017-05-18,SHORT,112.626,111.146,-77.11,113.95,1
2017-05-18,2017-05-19,SHORT,111.106,111.421,-75.36,-23.91,1
2017-05-19,2017-05-22,SHORT,111.381,111.304,-68.25,5.1,3
2017-05-22,2017-05-23,SHORT,111.264,110.911,-69.94,24.53,1
2017-05-23,2017-05-24,SHORT,110.871,111.977,-111.55,-123.62,1
2017-05-24,2017-05-25,SHORT,111.937,111.544,-74.38,29.07,1
2017-05-25,2017-05-26,SHORT,111.504,111.75,-125.76,-31.22,1
2017-05-26,2017-05-29,SHORT,111.71,111.276,-95.3,41.15,3
2017-05-29,2017-05-30,SHORT,111.236,111.194,-100.05,3.98,1
2017-05-30,2017-05-31,SHORT,111.154,110.859,-131.97,38.64,1
2017-05-31,2017-06-01,SHORT,110.819,110.816,-111.02,0.09,1
2017-06-01,2017-06-05,SHORT,110.776,110.483,-77.77,22.62,4
2017-06-05,2017-06-06,SHORT,110.443,110.401,-71.73,2.85,1
2017-06-06,2017-06-07,SHORT,110.361,109.529,-78.17,64.87,1
2017-06-07,2017-06-08,SHORT,109.489,109.92,-203.0,-87.94,1
2017-06-08,2017-06-09,SHORT,109.88,109.879,-132.05,-0.16,1
2017-06-09,2017-06-12,SHORT,109.839,110.308,-155.26,-73.16,3
2017-06-12,2017-06-13,SHORT,110.268,109.941,-82.47,26.79,1
2017-06-13,2017-06-14,SHORT,109.901,110.075,-106.28,-18.73,1
2017-06-14,2017-06-15,SHORT,110.035,109.466,-81.77,46.35,1
2017-06-15,2017-06-16,SHORT,109.426,110.972,-93.96,-145.47,1
2017-06-16,2017-06-19,SHORT,110.932,110.974,-70.96,-3.14,3
2017-06-19,2017-06-20,SHORT,110.934,111.693,-71.56,-54.48,1
2017-06-20,2017-06-21,SHORT,111.653,111.354,-72.28,21.45,1
2017-06-21,2017-06-22,SHORT,111.314,111.33,-114.37,-2.08,1
2017-06-22,2017-06-23,SHORT,111.29,111.31,-102.39,-2.28,1
2017-06-23,2017-06-26,SHORT,111.27,111.259,-111.29,0.98,3
2017-06-26,2017-06-27,SHORT,111.219,111.878,-86.35,-57.1,1
2017-06-27,2017-06-28,SHORT,111.838,112.208,-165.44,-61.59,1
2017-06-28,2017-06-29,LONG,112.208,112.334,179.84,22.25,1
2017-06-29,2017-06-30,LONG,112.374,111.989,276.97,-107.25,1
2017-06-30,2017-07-03,SHORT,111.989,112.282,-145.1,-42.84,3
2017-07-03,2017-07-04,LONG,112.282,113.366,150.05,162.32,1
2017-07-04,2017-07-05,LONG,113.406,112.942,176.72,-82.4,1
2017-07-05,2017-07-06,LONG,112.982,113.167,170.81,31.21,1
2017-07-06,2017-07-07,LONG,113.207,113.129,211.46,-16.97,1
2017-07-07,2017-07-10,LONG,113.169,113.965,197.94,157.11,3
2017-07-10,2017-07-12,LONG,114.005,113.728,233.2,-65.13,2
2017-07-12,2017-07-13,LONG,113.768,113.315,169.62,-77.22,1
2017-07-13,2017-07-14,LONG,113.355,113.398,97.33,3.96,1
2017-07-14,2017-07-17,LONG,113.438,112.377,84.77,-90.13,3
2017-07-17,2017-07-19,SHORT,112.377,112.015,-75.67,27.22,2
2017-07-19,2017-07-20,SHORT,111.975,111.897,-102.58,7.77,1
2017-07-20,2017-07-21,SHORT,111.857,111.905,-85.63,-4.3,1
2017-07-21,2017-07-24,SHORT,111.865,110.965,-106.55,95.66,3
2017-07-24,2017-07-25,SHORT,110.925,111.252,-145.39,-47.87,1
2017-07-25,2017-07-26,SHORT,111.212,112.023,-211.33,-171.86,1
2017-07-26,2017-07-27,SHORT,111.983,111.148,-116.76,97.24,1
2017-07-27,2017-07-28,SHORT,111.108,111.117,-127.81,-1.43,1
2017-07-28,2017-07-31,SHORT,111.077,110.53,-139.57,76.04,3
2017-07-31,2017-08-01,SHORT,110.49,110.379,-128.51,13.98,1
2017-08-01,2017-08-02,SHORT,110.339,110.452,-157.69,-18.17,1
2017-08-02,2017-08-03,SHORT,110.412,110.777,-127.64,-46.87,1
2017-08-03,2017-08-04,SHORT,110.737,109.92,-89.94,73.28,1
2017-08-04,2017-08-07,SHORT,109.88,110.806,-131.1,-121.69,3
2017-08-07,2017-08-08,SHORT,110.766,110.77,-80.14,-0.5,1
2017-08-08,2017-08-09,SHORT,110.73,110.122,-83.08,50.33,1
2017-08-09,2017-08-10,SHORT,110.082,110.069,-138.49,1.49,1
2017-08-10,2017-08-11,SHORT,110.029,109.126,-96.86,87.26,1
2017-08-11,2017-08-14,SHORT,109.086,109.25,-143.25,-23.81,3
2017-08-14,2017-08-15,SHORT,109.21,109.952,-103.73,-77.19,1
2017-08-15,2017-08-17,SHORT,109.912,110.019,-78.42,-8.56,2
2017-08-17,2017-08-18,SHORT,109.979,109.348,-77.57,48.78,1
2017-08-18,2017-08-21,SHORT,109.308,109.34,-73.99,-2.53,3
2017-08-21,2017-08-22,SHORT,109.3,108.964,-96.63,32.26,1
2017-08-22,2017-08-23,SHORT,108.924,109.751,-112.21,-93.04,1
2017-08-23,2017-08-24,SHORT,109.711,108.93,-74.04,57.67,1
2017-08-24,2017-08-25,SHORT,108.89,109.534,-76.02,-49.13,1
2017-08-25,2017-08-29,SHORT,109.494,108.757,-76.62,56.3,4
2017-08-29,2017-08-30,SHORT,108.717,109.81,-78.26,-85.71,1
2017-08-30,2017-08-31,SHORT,109.77,110.48,-73.75,-52.53,1
2017-08-31,2017-09-01,SHORT,110.44,110.149,-75.86,21.91,1
2017-09-01,2017-09-04,SHORT,110.109,109.815,-74.77,21.82,3
2017-09-04,2017-09-05,SHORT,109.775,109.83,-79.95,-4.57,1
2017-09-05,2017-09-06,SHORT,109.79,108.622,-80.22,93.52,1
2017-09-06,2017-09-07,SHORT,108.582,109.154,-78.11,-44.85,1
2017-09-07,2017-09-08,SHORT,109.114,108.29,-79.68,65.48,1
2017-09-08,2017-09-11,SHORT,108.25,108.251,-73.56,-0.23,3
2017-09-11,2017-09-12,SHORT,108.211,109.415,-71.6,-86.37,1
2017-09-12,2017-09-13,SHORT,109.375,110.246,-66.96,-58.47,1
2017-09-13,2017-09-18,SHORT,110.206,111.217,-64.89,-65.75,5
2017-09-18,2017-09-19,SHORT,111.177,111.516,-59.31,-20.24,1
2017-09-19,2017-09-20,LONG,111.516,111.558,63.0,2.51,1
2017-09-20,2017-09-21,LONG,111.598,112.526,129.09,119.5,1
2017-09-21,2017-09-22,LONG,112.566,112.432,136.06,-18.54,1
2017-09-22,2017-09-25,LONG,112.472,112.424,187.84,-9.44,3
2017-09-25,2017-09-26,LONG,112.464,111.741,190.65,-138.26,1
2017-09-26,2017-09-27,SHORT,111.741,112.397,-119.68,-78.78,1
2017-09-27,2017-09-28,LONG,112.397,112.84,110.93,48.89,1
2017-09-28,2017-09-29,LONG,112.88,112.447,124.18,-54.05,1
2017-09-29,2017-10-02,LONG,112.487,112.618,142.59,18.36,3
2017-10-02,2017-10-03,LONG,112.658,112.75,113.77,10.21,1
2017-10-03,2017-10-04,LONG,112.79,112.828,111.24,3.98,1
2017-10-04,2017-10-05,LONG,112.868,112.803,112.9,-7.59,1
2017-10-05,2017-10-06,LONG,112.843,112.754,86.91,-7.93,1
2017-10-06,2017-10-09,LONG,112.794,112.531,93.99,-24.93,3
2017-10-09,2017-10-10,LONG,112.571,112.638,97.8,6.33,1
2017-10-10,2017-10-11,LONG,112.678,112.325,148.3,-52.68,1
2017-10-11,2017-10-12,LONG,112.365,112.414,99.21,4.64,1
2017-10-12,2017-10-13,LONG,112.454,112.219,113.95,-27.03,1
2017-10-13,2017-10-16,SHORT,112.219,111.902,-107.8,33.93,3
2017-10-16,2017-10-17,SHORT,111.862,112.215,-216.24,-76.82,1
2017-10-17,2017-10-18,SHORT,112.175,112.233,-163.32,-9.84,1
2017-10-18,2017-10-19,SHORT,112.193,113.033,-184.84,-155.69,1
2017-10-19,2017-10-23,LONG,113.033,114.028,118.23,117.37,4
2017-10-23,2017-10-24,LONG,114.068,113.32,159.76,-119.87,1
2017-10-24,2017-10-25,LONG,113.36,113.926,101.23,57.07,1
2017-10-25,2017-10-26,LONG,113.966,113.538,130.11,-55.98,1
2017-10-26,2017-10-27,LONG,113.578,114.104,98.02,51.34,1
2017-10-27,2017-10-30,LONG,114.144,113.719,127.66,-54.55,3
2017-10-30,2017-10-31,LONG,113.759,112.976,123.4,-96.9,1
2017-10-31,2017-11-01,LONG,113.016,113.63,89.36,54.66,1
2017-11-01,2017-11-02,LONG,113.67,114.132,82.0,37.7,1
2017-11-02,2017-11-03,LONG,114.172,113.996,82.57,-14.72,1
2017-11-03,2017-11-06,LONG,114.036,114.158,81.64,9.77,3
2017-11-06,2017-11-10,LONG,114.198,113.355,79.4,-67.11,4
2017-11-10,2017-11-13,LONG,113.395,113.666,90.1,24.21,3
2017-11-13,2017-11-14,LONG,113.706,113.565,92.85,-13.3,1
2017-11-14,2017-11-15,LONG,113.605,113.382,95.49,-21.51,1
2017-11-15,2017-11-17,LONG,113.422,113.008,92.12,-38.35,2
2017-11-17,2017-11-20,LONG,113.048,112.018,164.07,-169.36,3
2017-11-20,2017-11-21,SHORT,112.018,112.571,-210.39,-116.82,1
2017-11-21,2017-11-22,SHORT,112.531,112.361,-157.29,26.39,1
2017-11-22,2017-11-23,SHORT,112.321,111.333,-149.3,147.17,1
2017-11-23,2017-11-24,SHORT,111.293,111.274,-187.19,3.14,1
2017-11-24,2017-11-27,SHORT,111.234,111.691,-216.96,-99.64,3
2017-11-27,2017-11-28,SHORT,111.651,111.19,-144.21,66.16,1
2017-11-28,2017-11-29,SHORT,111.15,111.668,-201.62,-104.89,1
2017-11-29,2017-11-30,SHORT,111.628,112.022,-137.25,-54.38,1
2017-11-30,2017-12-01,SHORT,111.982,112.576,-95.62,-57.01,1
2017-12-01,2017-12-04,LONG,112.576,112.844,79.3,21.07,3
2017-12-04,2017-12-05,LONG,112.884,112.479,78.95,-32.15,1
2017-12-05,2017-12-07,LONG,112.519,112.271,79.59,-19.92,2
2017-12-07,2017-12-08,SHORT,112.271,113.193,-109.09,-100.83,1
2017-12-08,2017-12-11,LONG,113.193,113.523,167.01,54.73,3
2017-12-11,2017-12-12,LONG,113.563,113.52,167.26,-7.57,1
2017-12-12,2017-12-13,LONG,113.56,113.525,257.27,-9.59,1
2017-12-13,2017-12-14,LONG,113.565,112.762,254.77,-205.16,1
2017-12-14,2017-12-15,SHORT,112.762,112.416,-94.65,32.54,1
2017-12-15,2017-12-20,SHORT,112.376,113.003,-95.28,-59.95,5
2017-12-20,2017-12-21,LONG,113.003,113.221,102.42,22.09,1
2017-12-21,2017-12-22,LONG,113.261,113.303,119.03,4.73,1
2017-12-22,2017-12-27,LONG,113.343,113.183,115.34,-18.71,5
2017-12-27,2017-12-28,LONG,113.223,113.197,130.15,-3.68,1
2017-12-28,2017-12-29,LONG,113.237,112.855,143.18,-55.02,1
2017-12-29,2018-01-01,SHORT,112.855,112.686,-155.91,26.0,3
2018-01-01,2018-01-02,SHORT,112.646,112.79,-141.46,-20.69,1
2018-01-02,2018-01-03,SHORT,112.75,112.264,-138.67,67.08,1
2018-01-03,2018-01-04,SHORT,112.224,112.627,-266.34,-107.93,1
2018-01-04,2018-01-05,SHORT,112.587,112.803,-218.67,-47.73,1
2018-01-05,2018-01-08,SHORT,112.763,113.174,-171.68,-70.95,3
2018-01-08,2018-01-10,LONG,113.174,112.735,145.62,-64.26,2
2018-01-10,2018-01-11,SHORT,112.735,111.464,-122.88,155.91,1
2018-01-11,2018-01-12,SHORT,111.424,111.314,-199.66,21.52,1
2018-01-12,2018-01-15,SHORT,111.274,111.12,-177.41,26.93,3
2018-01-15,2018-01-16,SHORT,111.08,110.601,-165.64,78.98,1
2018-01-16,2018-01-17,SHORT,110.561,110.408,-202.03,30.47,1
2018-01-17,2018-01-18,SHORT,110.368,111.396,-185.13,-190.72,1
2018-01-18,2018-01-19,SHORT,111.356,111.046,-101.45,31.22,1
2018-01-19,2018-01-22,SHORT,111.006,110.704,-131.43,39.4,3
2018-01-22,2018-01-23,SHORT,110.664,110.986,-188.95,-61.26,1
2018-01-23,2018-01-24,SHORT,110.946,110.127,-152.46,124.53,1
2018-01-24,2018-01-25,SHORT,110.087,109.346,-152.03,112.32,1
2018-01-25,2018-01-26,SHORT,109.306,109.724,-127.73,-53.67,1
2018-01-26,2018-01-29,SHORT,109.684,108.659,-86.28,88.24,3
2018-01-29,2018-01-30,SHORT,108.619,108.946,-110.65,-36.42,1
2018-01-30,2018-01-31,SHORT,108.906,108.752,-83.37,12.66,1
2018-01-31,2018-02-01,SHORT,108.712,109.221,-87.07,-44.51,1
2018-02-01,2018-02-02,SHORT,109.181,109.426,-123.02,-30.41,1
2018-02-02,2018-02-05,SHORT,109.386,110.055,-91.3,-61.28,3
2018-02-05,2018-02-06,SHORT,110.015,109.115,-66.82,59.99,1
2018-02-06,2018-02-07,SHORT,109.075,109.647,-81.49,-46.79,1
2018-02-07,2018-02-09,SHORT,109.607,108.549,-64.66,68.27,2
2018-02-09,2018-02-12,SHORT,108.509,108.82,-63.43,-19.87,3
2018-02-12,2018-02-14,SHORT,108.78,107.784,-65.81,65.41,2
2018-02-14,2018-02-15,SHORT,107.744,106.607,-66.51,75.48,1
2018-02-15,2018-02-16,SHORT,106.567,106.131,-117.09,50.8,1
2018-02-16,2018-02-19,SHORT,106.091,106.281,-142.77,-27.43,3
2018-02-19,2018-02-20,SHORT,106.241,106.729,-179.08,-87.77,1
2018-02-20,2018-02-21,SHORT,106.689,107.401,-121.6,-86.84,1
2018-02-21,2018-02-22,SHORT,107.361,107.575,-110.06,-23.79,1
2018-02-22,2018-02-23,SHORT,107.535,106.834,-85.34,59.64,1
2018-02-23,2018-02-26,SHORT,106.794,107.094,-86.93,-26.27,3
2018-02-26,2018-02-27,SHORT,107.054,107.089,-93.02,-3.46,1
2018-02-27,2018-02-28,SHORT,107.049,107.446,-88.44,-35.3,1
2018-02-28,2018-03-05,SHORT,107.406,105.576,-68.27,124.79,5
2018-03-05,2018-03-06,SHORT,105.536,106.27,-66.11,-48.66,1
2018-03-06,2018-03-07,SHORT,106.23,105.557,-71.08,47.69,1
2018-03-07,2018-03-08,SHORT,105.517,106.206,-115.86,-80.08,1
2018-03-08,2018-03-09,SHORT,106.166,106.426,-80.08,-20.99,1
2018-03-09,2018-03-13,SHORT,106.386,106.28,-75.97,7.89,4
2018-03-13,2018-03-14,SHORT,106.24,106.528,-80.01,-23.21,1
2018-03-14,2018-03-15,SHORT,106.488,106.175,-83.03,25.81,1
2018-03-15,2018-03-21,SHORT,106.135,106.489,-85.3,-30.38,6
2018-03-21,2018-03-22,SHORT,106.449,105.949,-95.7,47.65,1
2018-03-22,2018-03-23,SHORT,105.909,104.988,-93.62,86.03,1
2018-03-23,2018-03-26,SHORT,104.948,104.879,-122.87,8.22,3
2018-03-26,2018-03-27,SHORT,104.839,105.52,-197.6,-134.98,1
2018-03-27,2018-03-28,SHORT,105.48,105.513,-90.58,-3.18,1
2018-03-28,2018-03-29,SHORT,105.473,106.832,-100.4,-136.66,1
2018-03-29,2018-03-30,SHORT,106.792,106.499,-84.47,24.57,1
2018-03-30,2018-04-05,SHORT,106.459,106.794,-83.77,-28.24,6
2018-04-05,2018-04-06,SHORT,106.754,107.072,-82.09,-26.28,1
2018-04-06,2018-04-09,SHORT,107.032,106.988,-156.85,6.57,3
2018-04-09,2018-04-10,SHORT,106.948,106.769,-163.27,28.88,1
2018-04-10,2018-04-11,SHORT,106.729,107.133,-105.03,-42.66,1
2018-04-11,2018-04-12,SHORT,107.093,106.849,-132.23,31.98,1
2018-04-12,2018-04-13,SHORT,106.809,107.242,-91.22,-39.69,1
2018-04-13,2018-04-16,SHORT,107.202,107.518,-87.64,-27.88,3
2018-04-16,2018-04-17,SHORT,107.478,107.066,-130.32,53.41,1
2018-04-17,2018-04-18,SHORT,107.026,107.036,-143.42,-1.74,1
2018-04-18,2018-04-19,SHORT,106.996,107.366,-106.48,-39.63,1
2018-04-19,2018-04-20,SHORT,107.326,107.452,-108.75,-13.94,1
2018-04-20,2018-04-23,SHORT,107.412,107.889,-108.9,-52.18,3
2018-04-23,2018-04-24,SHORT,107.849,108.781,-132.19,-123.48,1
2018-04-24,2018-04-25,LONG,108.781,108.783,228.0,-0.04,1
2018-04-25,2018-04-26,LONG,108.823,109.344,220.3,114.3,1
2018-04-26,2018-04-27,LONG,109.384,109.28,306.05,-32.5,1
2018-04-27,2018-04-30,LONG,109.32,109.078,270.78,-66.12,3
2018-04-30,2018-05-01,LONG,109.118,109.303,221.16,40.43,1
2018-05-01,2018-05-02,LONG,109.343,109.852,332.9,168.72,1
2018-05-02,2018-05-03,LONG,109.892,109.807,355.92,-31.03,1
2018-05-03,2018-05-04,LONG,109.847,109.076,337.51,-260.95,1
2018-05-04,2018-05-07,SHORT,109.076,109.166,-171.77,-15.83,3
2018-05-07,2018-05-08,SHORT,109.126,108.963,-146.8,23.61,1
2018-05-08,2018-05-10,SHORT,108.923,109.867,-95.68,-90.53,2
2018-05-10,2018-05-11,LONG,109.867,109.416,88.31,-40.02,1
2018-05-11,2018-05-14,LONG,109.456,109.318,92.48,-12.96,3
2018-05-14,2018-05-15,SHORT,109.318,109.751,-100.92,-43.92,1
2018-05-15,2018-05-16,LONG,109.751,110.277,96.77,50.69,1
2018-05-16,2018-05-17,LONG,110.317,110.339,96.83,1.92,1
2018-05-17,2018-05-18,LONG,110.379,110.808,94.88,40.49,1
2018-05-18,2018-05-21,LONG,110.848,110.86,202.69,1.98,3
2018-05-21,2018-05-22,LONG,110.9,110.958,205.34,11.45,1
2018-05-22,2018-05-23,LONG,110.998,110.706,256.74,-75.54,1
2018-05-23,2018-05-24,LONG,110.746,109.849,194.03,-174.47,1
2018-05-24,2018-05-30,SHORT,109.849,108.414,-86.96,124.6,6
2018-05-30,2018-05-31,SHORT,108.374,108.732,-164.45,-59.23,1
2018-05-31,2018-06-01,SHORT,108.692,108.769,-134.49,-10.65,1
2018-06-01,2018-06-04,SHORT,108.729,109.618,-180.44,-160.81,3
2018-06-04,2018-06-05,SHORT,109.578,109.983,-91.51,-37.26,1
2018-06-05,2018-06-06,LONG,109.983,109.839,82.11,-12.0,1
2018-06-06,2018-06-07,SHORT,109.839,110.145,-84.57,-26.06,1
2018-06-07,2018-06-08,LONG,110.145,109.674,87.15,-41.24,1
2018-06-08,2018-06-12,SHORT,109.674,110.406,-84.31,-61.9,4
2018-06-12,2018-06-13,LONG,110.406,110.432,85.06,2.02,1
2018-06-13,2018-06-14,LONG,110.472,110.222,219.43,-55.34,1
2018-06-14,2018-06-15,LONG,110.262,110.625,171.57,61.9,1
2018-06-15,2018-06-18,LONG,110.665,110.597,189.45,-13.3,3
2018-06-18,2018-06-19,LONG,110.637,110.118,140.28,-73.11,1
2018-06-19,2018-06-21,SHORT,110.118,110.372,-104.65,-26.81,2
2018-06-21,2018-06-22,LONG,110.372,109.932,108.81,-48.12,1
2018-06-22,2018-06-25,SHORT,109.932,109.957,-114.46,-3.11,3
2018-06-25,2018-06-26,SHORT,109.917,109.663,-112.11,28.23,1
2018-06-26,2018-06-27,SHORT,109.623,110.117,-145.07,-71.98,1
2018-06-27,2018-06-28,SHORT,110.077,110.235,-103.85,-16.64,1
2018-06-28,2018-07-03,LONG,110.235,110.851,109.53,67.23,5
2018-07-03,2018-07-04,LONG,110.891,110.388,143.9,-72.7,1
2018-07-04,2018-07-05,LONG,110.428,110.482,111.35,5.77,1
2018-07-05,2018-07-06,LONG,110.522,110.559,114.6,3.99,1
2018-07-06,2018-07-09,LONG,110.599,110.402,131.57,-26.21,3
2018-07-09,2018-07-10,LONG,110.442,110.933,123.09,60.16,1
2018-07-10,2018-07-11,LONG,110.973,110.811,236.81,-38.89,1
2018-07-11,2018-07-12,LONG,110.851,111.938,152.75,165.69,1
2018-07-12,2018-07-13,LONG,111.978,112.645,218.11,144.99,1
2018-07-13,2018-07-16,LONG,112.685,112.379,234.44,-72.26,3
2018-07-16,2018-07-17,LONG,112.419,112.354,183.36,-12.33,1
2018-07-17,2018-07-18,LONG,112.394,112.992,172.39,102.7,1
2018-07-18,2018-07-19,LONG,113.032,112.771,276.05,-72.67,1
2018-07-19,2018-07-20,LONG,112.811,112.343,238.32,-112.07,1
2018-07-20,2018-07-23,LONG,112.383,111.033,160.4,-216.9,3
2018-07-23,2018-07-24,SHORT,111.033,111.48,-86.4,-38.81,1
2018-07-24,2018-07-26,SHORT,111.44,110.865,-87.23,49.96,2
2018-07-26,2018-07-27,SHORT,110.825,111.166,-84.35,-28.95,1
2018-07-27,2018-07-30,SHORT,111.126,110.954,-122.11,20.73,3
2018-07-30,2018-07-31,SHORT,110.914,111.014,-126.62,-12.94,1
2018-07-31,2018-08-01,SHORT,110.974,111.828,-115.6,-98.98,1
2018-08-01,2018-08-02,SHORT,111.788,111.64,-102.57,14.95,1
2018-08-02,2018-08-03,SHORT,111.6,111.71,-104.1,-11.68,1
2018-08-03,2018-08-06,SHORT,111.67,111.254,-93.82,38.82,3
2018-08-06,2018-08-13,SHORT,111.214,110.649,-95.18,53.57,7
2018-08-13,2018-08-14,SHORT,110.609,110.681,-109.01,-8.09,1
2018-08-14,2018-08-15,SHORT,110.641,111.266,-109.36,-68.6,1
2018-08-15,2018-08-16,SHORT,111.226,110.596,-105.16,66.02,1
2018-08-16,2018-08-17,SHORT,110.556,111.024,-138.66,-65.2,1
2018-08-17,2018-08-20,SHORT,110.984,110.495,-96.26,46.86,3
2018-08-20,2018-08-21,SHORT,110.455,109.968,-100.32,48.64,1
2018-08-21,2018-08-22,SHORT,109.928,110.154,-150.4,-34.32,1
2018-08-22,2018-08-23,SHORT,110.114,110.608,-122.52,-60.8,1
2018-08-23,2018-08-27,SHORT,110.568,111.302,-98.0,-72.15,4
2018-08-27,2018-08-28,SHORT,111.262,111.157,-93.81,9.64,1
2018-08-28,2018-08-29,SHORT,111.117,111.182,-95.39,-6.41,1
2018-08-29,2018-08-30,SHORT,111.142,111.732,-94.93,-56.22,1
2018-08-30,2018-08-31,LONG,111.732,110.979,116.22,-87.77,1
2018-08-31,2018-09-03,SHORT,110.979,111.164,-94.22,-17.64,3
2018-09-03,2018-09-04,SHORT,111.124,111.108,-96.16,1.32,1
2018-09-04,2018-09-05,SHORT,111.068,111.481,-145.14,-60.27,1
2018-09-05,2018-09-06,SHORT,111.441,111.469,-161.1,-4.87,1
2018-09-06,2018-09-07,SHORT,111.429,110.515,-121.79,111.05,1
2018-09-07,2018-09-10,SHORT,110.475,110.94,-112.25,-52.45,3
2018-09-10,2018-09-11,SHORT,110.9,111.168,-98.55,-26.63,1
2018-09-11,2018-09-12,SHORT,111.128,111.627,-98.39,-49.32,1
2018-09-12,2018-09-13,LONG,111.627,111.2,105.82,-45.42,1
2018-09-13,2018-09-14,SHORT,111.2,112.032,-107.14,-89.38,1
2018-09-14,2018-09-17,LONG,112.032,111.933,106.93,-10.83,3
2018-09-17,2018-09-18,LONG,111.973,111.67,102.71,-31.35,1
2018-09-18,2018-09-19,LONG,111.71,112.257,102.38,55.77,1
2018-09-19,2018-09-20,LONG,112.297,112.297,101.13,-0.23,1
2018-09-20,2018-09-21,LONG,112.337,112.475,106.86,14.51,1
2018-09-21,2018-09-24,LONG,112.515,112.504,243.71,-3.23,3
2018-09-24,2018-09-25,LONG,112.544,112.766,230.22,50.59,1
2018-09-25,2018-09-26,LONG,112.806,112.949,238.91,33.62,1
2018-09-26,2018-09-27,LONG,112.989,112.684,227.4,-69.87,1
2018-09-27,2018-09-28,LONG,112.724,113.337,266.14,162.54,1
2018-09-28,2018-10-01,LONG,113.377,113.776,247.46,98.17,3
2018-10-01,2018-10-02,LONG,113.816,113.926,294.28,31.7,1
2018-10-02,2018-10-03,LONG,113.966,113.557,373.93,-153.78,1
2018-10-03,2018-10-04,LONG,113.597,114.466,234.99,203.67,1
2018-10-04,2018-10-05,LONG,114.506,113.874,294.41,-186.74,1
2018-10-05,2018-10-08,LONG,113.914,113.695,156.44,-34.62,3
2018-10-08,2018-10-09,LONG,113.735,113.077,124.9,-82.47,1
2018-10-09,2018-10-11,SHORT,113.077,112.112,-104.3,100.41,2
2018-10-11,2018-10-12,SHORT,112.072,112.1,-98.03,-2.96,1
2018-10-12,2018-10-15,SHORT,112.06,112.212,-114.35,-17.64,3
2018-10-15,2018-10-16,SHORT,112.172,111.861,-153.02,47.25,1
2018-10-16,2018-10-17,SHORT,111.821,112.362,-187.65,-101.94,1
2018-10-17,2018-10-18,SHORT,112.322,112.648,-109.13,-35.82,1
2018-10-18,2018-10-19,SHORT,112.608,112.205,-198.06,79.37,1
2018-10-19,2018-10-22,SHORT,112.165,112.5,-195.49,-65.93,3
2018-10-22,2018-10-23,SHORT,112.46,112.777,-133.66,-42.67,1
2018-10-23,2018-10-24,SHORT,112.737,112.464,-96.7,26.18,1
2018-10-24,2018-10-25,SHORT,112.424,112.032,-101.95,39.74,1
2018-10-25,2018-10-30,SHORT,111.992,112.344,-103.29,-36.59,5
2018-10-30,2018-10-31,SHORT,112.304,113.072,-98.02,-75.5,1
2018-10-31,2018-11-01,SHORT,113.032,112.871,-97.49,15.48,1
2018-11-01,2018-11-02,SHORT,112.831,112.735,-98.24,9.21,1
2018-11-02,2018-11-05,SHORT,112.695,113.159,-99.83,-46.55,3
2018-11-05,2018-11-06,LONG,113.159,113.226,98.38,6.37,1
2018-11-06,2018-11-07,LONG,113.266,113.343,100.92,7.54,1
2018-11-07,2018-11-08,LONG,113.383,113.527,108.51,15.38,1
2018-11-08,2018-11-09,LONG,113.567,113.933,194.18,70.63,1
2018-11-09,2018-11-12,LONG,113.973,113.826,203.52,-30.38,3
2018-11-12,2018-11-13,LONG,113.866,113.676,284.21,-54.65,1
2018-11-13,2018-11-14,LONG,113.716,113.769,219.01,11.11,1
2018-11-14,2018-11-15,LONG,113.809,113.544,164.61,-44.0,1
2018-11-15,2018-11-16,LONG,113.584,113.535,163.77,-8.4,1
2018-11-16,2018-11-19,LONG,113.575,112.71,202.54,-175.65,3
2018-11-19,2018-11-20,SHORT,112.71,112.463,-108.97,26.67,1
2018-11-20,2018-11-21,SHORT,112.423,112.723,-156.78,-47.39,1
2018-11-21,2018-11-22,SHORT,112.683,113.041,-117.36,-42.28,1
2018-11-22,2018-11-23,SHORT,113.001,112.998,-113.39,0.08,1
2018-11-23,2018-11-26,SHORT,112.958,112.939,-196.67,3.29,3
2018-11-26,2018-11-27,SHORT,112.899,113.524,-182.99,-114.79,1
2018-11-27,2018-11-30,LONG,113.524,113.391,111.03,-15.02,3
2018-11-30,2018-12-03,SHORT,113.391,113.783,-113.05,-44.57,3
2018-12-03,2018-12-04,LONG,113.783,113.567,188.63,-41.17,1
2018-12-04,2018-12-05,LONG,113.607,112.679,201.28,-187.24,1
2018-12-05,2018-12-10,SHORT,112.679,112.522,-103.25,15.98,5
2018-12-10,2018-12-11,SHORT,112.482,113.201,-106.27,-76.65,1
2018-12-11,2018-12-12,SHORT,113.161,113.404,-103.21,-25.31,1
2018-12-12,2018-12-13,SHORT,113.364,113.305,-103.93,5.9,1
2018-12-13,2018-12-14,SHORT,113.265,113.58,-103.29,-32.77,1
2018-12-14,2018-12-17,LONG,113.58,113.37,106.72,-22.65,3
2018-12-17,2018-12-18,SHORT,113.37,112.849,-109.51,56.81,1
2018-12-18,2018-12-19,SHORT,112.809,112.544,-102.2,26.85,1
2018-12-19,2018-12-20,SHORT,112.504,112.43,-100.83,7.23,1
2018-12-20,2018-12-21,SHORT,112.39,111.191,-91.07,108.99,1
2018-12-21,2018-12-24,SHORT,111.151,111.074,-130.95,9.79,3
2018-12-24,2018-12-25,SHORT,111.034,110.331,-128.82,90.27,1
2018-12-25,2018-12-26,SHORT,110.291,110.422,-248.0,-33.04,1
2018-12-26,2018-12-27,SHORT,110.382,111.226,-277.33,-234.69,1
2018-12-27,2018-12-28,SHORT,111.186,110.875,-157.07,48.5,1
2018-12-28,2018-12-31,SHORT,110.835,110.35,-197.89,95.54,3
2018-12-31,2019-01-01,SHORT,110.31,109.65,-203.51,133.87,1
2019-01-01,2019-01-02,SHORT,109.61,109.688,-200.73,-16.1,1
2019-01-02,2019-01-03,SHORT,109.648,107.461,-181.4,396.34,1
2019-01-03,2019-01-04,SHORT,107.421,107.828,-183.41,-75.04,1
2019-01-04,2019-01-07,SHORT,107.788,108.542,-137.92,-104.29,3
2019-01-07,2019-01-08,SHORT,108.502,108.636,-96.19,-13.1,1
2019-01-08,2019-01-09,SHORT,108.596,108.796,-71.77,-14.51,1
2019-01-09,2019-01-10,SHORT,108.756,108.209,-69.64,37.94,1
2019-01-10,2019-01-11,SHORT,108.169,108.318,-138.52,-20.94,1
2019-01-11,2019-01-14,SHORT,108.278,108.478,-126.77,-25.63,3
2019-01-14,2019-01-15,SHORT,108.438,108.27,-103.68,17.19,1
2019-01-15,2019-01-16,SHORT,108.23,108.664,-83.7,-36.51,1
2019-01-16,2019-01-17,SHORT,108.624,109.057,-71.53,-31.13,1
2019-01-17,2019-01-18,SHORT,109.017,109.173,-149.29,-23.62,1
2019-01-18,2019-01-21,SHORT,109.133,109.681,-141.38,-77.79,3
2019-01-21,2019-01-22,SHORT,109.641,109.69,-130.64,-6.69,1
2019-01-22,2019-01-23,SHORT,109.65,109.375,-130.61,35.63,1
2019-01-23,2019-01-24,SHORT,109.335,109.512,-101.98,-18.27,1
2019-01-24,2019-01-25,SHORT,109.472,109.617,-244.64,-36.01,1
2019-01-25,2019-01-28,SHORT,109.577,109.42,-254.94,39.47,3
2019-01-28,2019-01-29,SHORT,109.38,109.274,-186.5,19.36,1
2019-01-29,2019-01-30,SHORT,109.234,109.437,-218.4,-44.81,1
2019-01-30,2019-01-31,SHORT,109.397,109.001,-199.61,78.61,1
2019-01-31,2019-02-01,SHORT,108.961,108.864,-126.12,11.96,1
2019-02-01,2019-02-04,SHORT,108.824,109.458,-120.8,-76.85,3
2019-02-04,2019-02-05,SHORT,109.418,109.981,-110.13,-62.25,1
2019-02-05,2019-02-06,LONG,109.981,109.921,110.79,-6.89,1
2019-02-06,2019-02-07,LONG,109.961,109.954,110.18,-1.01,1
2019-02-07,2019-02-08,LONG,109.994,109.736,113.9,-29.64,1
2019-02-08,2019-02-11,LONG,109.776,109.79,116.99,1.38,3
2019-02-11,2019-02-12,LONG,109.83,110.38,112.95,61.87,1
2019-02-12,2019-02-13,LONG,110.42,110.495,182.37,13.27,1
2019-02-13,2019-02-14,LONG,110.535,110.903,176.95,64.73,1
2019-02-14,2019-02-15,LONG,110.943,110.518,310.91,-132.82,1
2019-02-15,2019-02-18,LONG,110.558,110.544,241.45,-3.91,3
2019-02-18,2019-02-19,LONG,110.584,110.571,204.45,-3.11,1
2019-02-19,2019-02-20,LONG,110.611,110.552,147.17,-9.01,1
2019-02-20,2019-02-21,LONG,110.592,110.745,157.7,23.78,1
2019-02-21,2019-02-22,LONG,110.785,110.688,195.08,-19.35,1
2019-02-22,2019-02-25,LONG,110.728,110.752,294.75,6.42,3
2019-02-25,2019-02-26,LONG,110.792,111.026,301.07,69.78,1
2019-02-26,2019-02-27,LONG,111.066,110.536,246.82,-131.36,1
2019-02-27,2019-03-01,LONG,110.576,111.337,144.5,109.64,2
2019-03-01,2019-03-04,LONG,111.377,111.918,211.48,113.94,3
2019-03-04,2019-03-05,LONG,111.958,111.757,283.73,-57.67,1
2019-03-05,2019-03-06,LONG,111.797,111.846,235.81,11.03,1
2019-03-06,2019-03-07,LONG,111.886,111.603,262.02,-74.73,1
2019-03-07,2019-03-08,LONG,111.643,111.614,177.42,-5.54,1
2019-03-08,2019-03-11,LONG,111.654,111.06,177.04,-105.55,3
2019-03-11,2019-03-12,SHORT,111.06,111.362,-122.79,-37.36,1
2019-03-12,2019-03-13,LONG,111.362,111.286,122.39,-9.57,1
2019-03-13,2019-03-14,LONG,111.326,111.176,133.5,-20.32,1
2019-03-14,2019-03-15,LONG,111.216,111.733,117.18,60.32,1
2019-03-15,2019-03-18,LONG,111.773,111.541,114.37,-26.79,3
2019-03-18,2019-03-19,LONG,111.581,111.353,115.08,-26.49,1
2019-03-19,2019-03-20,LONG,111.393,111.381,119.17,-1.7,1
2019-03-20,2019-03-21,LONG,111.421,110.64,128.25,-100.44,1
2019-03-21,2019-03-22,SHORT,110.64,110.826,-184.6,-34.74,1
2019-03-22,2019-03-25,SHORT,110.786,110.101,-141.52,96.63,3
2019-03-25,2019-03-26,SHORT,110.061,110.088,-147.94,-4.32,1
2019-03-26,2019-03-27,SHORT,110.048,110.574,-197.13,-104.13,1
2019-03-27,2019-03-28,SHORT,110.534,110.51,-102.89,2.24,1
2019-03-28,2019-03-29,SHORT,110.47,110.657,-103.15,-19.52,1
2019-03-29,2019-04-01,SHORT,110.617,111.015,-174.5,-69.84,3
2019-04-01,2019-04-02,SHORT,110.975,111.471,-103.08,-51.36,1
2019-04-02,2019-04-04,LONG,111.471,111.375,101.55,-9.98,2
2019-04-04,2019-04-05,LONG,111.415,111.638,121.3,26.78,1
2019-04-05,2019-04-08,LONG,111.678,111.691,133.46,1.44,3
2019-04-08,2019-04-09,LONG,111.731,111.436,337.34,-100.27,1
2019-04-09,2019-04-10,LONG,111.476,111.085,245.45,-96.51,1
2019-04-10,2019-04-11,SHORT,111.085,111.005,-109.5,8.52,1
2019-04-11,2019-04-12,SHORT,110.965,111.641,-116.76,-79.19,1
2019-04-12,2019-04-15,LONG,111.641,112.008,169.09,61.68,3
2019-04-15,2019-04-16,LONG,112.048,111.923,179.32,-22.82,1
2019-04-16,2019-04-17,LONG,111.963,111.973,127.66,0.99,1
2019-04-17,2019-04-18,LONG,112.013,112.016,164.47,0.13,1
2019-04-18,2019-04-19,LONG,112.056,111.969,160.76,-14.35,1
2019-04-19,2019-04-22,LONG,112.009,111.89,154.31,-18.71,3
2019-04-22,2019-04-23,LONG,111.93,111.909,163.2,-3.79,1
2019-04-23,2019-04-24,LONG,111.949,111.857,168.19,-15.85,1
2019-04-24,2019-04-25,LONG,111.897,112.11,329.73,69.49,1
2019-04-25,2019-04-26,LONG,112.15,111.519,420.96,-266.56,1
2019-04-26,2019-04-29,SHORT,111.519,111.613,-146.05,-14.05,3
2019-04-29,2019-04-30,SHORT,111.573,111.697,-212.05,-26.77,1
2019-04-30,2019-05-01,SHORT,111.657,111.415,-158.23,37.94,1
2019-05-01,2019-05-02,SHORT,111.375,111.472,-251.37,-24.94,1
2019-05-02,2019-05-03,SHORT,111.432,111.515,-278.86,-23.77,1
2019-05-03,2019-05-06,SHORT,111.475,110.643,-235.94,195.78,3
2019-05-06,2019-05-07,SHORT,110.603,110.825,-338.65,-75.93,1
2019-05-07,2019-05-08,SHORT,110.785,110.277,-265.41,134.24,1
2019-05-08,2019-05-09,SHORT,110.237,110.048,-290.63,54.29,1
2019-05-09,2019-05-10,SHORT,110.008,109.827,-348.83,62.37,1
2019-05-10,2019-05-13,SHORT,109.787,109.674,-311.79,34.55,3
2019-05-13,2019-05-14,SHORT,109.634,109.174,-319.88,146.45,1
2019-05-14,2019-05-15,SHORT,109.134,109.691,-347.72,-194.44,1
2019-05-15,2019-05-16,SHORT,109.651,109.495,-227.24,34.95,1
2019-05-16,2019-05-17,SHORT,109.455,109.891,-253.29,-110.99,1
2019-05-17,2019-05-20,SHORT,109.851,110.18,-184.42,-61.08,3
2019-05-20,2019-05-21,SHORT,110.14,110.09,-107.6,5.14,1
2019-05-21,2019-05-23,SHORT,110.05,110.241,-107.01,-20.67,2
2019-05-23,2019-05-24,SHORT,110.201,109.578,-101.01,62.71,1
2019-05-24,2019-05-27,SHORT,109.538,109.421,-96.27,11.05,3
2019-05-27,2019-05-28,SHORT,109.381,109.529,-107.29,-16.11,1
2019-05-28,2019-06-03,SHORT,109.489,108.232,-108.04,135.57,6
2019-06-03,2019-06-04,SHORT,108.192,108.047,-222.98,31.85,1
2019-06-04,2019-06-05,SHORT,108.007,108.274,-300.23,-80.81,1
2019-06-05,2019-06-06,SHORT,108.234,108.348,-244.45,-28.4,1
2019-06-06,2019-06-07,SHORT,108.308,108.474,-268.11,-45.09,1
2019-06-07,2019-06-10,SHORT,108.434,108.469,-185.07,-6.88,3
2019-06-10,2019-06-11,SHORT,108.429,108.379,-172.64,8.26,1
2019-06-11,2019-06-12,SHORT,108.339,108.494,-213.94,-33.62,1
2019-06-12,2019-06-13,SHORT,108.454,108.508,-174.83,-9.82,1
2019-06-13,2019-06-14,SHORT,108.468,108.341,-247.12,30.85,1
2019-06-14,2019-06-17,SHORT,108.301,108.596,-240.46,-71.46,3
2019-06-17,2019-06-18,SHORT,108.556,108.559,-144.25,-0.75,1
2019-06-18,2019-06-19,SHORT,108.519,108.593,-223.42,-17.02,1
2019-06-19,2019-06-20,SHORT,108.553,108.135,-173.35,72.08,1
2019-06-20,2019-06-21,SHORT,108.095,107.297,-122.77,97.71,1
2019-06-21,2019-06-24,SHORT,107.257,107.332,-296.22,-22.85,3
2019-06-24,2019-06-25,SHORT,107.292,107.347,-291.12,-16.64,1
2019-06-25,2019-06-26,SHORT,107.307,107.186,-270.94,32.2,1
2019-06-26,2019-06-27,SHORT,107.146,107.758,-325.98,-200.2,1
2019-06-27,2019-06-28,SHORT,107.718,107.767,-140.55,-7.19,1
2019-06-28,2019-07-01,SHORT,107.727,108.402,-121.35,-82.18,3
2019-07-01,2019-07-03,SHORT,108.362,107.825,-116.01,62.05,2
2019-07-03,2019-07-04,SHORT,107.785,107.799,-107.1,-1.73,1
2019-07-04,2019-07-05,SHORT,107.759,107.828,-109.78,-7.81,1
2019-07-05,2019-07-08,SHORT,107.788,108.494,-107.77,-76.32,3
2019-07-08,2019-07-09,SHORT,108.454,108.741,-173.66,-50.22,1
2019-07-09,2019-07-10,LONG,108.741,108.904,189.01,30.4,1
2019-07-10,2019-07-11,LONG,108.944,108.314,248.62,-157.17,1
2019-07-11,2019-07-12,SHORT,108.314,108.608,-104.53,-30.96,1
2019-07-12,2019-07-15,SHORT,108.568,107.852,-104.53,74.62,3
2019-07-15,2019-07-16,SHORT,107.812,107.909,-98.72,-9.79,1
2019-07-16,2019-07-17,SHORT,107.869,108.221,-99.32,-35.17,1
2019-07-17,2019-07-18,SHORT,108.181,107.957,-105.52,23.41,1
2019-07-18,2019-07-19,SHORT,107.917,107.421,-102.14,50.44,1
2019-07-19,2019-07-22,SHORT,107.381,107.83,-104.32,-47.06,3
2019-07-22,2019-07-23,SHORT,107.79,107.924,-102.85,-14.0,1
2019-07-23,2019-07-24,SHORT,107.884,108.252,-107.26,-39.7,1
2019-07-24,2019-07-25,SHORT,108.212,108.209,-104.39,0.09,1
2019-07-25,2019-07-26,SHORT,108.169,108.686,-107.92,-56.03,1
2019-07-26,2019-07-29,LONG,108.686,108.613,111.47,-8.38,3
2019-07-29,2019-07-30,LONG,108.653,108.846,140.2,26.75,1
2019-07-30,2019-07-31,LONG,108.886,108.542,162.15,-56.13,1
2019-07-31,2019-08-01,SHORT,108.542,108.84,-123.54,-37.08,1
2019-08-01,2019-08-02,LONG,108.84,107.411,150.92,-215.98,1
2019-08-02,2019-08-05,SHORT,107.411,106.597,-97.44,79.11,3
2019-08-05,2019-08-06,SHORT,106.557,105.613,-107.55,101.3,1
2019-08-06,2019-08-07,SHORT,105.573,106.357,-150.45,-118.27,1
2019-08-07,2019-08-08,SHORT,106.317,106.141,-111.44,19.38,1
2019-08-08,2019-08-09,SHORT,106.101,105.894,-119.59,24.5,1
2019-08-09,2019-08-12,SHORT,105.854,105.402,-166.92,75.1,3
2019-08-12,2019-08-13,SHORT,105.362,105.378,-173.72,-3.15,1
2019-08-13,2019-08-14,SHORT,105.338,106.61,-173.09,-220.54,1
2019-08-14,2019-08-15,SHORT,106.57,105.936,-78.89,49.85,1
2019-08-15,2019-08-16,SHORT,105.896,106.103,-107.39,-22.46,1
2019-08-16,2019-08-19,SHORT,106.063,106.45,-62.94,-24.49,3
2019-08-19,2019-08-20,SHORT,106.41,106.594,-62.49,-11.63,1
2019-08-20,2019-08-21,SHORT,106.554,106.294,-61.94,15.97,1
2019-08-21,2019-08-22,SHORT,106.254,106.617,-65.49,-23.91,1
2019-08-22,2019-08-23,SHORT,106.577,106.488,-75.58,6.57,1
2019-08-23,2019-08-26,SHORT,106.448,104.872,-76.83,120.93,3
2019-08-26,2019-08-27,SHORT,104.832,105.998,-76.23,-89.04,1
2019-08-27,2019-08-28,SHORT,105.958,105.758,-73.59,14.56,1
2019-08-28,2019-08-29,SHORT,105.718,106.09,-74.2,-27.76,1
2019-08-29,2019-09-06,SHORT,106.05,107.092,-74.04,-77.31,8
2019-09-06,2019-09-09,SHORT,107.052,106.965,-87.23,7.4,3
2019-09-09,2019-09-10,SHORT,106.925,107.357,-179.39,-77.88,1
2019-09-10,2019-09-11,SHORT,107.317,107.62,-138.45,-42.25,1
2019-09-11,2019-09-12,LONG,107.62,108.001,185.95,70.45,1
2019-09-12,2019-09-13,LONG,108.041,108.156,205.86,23.23,1
2019-09-13,2019-09-16,LONG,108.196,107.745,223.54,-101.3,3
2019-09-16,2019-09-17,LONG,107.785,108.141,216.94,76.76,1
2019-09-17,2019-09-18,LONG,108.181,108.067,230.83,-26.81,1
2019-09-18,2019-09-19,LONG,108.107,108.405,302.86,89.6,1
2019-09-19,2019-09-20,LONG,108.445,108.021,289.85,-123.52,1
2019-09-20,2019-09-23,LONG,108.061,107.632,144.54,-62.32,3
2019-09-23,2019-09-24,SHORT,107.632,107.634,-108.95,-0.45,1
2019-09-24,2019-09-25,SHORT,107.594,107.183,-108.61,44.41,1
2019-09-25,2019-09-26,SHORT,107.143,107.712,-116.19,-66.36,1
2019-09-26,2019-09-27,SHORT,107.672,107.776,-119.16,-12.65,1
2019-09-27,2019-09-30,SHORT,107.736,107.964,-117.32,-27.0,3
2019-09-30,2019-10-02,LONG,107.964,107.717,119.64,-29.81,2
2019-10-02,2019-10-03,SHORT,107.717,107.183,-111.47,59.29,1
2019-10-03,2019-10-04,SHORT,107.143,106.846,-165.28,48.74,1
2019-10-04,2019-10-07,SHORT,106.806,106.784,-164.83,3.27,3
2019-10-07,2019-10-08,SHORT,106.744,107.271,-138.09,-73.07,1
2019-10-08,2019-10-09,SHORT,107.231,106.981,-99.13,24.57,1
2019-10-09,2019-10-10,SHORT,106.941,107.198,-100.92,-26.15,1
2019-10-10,2019-10-11,SHORT,107.158,107.9,-97.08,-72.24,1
2019-10-11,2019-10-14,LONG,107.9,108.439,90.28,48.46,3
2019-10-14,2019-10-15,LONG,108.479,108.368,89.79,-10.16,1
2019-10-15,2019-10-16,LONG,108.408,108.797,90.32,34.94,1
2019-10-16,2019-10-17,LONG,108.837,108.657,105.27,-19.18,1
2019-10-17,2019-10-18,LONG,108.697,108.561,168.71,-23.31,1
2019-10-18,2019-10-21,LONG,108.601,108.388,212.9,-45.81,3
2019-10-21,2019-10-22,LONG,108.428,108.581,202.31,30.51,1
2019-10-22,2019-10-23,LONG,108.621,108.463,195.14,-31.25,1
2019-10-23,2019-10-24,LONG,108.503,108.622,257.87,30.13,1
2019-10-24,2019-10-25,LONG,108.662,108.586,261.71,-20.46,1
2019-10-25,2019-10-28,LONG,108.626,108.714,176.19,15.12,3
2019-10-28,2019-10-29,LONG,108.754,108.944,125.08,23.49,1
2019-10-29,2019-10-30,LONG,108.984,108.854,173.98,-23.0,1
2019-10-30,2019-11-01,LONG,108.894,107.976,145.88,-134.23,2
2019-11-01,2019-11-04,SHORT,107.976,108.24,-178.68,-47.56,3
2019-11-04,2019-11-05,SHORT,108.2,108.714,-155.85,-80.45,1
2019-11-05,2019-11-06,LONG,108.714,109.126,142.99,58.6,1
2019-11-06,2019-11-07,LONG,109.166,108.893,141.51,-38.94,1
2019-11-07,2019-11-08,LONG,108.933,109.254,131.77,42.01,1
2019-11-08,2019-11-11,LONG,109.294,109.206,127.13,-11.47,3
2019-11-11,2019-11-12,LONG,109.246,109.022,126.05,-28.51,1
2019-11-12,2019-11-15,LONG,109.062,108.472,127.88,-75.73,3
2019-11-15,2019-11-18,SHORT,108.472,108.719,-116.96,-29.14,3
2019-11-18,2019-11-19,LONG,108.719,108.642,113.09,-8.95,1
2019-11-19,2019-11-20,LONG,108.682,108.425,110.07,-28.53,1
2019-11-20,2019-11-21,SHORT,108.425,108.498,-177.72,-13.36,1
2019-11-21,2019-11-22,SHORT,108.458,108.605,-132.01,-19.69,1
2019-11-22,2019-11-25,LONG,108.605,108.71,260.66,26.8,3
2019-11-25,2019-11-26,LONG,108.75,108.972,191.95,42.19,1
2019-11-26,2019-11-28,LONG,109.012,109.347,144.19,47.99,2
2019-11-28,2019-11-29,LONG,109.387,109.492,210.17,21.61,1
2019-11-29,2019-12-02,LONG,109.532,109.515,421.96,-8.1,3
2019-12-02,2019-12-03,LONG,109.555,109.002,366.54,-203.49,1
2019-12-03,2019-12-04,LONG,109.042,108.633,134.35,-55.24,1
2019-12-04,2019-12-05,SHORT,108.633,108.852,-136.78,-30.25,1
2019-12-05,2019-12-06,SHORT,108.812,108.758,-138.05,7.15,1
2019-12-06,2019-12-10,SHORT,108.718,108.602,-142.65,16.24,4
2019-12-10,2019-12-11,SHORT,108.562,108.784,-147.32,-33.03,1
2019-12-11,2019-12-12,SHORT,108.744,108.569,-151.78,26.23,1
2019-12-12,2019-12-13,SHORT,108.529,109.433,-240.63,-218.05,1
2019-12-13,2019-12-17,LONG,109.433,109.556,122.89,14.85,4
2019-12-17,2019-12-18,LONG,109.596,109.496,128.13,-13.09,1
2019-12-18,2019-12-19,LONG,109.536,109.531,235.46,-1.69,1
2019-12-19,2019-12-20,LONG,109.571,109.363,207.06,-43.52,1
2019-12-20,2019-12-23,LONG,109.403,109.479,189.89,14.02,3
2019-12-23,2019-12-24,LONG,109.519,109.362,295.73,-47.08,1
2019-12-24,2019-12-25,LONG,109.402,109.363,281.64,-11.6,1
2019-12-25,2019-12-26,LONG,109.403,109.349,234.08,-13.15,1
2019-12-26,2019-12-27,LONG,109.389,109.522,352.78,46.15,1
2019-12-27,2019-12-30,LONG,109.562,109.408,171.34,-26.76,3
2019-12-30,2019-12-31,LONG,109.448,108.853,155.38,-92.79,1
2019-12-31,2020-01-01,SHORT,108.853,108.701,-285.14,42.72,1
2020-01-01,2020-01-02,SHORT,108.661,108.733,-238.45,-17.69,1
2020-01-02,2020-01-03,SHORT,108.693,108.563,-254.94,32.59,1
2020-01-03,2020-01-06,SHORT,108.523,107.984,-240.81,129.28,3
2020-01-06,2020-01-07,SHORT,107.944,108.426,-321.35,-155.59,1
2020-01-07,2020-01-08,SHORT,108.386,108.036,-166.52,57.92,1
2020-01-08,2020-01-09,SHORT,107.996,109.051,-180.4,-190.72,1
2020-01-09,2020-01-14,LONG,109.051,109.972,77.86,71.54,5
2020-01-14,2020-01-15,LONG,110.012,109.834,85.81,-15.46,1
2020-01-15,2020-01-16,LONG,109.874,109.863,92.05,-1.21,1
2020-01-16,2020-01-17,LONG,109.903,110.155,91.15,22.77,1
2020-01-17,2020-01-20,LONG,110.195,110.16,127.02,-4.73,3
2020-01-20,2020-01-21,LONG,110.2,110.153,218.32,-10.74,1
2020-01-21,2020-01-22,LONG,110.193,109.888,256.36,-78.75,1
2020-01-22,2020-01-23,LONG,109.928,109.708,296.99,-65.99,1
2020-01-23,2020-01-24,LONG,109.748,109.532,160.9,-35.11,1
2020-01-24,2020-01-27,SHORT,109.532,108.822,-110.9,78.5,3
2020-01-27,2020-01-28,SHORT,108.782,108.94,-148.11,-23.72,1
2020-01-28,2020-01-29,SHORT,108.9,109.152,-274.1,-69.67,1
2020-01-29,2020-01-30,SHORT,109.112,109.007,-215.33,22.14,1
2020-01-30,2020-01-31,SHORT,108.967,108.897,-260.36,17.66,1
2020-01-31,2020-02-03,SHORT,108.857,108.392,-388.77,179.93,3
2020-02-03,2020-02-04,SHORT,108.352,108.632,-440.11,-124.19,1
2020-02-04,2020-02-05,SHORT,108.592,109.467,-302.82,-265.63,1
2020-02-05,2020-02-06,LONG,109.467,109.794,115.11,37.39,1
2020-02-06,2020-02-07,LONG,109.834,109.948,113.13,12.65,1
2020-02-07,2020-02-10,LONG,109.988,109.625,108.38,-39.58,3
2020-02-10,2020-02-11,LONG,109.665,109.746,121.34,9.56,1
2020-02-11,2020-02-12,LONG,109.786,109.823,122.07,4.25,1
2020-02-12,2020-02-13,LONG,109.863,109.826,112.55,-4.41,1
2020-02-13,2020-02-14,LONG,109.866,109.738,142.71,-18.58,1
2020-02-14,2020-02-17,LONG,109.778,109.771,158.26,-1.46,3
2020-02-17,2020-02-18,LONG,109.811,109.81,316.92,-1.01,1
2020-02-18,2020-02-19,LONG,109.85,109.899,299.74,14.03,1
2020-02-19,2020-02-20,LONG,109.939,111.19,160.67,200.64,1
2020-02-20,2020-02-21,LONG,111.23,111.934,235.08,164.97,1
2020-02-21,2020-02-24,LONG,111.974,111.537,253.23,-111.23,3
2020-02-24,2020-02-25,LONG,111.577,110.837,228.43,-169.54,1
2020-02-25,2020-02-26,LONG,110.877,110.266,105.19,-64.51,1
2020-02-26,2020-02-27,SHORT,110.266,110.383,-81.98,-9.77,1
2020-02-27,2020-02-28,SHORT,110.343,109.68,-80.25,53.03,1
2020-02-28,2020-03-02,SHORT,109.64,107.717,-66.94,128.58,3
2020-03-02,2020-03-03,SHORT,107.677,108.507,-74.69,-62.15,1
2020-03-03,2020-03-04,SHORT,108.467,107.057,-55.39,77.99,1
2020-03-04,2020-03-05,SHORT,107.017,107.697,-68.98,-47.06,1
2020-03-05,2020-03-06,SHORT,107.657,106.268,-86.61,120.11,1
2020-03-06,2020-03-09,SHORT,106.228,103.958,-113.88,258.26,3
2020-03-09,2020-03-10,SHORT,103.918,103.132,-102.17,80.09,1
2020-03-10,2020-03-11,SHORT,103.092,105.046,-98.98,-193.61,1
2020-03-11,2020-03-12,SHORT,105.006,104.57,-59.76,25.93,1
2020-03-12,2020-03-13,SHORT,104.53,104.63,-60.24,-6.15,1
2020-03-13,2020-03-16,SHORT,104.59,106.708,-52.39,-111.07,3
2020-03-16,2020-03-17,SHORT,106.668,106.195,-29.29,13.79,1
2020-03-17,2020-03-18,SHORT,106.155,107.397,-28.58,-35.55,1
2020-03-18,2020-03-19,SHORT,107.357,108.38,-27.15,-27.83,1
2020-03-19,2020-03-20,LONG,108.38,111.271,26.99,77.97,1
2020-03-20,2020-03-23,LONG,111.311,110.442,40.14,-34.97,3
2020-03-23,2020-03-24,LONG,110.482,110.807,57.65,18.61,1
2020-03-24,2020-03-25,LONG,110.847,111.1,71.1,17.83,1
2020-03-25,2020-03-26,LONG,111.14,110.856,65.98,-18.88,1
2020-03-26,2020-03-27,LONG,110.896,109.089,72.08,-130.41,1
2020-03-27,2020-03-30,SHORT,109.089,107.433,-46.08,76.21,3
2020-03-30,2020-03-31,SHORT,107.393,108.055,-29.19,-19.39,1
2020-03-31,2020-04-01,SHORT,108.015,107.528,-30.03,14.56,1
2020-04-01,2020-04-02,SHORT,107.488,107.277,-31.71,6.62,1
2020-04-02,2020-04-03,SHORT,107.237,108.021,-34.09,-26.8,1
2020-04-03,2020-04-06,SHORT,107.981,108.713,-64.8,-47.57,3
2020-04-06,2020-04-07,SHORT,108.673,109.135,-36.29,-16.84,1
2020-04-07,2020-04-08,SHORT,109.095,108.671,-39.23,16.55,1
2020-04-08,2020-04-09,SHORT,108.631,108.942,-57.61,-18.04,1
2020-04-09,2020-04-10,SHORT,108.902,108.581,-51.03,16.27,1
2020-04-10,2020-04-13,SHORT,108.541,108.356,-51.71,9.45,3
2020-04-13,2020-04-14,SHORT,108.316,107.643,-52.86,35.46,1
2020-04-14,2020-04-20,SHORT,107.603,107.69,-51.83,-4.62,6
2020-04-20,2020-04-21,SHORT,107.65,107.689,-73.74,-3.03,1
2020-04-21,2020-04-22,SHORT,107.649,107.741,-121.04,-11.4,1
2020-04-22,2020-04-23,SHORT,107.701,107.833,-91.91,-12.33,1
2020-04-23,2020-04-24,SHORT,107.793,107.687,-124.84,12.96,1
2020-04-24,2020-04-27,SHORT,107.647,107.515,-119.17,15.47,3
2020-04-27,2020-04-28,SHORT,107.475,107.303,-111.69,18.97,1
2020-04-28,2020-04-29,SHORT,107.263,106.761,-90.26,45.12,1
2020-04-29,2020-04-30,SHORT,106.721,106.63,-88.38,7.85,1
2020-04-30,2020-05-01,SHORT,106.59,107.305,-178.56,-128.05,1
2020-05-01,2020-05-04,SHORT,107.265,106.758,-102.4,51.7,3
2020-05-04,2020-05-05,SHORT,106.718,106.717,-138.36,-0.16,1
2020-05-05,2020-05-06,SHORT,106.677,106.472,-150.09,30.45,1
2020-05-06,2020-05-07,SHORT,106.432,106.211,-188.92,41.35,1
2020-05-07,2020-05-08,SHORT,106.171,106.379,-231.42,-48.63,1
2020-05-08,2020-05-11,SHORT,106.339,106.939,-181.12,-109.06,3
2020-05-11,2020-05-12,SHORT,106.899,107.586,-94.16,-64.89,1
2020-05-12,2020-05-13,SHORT,107.546,107.158,-90.71,35.0,1
2020-05-13,2020-05-14,SHORT,107.118,106.953,-89.11,14.51,1
2020-05-14,2020-05-18,SHORT,106.913,107.228,-89.33,-28.33,4
2020-05-18,2020-05-19,SHORT,107.188,107.401,-95.12,-20.46,1
2020-05-19,2020-05-20,SHORT,107.361,107.83,-95.61,-45.05,1
2020-05-20,2020-05-21,SHORT,107.79,107.611,-150.99,26.7,1
2020-05-21,2020-05-22,SHORT,107.571,107.651,-166.94,-13.71,1
2020-05-22,2020-05-25,SHORT,107.611,107.755,-160.96,-23.53,3
2020-05-25,2020-05-26,SHORT,107.715,107.707,-123.6,0.72,1
2020-05-26,2020-05-27,SHORT,107.667,107.511,-109.41,16.83,1
2020-05-27,2020-05-28,SHORT,107.471,107.818,-108.74,-37.97,1
2020-05-28,2020-05-29,SHORT,107.778,107.663,-181.34,20.46,1
2020-05-29,2020-06-01,SHORT,107.623,107.728,-119.95,-12.85,3
2020-06-01,2020-06-02,SHORT,107.688,107.568,-143.9,16.96,1
2020-06-02,2020-06-03,SHORT,107.528,108.829,-119.33,-155.51,1
2020-06-03,2020-06-04,LONG,108.829,108.979,163.26,24.13,1
2020-06-04,2020-06-05,LONG,109.019,109.13,233.45,25.4,1
2020-06-05,2020-06-08,LONG,109.17,109.614,230.05,101.64,3
2020-06-08,2020-06-09,LONG,109.654,108.389,243.15,-308.11,1
2020-06-09,2020-06-10,SHORT,108.389,107.817,-83.71,47.7,1
2020-06-10,2020-06-11,SHORT,107.777,107.001,-76.84,59.46,1
2020-06-11,2020-06-12,SHORT,106.961,106.823,-72.11,9.8,1
2020-06-12,2020-06-15,SHORT,106.783,107.331,-67.7,-37.24,3
2020-06-15,2020-06-17,SHORT,107.291,107.43,-66.83,-9.43,2
2020-06-17,2020-06-18,SHORT,107.39,106.914,-87.41,41.42,1
2020-06-18,2020-06-19,SHORT,106.874,107.026,-122.28,-18.85,1
2020-06-19,2020-06-22,SHORT,106.986,106.851,-127.38,16.92,3
2020-06-22,2020-06-23,SHORT,106.811,106.923,-192.13,-21.93,1
2020-06-23,2020-06-24,SHORT,106.883,106.452,-143.91,61.72,1
2020-06-24,2020-06-25,SHORT,106.412,107.064,-135.94,-88.93,1
2020-06-25,2020-06-26,SHORT,107.024,107.175,-74.87,-11.47,1
2020-06-26,2020-06-29,SHORT,107.135,107.238,-79.08,-8.32,3
2020-06-29,2020-07-01,SHORT,107.198,108.009,-88.15,-71.68,2
2020-07-01,2020-07-02,SHORT,107.969,107.386,-97.04,56.37,1
2020-07-02,2020-07-03,SHORT,107.346,107.517,-100.53,-17.41,1
2020-07-03,2020-07-06,SHORT,107.477,107.599,-106.18,-13.18,3
2020-07-06,2020-07-07,SHORT,107.559,107.379,-108.75,19.34,1
2020-07-07,2020-07-08,SHORT,107.339,107.598,-103.56,-27.05,1
2020-07-08,2020-07-09,SHORT,107.558,107.303,-175.68,44.42,1
2020-07-09,2020-07-13,SHORT,107.263,106.93,-105.95,35.05,4
2020-07-13,2020-07-14,SHORT,106.89,107.296,-108.84,-44.42,1
2020-07-14,2020-07-15,SHORT,107.256,107.265,-109.95,-1.23,1
2020-07-15,2020-07-16,SHORT,107.225,106.937,-146.56,41.89,1
2020-07-16,2020-07-17,SHORT,106.897,107.298,-117.52,-47.38,1
2020-07-17,2020-07-20,SHORT,107.258,107.11,-123.84,18.06,3
2020-07-20,2020-07-21,SHORT,107.07,107.216,-128.19,-18.99,1
2020-07-21,2020-07-22,SHORT,107.176,106.852,-132.55,42.66,1
2020-07-22,2020-07-23,SHORT,106.812,107.195,-168.08,-64.74,1
2020-07-23,2020-07-24,SHORT,107.155,106.858,-131.98,38.92,1
2020-07-24,2020-07-27,SHORT,106.818,106.013,-113.82,91.39,3
2020-07-27,2020-07-28,SHORT,105.973,105.281,-111.42,76.87,1
2020-07-28,2020-07-29,SHORT,105.241,105.127,-204.78,22.91,1
2020-07-29,2020-07-30,SHORT,105.087,105.052,-210.57,6.93,1
2020-07-30,2020-07-31,SHORT,105.012,104.703,-204.2,62.67,1
2020-07-31,2020-08-03,SHORT,104.663,105.886,-253.48,-310.54,3
2020-08-03,2020-08-04,SHORT,105.846,106.05,-82.67,-17.04,1
2020-08-04,2020-08-05,SHORT,106.01,105.634,-78.91,29.51,1
2020-08-05,2020-08-06,SHORT,105.594,105.573,-79.52,1.5,1
2020-08-06,2020-08-07,SHORT,105.533,105.601,-113.26,-7.94,1
2020-08-07,2020-08-10,SHORT,105.561,105.87,-93.74,-29.16,3
2020-08-10,2020-08-11,SHORT,105.83,106.012,-74.33,-13.68,1
2020-08-11,2020-08-12,SHORT,105.972,106.541,-74.99,-42.83,1
2020-08-12,2020-08-13,SHORT,106.501,106.842,-121.81,-41.8,1
2020-08-13,2020-08-14,LONG,106.842,106.966,155.44,18.94,1
2020-08-14,2020-08-17,LONG,107.006,106.534,233.83,-110.86,3
2020-08-17,2020-08-18,SHORT,106.534,106.015,-90.6,46.83,1
2020-08-18,2020-08-19,SHORT,105.975,105.244,-76.85,56.02,1
2020-08-19,2020-08-20,SHORT,105.204,106.099,-73.71,-66.13,1
2020-08-20,2020-08-21,SHORT,106.059,105.685,-77.63,28.87,1
2020-08-21,2020-08-27,SHORT,105.645,105.876,-86.14,-20.08,6
2020-08-27,2020-08-28,SHORT,105.836,106.657,-83.43,-68.67,1
2020-08-28,2020-08-31,SHORT,106.617,105.555,-75.35,79.86,3
2020-08-31,2020-09-01,SHORT,105.515,106.024,-71.74,-36.67,1
2020-09-01,2020-09-02,SHORT,105.984,105.916,-74.12,4.88,1
2020-09-02,2020-09-03,SHORT,105.876,106.228,-74.36,-26.33,1
2020-09-03,2020-09-04,SHORT,106.188,106.106,-73.95,5.91,1
2020-09-04,2020-09-07,SHORT,106.066,106.331,-78.07,-20.85,3
2020-09-07,2020-09-08,SHORT,106.291,106.325,-85.38,-3.08,1
2020-09-08,2020-09-09,SHORT,106.285,105.988,-88.83,26.19,1
2020-09-09,2020-09-10,SHORT,105.948,106.251,-93.4,-28.5,1
2020-09-10,2020-09-11,SHORT,106.211,106.163,-96.52,4.43,1
2020-09-11,2020-09-14,SHORT,106.123,106.165,-97.7,-4.31,3
2020-09-14,2020-09-15,SHORT,106.125,105.735,-124.42,48.26,1
2020-09-15,2020-09-16,SHORT,105.695,105.401,-95.55,27.89,1
2020-09-16,2020-09-17,SHORT,105.361,105.082,-95.83,26.54,1
2020-09-17,2020-09-18,SHORT,105.042,104.718,-228.45,73.54,1
2020-09-18,2020-09-21,SHORT,104.678,104.557,-265.98,31.63,3
2020-09-21,2020-09-22,SHORT,104.517,104.71,-342.9,-66.9,1
2020-09-22,2020-09-23,SHORT,104.67,105.054,-285.12,-110.08,1
2020-09-23,2020-09-24,SHORT,105.014,105.324,-163.21,-50.94,1
2020-09-24,2020-09-25,SHORT,105.284,105.455,-159.77,-27.66,1
2020-09-25,2020-09-28,SHORT,105.415,105.594,-117.52,-21.28,3
2020-09-28,2020-09-29,SHORT,105.554,105.453,-105.06,10.39,1
2020-09-29,2020-09-30,SHORT,105.413,105.684,-106.58,-29.11,1
2020-09-30,2020-10-01,SHORT,105.644,105.471,-105.6,18.05,1
2020-10-01,2020-10-02,SHORT,105.431,105.563,-103.89,-13.93,1
2020-10-02,2020-10-05,SHORT,105.523,105.53,-185.23,-1.69,3
2020-10-05,2020-10-06,SHORT,105.49,105.727,-243.11,-58.13,1
2020-10-06,2020-10-07,SHORT,105.687,105.66,-270.26,6.73,1
2020-10-07,2020-10-08,SHORT,105.62,105.985,-200.8,-73.72,1
2020-10-08,2020-10-09,LONG,105.985,105.998,221.96,2.42,1
2020-10-09,2020-10-12,LONG,106.038,105.612,217.09,-92.94,3
2020-10-12,2020-10-14,SHORT,105.612,105.49,-135.99,16.3,2
2020-10-14,2020-10-15,SHORT,105.45,105.159,-143.87,41.56,1
2020-10-15,2020-10-16,SHORT,105.119,105.38,-146.22,-38.47,1
2020-10-16,2020-10-20,SHORT,105.34,105.49,-148.5,-22.59,4
2020-10-20,2020-10-21,SHORT,105.45,105.497,-155.0,-7.61,1
2020-10-21,2020-10-22,SHORT,105.457,104.696,-135.37,102.73,1
2020-10-22,2020-10-23,SHORT,104.656,104.941,-285.95,-82.1,1
2020-10-23,2020-10-26,SHORT,104.901,104.703,-224.03,43.89,3
2020-10-26,2020-10-27,SHORT,104.663,104.852,-201.26,-38.46,1
2020-10-27,2020-10-28,SHORT,104.812,104.565,-126.67,31.02,1
2020-10-28,2020-10-29,SHORT,104.525,104.335,-188.85,35.49,1
2020-10-29,2020-10-30,SHORT,104.295,104.574,-169.69,-47.7,1
2020-10-30,2020-11-02,SHORT,104.534,104.6,-168.87,-11.5,3
2020-11-02,2020-11-03,SHORT,104.56,104.745,-179.52,-33.59,1
2020-11-03,2020-11-04,SHORT,104.705,104.566,-153.27,20.98,1
2020-11-04,2020-11-05,SHORT,104.526,104.458,-160.37,10.57,1
2020-11-05,2020-11-06,SHORT,104.418,103.623,-100.9,80.01,1
2020-11-06,2020-11-09,SHORT,103.583,103.273,-194.95,60.03,3
2020-11-09,2020-11-10,SHORT,103.233,105.157,-166.96,-321.59,1
2020-11-10,2020-11-11,SHORT,105.117,105.28,-67.62,-11.16,1
2020-11-11,2020-11-12,LONG,105.28,105.395,69.59,7.86,1
2020-11-12,2020-11-13,LONG,105.435,105.07,75.66,-27.78,1
2020-11-13,2020-11-16,SHORT,105.07,104.696,-67.29,25.02,3
2020-11-16,2020-11-19,SHORT,104.656,103.914,-65.84,48.72,3
2020-11-19,2020-11-20,SHORT,103.874,103.845,-65.94,1.78,1
2020-11-20,2020-11-23,SHORT,103.805,103.837,-66.9,-2.28,3
2020-11-23,2020-11-24,SHORT,103.797,104.545,-64.09,-48.07,1
2020-11-24,2020-11-25,SHORT,104.505,104.533,-65.23,-1.96,1
2020-11-25,2020-11-26,SHORT,104.493,104.42,-82.85,5.88,1
2020-11-26,2020-11-27,SHORT,104.38,104.262,-123.92,14.36,1
2020-11-27,2020-11-30,SHORT,104.222,104.102,-132.58,15.63,3
2020-11-30,2020-12-01,SHORT,104.062,104.319,-125.88,-32.61,1
2020-12-01,2020-12-02,SHORT,104.279,104.329,-108.49,-5.65,1
2020-12-02,2020-12-03,SHORT,104.289,104.478,-106.45,-20.34,1
2020-12-03,2020-12-04,SHORT,104.438,103.843,-148.68,88.16,1
2020-12-04,2020-12-07,SHORT,103.803,104.218,-106.02,-44.22,3
2020-12-07,2020-12-08,SHORT,104.178,104.018,-107.42,16.96,1
2020-12-08,2020-12-09,SHORT,103.978,104.155,-121.13,-21.69,1
2020-12-09,2020-12-10,SHORT,104.115,104.292,-119.44,-21.39,1
2020-12-10,2020-12-15,SHORT,104.252,104.03,-115.6,25.42,5
2020-12-15,2020-12-16,SHORT,103.99,103.654,-125.65,41.96,1
2020-12-16,2020-12-17,SHORT,103.614,103.495,-131.98,15.43,1
2020-12-17,2020-12-18,SHORT,103.455,103.151,-185.31,55.95,1
2020-12-18,2020-12-21,SHORT,103.111,103.477,-150.24,-55.3,3
2020-12-21,2020-12-22,SHORT,103.437,103.36,-158.97,11.91,1
2020-12-22,2020-12-23,SHORT,103.32,103.554,-148.55,-35.07,1
2020-12-23,2020-12-24,SHORT,103.514,103.572,-142.13,-8.54,1
2020-12-24,2020-12-25,SHORT,103.532,103.673,-193.12,-27.63,1
2020-12-25,2020-12-28,SHORT,103.633,103.553,-141.98,11.06,3
2020-12-28,2020-12-29,SHORT,103.513,103.709,-125.99,-24.96,1
2020-12-29,2020-12-30,SHORT,103.669,103.579,-125.53,11.04,1
2020-12-30,2020-12-31,SHORT,103.539,103.141,-120.59,47.75,1
2020-12-31,2021-01-01,SHORT,103.101,103.246,-118.91,-17.49,1
2021-01-01,2021-01-04,SHORT,103.206,103.259,-128.24,-7.06,3
2021-01-04,2021-01-05,SHORT,103.219,103.145,-126.96,9.13,1
2021-01-05,2021-01-06,SHORT,103.105,102.698,-130.4,52.8,1
2021-01-06,2021-01-07,SHORT,102.658,103.044,-268.17,-104.07,1
2021-01-07,2021-01-08,SHORT,103.004,103.81,-122.95,-99.35,1
2021-01-08,2021-01-11,SHORT,103.77,104.111,-110.13,-37.78,3
2021-01-11,2021-01-12,SHORT,104.071,104.148,-107.92,-8.53,1
2021-01-12,2021-01-13,SHORT,104.108,103.772,-108.79,36.33,1
2021-01-13,2021-01-14,SHORT,103.732,103.857,-104.54,-13.29,1
2021-01-14,2021-01-15,SHORT,103.817,103.848,-114.14,-3.78,1
2021-01-15,2021-01-18,SHORT,103.808,103.928,-106.08,-12.95,3
2021-01-18,2021-01-19,SHORT,103.888,103.723,-111.37,18.14,1
2021-01-19,2021-01-20,SHORT,103.683,103.917,-110.59,-26.11,1
2021-01-20,2021-01-21,SHORT,103.877,103.575,-227.58,68.26,1
2021-01-21,2021-01-22,SHORT,103.535,103.526,-106.1,0.74,1
2021-01-22,2021-01-25,SHORT,103.486,103.797,-108.03,-33.82,3
2021-01-25,2021-01-26,SHORT,103.757,103.78,-109.89,-2.76,1
2021-01-26,2021-01-27,SHORT,103.74,103.623,-118.35,13.6,1
2021-01-27,2021-01-28,SHORT,103.583,104.163,-130.75,-76.11,1
2021-01-28,2021-01-29,SHORT,104.123,104.311,-134.68,-25.6,1
2021-01-29,2021-02-01,SHORT,104.271,104.706,-130.72,-57.14,3
2021-02-01,2021-02-02,LONG,104.706,104.861,163.75,25.04,1
2021-02-02,2021-02-03,LONG,104.901,105.008,253.11,26.55,1
2021-02-03,2021-02-04,LONG,105.048,104.975,260.42,-19.56,1
2021-02-04,2021-02-05,LONG,105.015,105.552,369.93,197.87,1
2021-02-05,2021-02-08,LONG,105.592,105.38,392.1,-83.95,3
2021-02-08,2021-02-09,LONG,105.42,105.19,317.05,-73.59,1
2021-02-09,2021-02-10,LONG,105.23,104.555,249.3,-168.8,1
2021-02-10,2021-02-11,SHORT,104.555,104.635,-136.5,-11.21,1
2021-02-11,2021-02-12,SHORT,104.595,104.761,-108.53,-18.24,1
2021-02-12,2021-02-15,SHORT,104.721,105.079,-106.76,-38.44,3
2021-02-15,2021-02-16,LONG,105.079,105.367,101.77,29.1,1
2021-02-16,2021-02-17,LONG,105.407,106.083,99.11,66.79,1
2021-02-17,2021-02-18,LONG,106.123,105.841,136.61,-38.81,1
2021-02-18,2021-02-19,LONG,105.881,105.632,106.61,-26.77,1
2021-02-19,2021-02-23,LONG,105.672,104.964,103.94,-73.81,4
2021-02-23,2021-02-24,SHORT,104.964,105.303,-95.15,-32.46,1
2021-02-24,2021-02-25,LONG,105.303,105.924,89.29,55.26,1
2021-02-25,2021-02-26,LONG,105.964,106.359,130.07,51.1,1
2021-02-26,2021-03-01,LONG,106.399,106.483,143.12,11.72,3
2021-03-01,2021-03-02,LONG,106.523,106.831,139.53,42.68,1
2021-03-02,2021-03-03,LONG,106.871,106.738,145.97,-19.72,1
2021-03-03,2021-03-04,LONG,106.778,107.038,90.23,23.27,1
2021-03-04,2021-03-05,LONG,107.078,107.935,133.33,113.97,1
2021-03-05,2021-03-08,LONG,107.975,108.399,193.6,81.67,3
2021-03-08,2021-03-09,LONG,108.439,108.919,221.8,105.98,1
2021-03-09,2021-03-10,LONG,108.959,108.557,303.55,-122.69,1
2021-03-10,2021-03-11,LONG,108.597,108.412,246.27,-46.1,1
2021-03-11,2021-03-12,LONG,108.452,108.535,215.17,17.39,1
2021-03-12,2021-03-15,LONG,108.575,109.097,207.93,108.09,3
2021-03-15,2021-03-16,LONG,109.137,109.114,217.81,-5.48,1
2021-03-16,2021-03-17,LONG,109.154,109.009,220.66,-32.48,1
2021-03-17,2021-03-18,LONG,109.049,108.871,235.4,-42.41,1
2021-03-18,2021-03-19,LONG,108.911,108.911,204.02,-0.44,1
2021-03-19,2021-03-22,LONG,108.951,108.851,144.81,-14.8,3
2021-03-22,2021-03-23,LONG,108.891,108.756,92.99,-12.76,1
2021-03-23,2021-03-24,LONG,108.796,108.5,92.79,-27.67,1
2021-03-24,2021-03-25,SHORT,108.5,108.81,-96.76,-30.21,1
2021-03-25,2021-03-26,LONG,108.81,109.159,107.2,37.18,1
2021-03-26,2021-03-29,LONG,109.199,109.771,137.6,78.41,3
2021-03-29,2021-03-30,LONG,109.811,109.816,148.93,0.42,1
2021-03-30,2021-03-31,LONG,109.856,110.285,152.36,65.03,1
2021-03-31,2021-04-01,LONG,110.325,110.73,216.45,87.18,1
2021-04-01,2021-04-02,LONG,110.77,110.593,285.5,-51.17,1
2021-04-02,2021-04-05,LONG,110.633,110.657,262.4,5.72,3
2021-04-05,2021-04-06,LONG,110.697,110.173,272.52,-143.4,1
2021-04-06,2021-04-07,LONG,110.213,109.773,172.07,-76.09,1
2021-04-07,2021-04-08,SHORT,109.773,109.872,-147.48,-14.92,1
2021-04-08,2021-04-09,SHORT,109.832,109.35,-125.75,60.34,1
2021-04-09,2021-04-13,SHORT,109.31,109.394,-88.25,-7.61,4
2021-04-13,2021-04-14,SHORT,109.354,108.944,-85.83,35.0,1
2021-04-14,2021-04-15,SHORT,108.904,108.914,-147.09,-1.79,1
2021-04-15,2021-04-16,SHORT,108.874,108.709,-244.01,39.73,1
2021-04-16,2021-04-19,SHORT,108.669,108.739,-254.37,-18.36,3
2021-04-19,2021-04-20,SHORT,108.699,108.118,-258.52,149.64,1
2021-04-20,2021-04-21,SHORT,108.078,108.153,-276.08,-21.3,1
2021-04-21,2021-04-22,SHORT,108.113,108.059,-253.58,13.15,1
2021-04-22,2021-04-23,SHORT,108.019,107.998,-273.58,5.16,1
2021-04-23,2021-04-26,SHORT,107.958,107.894,-249.53,15.43,3
2021-04-26,2021-04-27,SHORT,107.854,108.222,-402.02,-148.82,1
2021-04-27,2021-04-28,SHORT,108.182,108.77,-254.09,-149.95,1
2021-04-28,2021-04-29,LONG,108.77,108.485,106.13,-30.48,1
2021-04-29,2021-04-30,SHORT,108.485,108.924,-105.4,-46.5,1
2021-04-30,2021-05-03,LONG,108.924,109.263,101.44,34.17,3
2021-05-03,2021-05-04,LONG,109.303,109.067,100.51,-23.94,1
2021-05-04,2021-05-05,LONG,109.107,109.309,169.8,33.93,1
2021-05-05,2021-05-06,LONG,109.349,109.199,187.98,-28.61,1
2021-05-06,2021-05-07,LONG,109.239,109.03,183.43,-38.74,1
2021-05-07,2021-05-10,LONG,109.07,108.552,156.55,-81.43,3
2021-05-10,2021-05-11,SHORT,108.552,108.864,-102.39,-32.17,1
2021-05-11,2021-05-12,SHORT,108.824,108.735,-99.85,8.67,1
2021-05-12,2021-05-13,SHORT,108.695,109.684,-94.32,-93.49,1
2021-05-13,2021-05-14,LONG,109.684,109.496,125.75,-23.92,1
2021-05-14,2021-05-17,LONG,109.536,109.392,91.05,-13.31,3
2021-05-17,2021-05-19,LONG,109.432,108.848,93.48,-54.8,2
2021-05-19,2021-05-20,SHORT,108.848,109.293,-96.97,-43.36,1
2021-05-20,2021-05-21,LONG,109.293,108.84,100.24,-45.63,1
2021-05-21,2021-05-24,SHORT,108.84,108.939,-101.62,-10.28,3
2021-05-24,2021-05-25,SHORT,108.899,108.871,-103.42,2.67,1
2021-05-25,2021-05-27,SHORT,108.831,109.19,-102.18,-36.91,2
2021-05-27,2021-05-28,LONG,109.19,109.789,100.33,59.88,1
2021-05-28,2021-05-31,LONG,109.829,109.887,94.26,5.26,3
2021-05-31,2021-06-01,LONG,109.927,109.473,94.53,-43.12,1
2021-06-01,2021-06-02,LONG,109.513,109.473,97.63,-4.12,1
2021-06-02,2021-06-03,LONG,109.513,109.575,105.55,6.31,1
2021-06-03,2021-06-04,LONG,109.615,110.246,100.83,63.4,1
2021-06-04,2021-06-07,LONG,110.286,109.597,217.19,-150.12,3
2021-06-07,2021-06-08,LONG,109.637,109.254,89.92,-34.64,1
2021-06-08,2021-06-09,LONG,109.294,109.449,93.04,14.22,1
2021-06-09,2021-06-10,LONG,109.489,109.59,94.36,9.32,1
2021-06-10,2021-06-11,LONG,109.63,109.389,97.72,-23.76,1
2021-06-11,2021-06-14,LONG,109.429,109.689,95.21,24.55,3
2021-06-14,2021-06-15,LONG,109.729,110.021,94.1,27.27,1
2021-06-15,2021-06-16,LONG,110.061,110.064,93.74,0.07,1
2021-06-16,2021-06-17,LONG,110.104,110.75,101.68,65.46,1
2021-06-17,2021-06-18,LONG,110.79,110.305,139.2,-67.82,1
2021-06-18,2021-06-21,LONG,110.345,110.181,102.06,-16.96,3
2021-06-21,2021-06-22,LONG,110.221,110.354,101.81,13.32,1
2021-06-22,2021-06-23,LONG,110.394,110.634,166.04,39.48,1
2021-06-23,2021-06-24,LONG,110.674,110.992,175.47,55.41,1
2021-06-24,2021-06-25,LONG,111.032,110.901,204.77,-27.28,1
2021-06-25,2021-06-28,LONG,110.941,110.802,246.2,-34.77,3
2021-06-28,2021-06-29,LONG,110.842,110.583,193.59,-50.57,1
2021-06-29,2021-06-30,LONG,110.623,110.515,114.64,-12.63,1
2021-06-30,2021-07-01,LONG,110.555,111.104,110.44,60.38,1
2021-07-01,2021-07-02,LONG,111.144,111.552,102.96,41.78,1
2021-07-02,2021-07-05,LONG,111.592,111.115,211.3,-101.26,3
2021-07-05,2021-07-06,LONG,111.155,110.896,134.83,-35.22,1
2021-07-06,2021-07-07,LONG,110.936,110.582,96.42,-34.34,1
2021-07-07,2021-07-08,LONG,110.622,110.615,98.78,-0.91,1
2021-07-08,2021-07-09,LONG,110.655,109.781,95.86,-83.99,1
2021-07-09,2021-07-12,SHORT,109.781,110.235,-127.58,-58.2,3
2021-07-12,2021-07-13,SHORT,110.195,110.345,-92.71,-14.11,1
2021-07-13,2021-07-14,SHORT,110.305,110.615,-96.55,-30.14,1
2021-07-14,2021-07-15,LONG,110.615,109.964,93.65,-61.17,1
2021-07-15,2021-07-16,SHORT,109.964,109.798,-111.33,18.24,1
2021-07-16,2021-07-19,SHORT,109.758,109.894,-184.85,-25.55,3
2021-07-19,2021-07-20,SHORT,109.854,109.554,-136.2,40.56,1
2021-07-20,2021-07-21,SHORT,109.514,109.94,-144.02,-61.67,1
2021-07-21,2021-07-22,SHORT,109.9,110.275,-86.01,-32.44,1
2021-07-22,2021-07-23,SHORT,110.235,110.16,-86.86,6.32,1
2021-07-23,2021-07-26,SHORT,110.12,110.564,-89.66,-40.01,3
2021-07-26,2021-07-27,LONG,110.564,110.282,91.08,-25.88,1
2021-07-27,2021-07-28,SHORT,110.282,109.826,-87.25,39.59,1
2021-07-28,2021-07-29,SHORT,109.786,109.911,-92.35,-11.75,1
2021-07-29,2021-07-30,SHORT,109.871,109.429,-97.07,42.69,1
2021-07-30,2021-08-02,SHORT,109.389,109.726,-97.86,-33.2,3
2021-08-02,2021-08-04,SHORT,109.686,109.011,-95.6,64.32,2
2021-08-04,2021-08-05,SHORT,108.971,109.549,-110.24,-63.96,1
2021-08-05,2021-08-06,SHORT,109.509,109.772,-92.08,-24.42,1
2021-08-06,2021-08-09,SHORT,109.732,110.279,-93.27,-51.23,3
2021-08-09,2021-08-10,SHORT,110.239,110.326,-93.8,-8.37,1
2021-08-10,2021-08-11,LONG,110.326,110.578,99.51,24.86,1
2021-08-11,2021-08-12,LONG,110.618,110.354,98.76,-26.29,1
2021-08-12,2021-08-13,LONG,110.394,110.383,100.89,-1.33,1
2021-08-13,2021-08-16,LONG,110.423,109.604,135.39,-111.18,3
2021-08-16,2021-08-18,SHORT,109.604,109.557,-93.58,4.19,2
2021-08-18,2021-08-19,SHORT,109.517,109.862,-91.73,-31.85,1
2021-08-19,2021-08-20,SHORT,109.822,109.788,-89.8,2.86,1
2021-08-20,2021-08-23,SHORT,109.748,109.86,-92.15,-10.52,3
2021-08-23,2021-08-24,SHORT,109.82,109.698,-96.51,11.56,1
2021-08-24,2021-08-25,SHORT,109.658,109.75,-102.22,-9.63,1
2021-08-25,2021-08-26,SHORT,109.71,109.996,-163.4,-47.09,1
2021-08-26,2021-08-27,SHORT,109.956,110.068,-110.96,-12.67,1
2021-08-27,2021-08-30,SHORT,110.028,109.885,-112.97,15.91,3
2021-08-30,2021-08-31,SHORT,109.845,109.964,-112.78,-13.67,1
2021-08-31,2021-09-01,SHORT,109.924,110.076,-197.36,-30.43,1
2021-09-01,2021-09-02,SHORT,110.036,110.116,-167.65,-13.78,1
2021-09-02,2021-09-03,SHORT,110.076,109.965,-117.82,12.82,1
2021-09-03,2021-09-06,SHORT,109.925,109.784,-132.58,18.4,3
2021-09-06,2021-09-07,SHORT,109.744,109.84,-139.49,-13.7,1
2021-09-07,2021-09-08,SHORT,109.8,110.316,-141.39,-73.27,1
2021-09-08,2021-09-09,LONG,110.316,110.198,203.55,-24.47,1
2021-09-09,2021-09-10,LONG,110.238,109.761,137.9,-66.08,1
2021-09-10,2021-09-13,SHORT,109.761,109.935,-135.34,-23.85,3
2021-09-13,2021-09-15,SHORT,109.895,109.739,-137.03,21.08,2
2021-09-15,2021-09-16,SHORT,109.699,109.403,-126.96,37.3,1
2021-09-16,2021-09-17,SHORT,109.363,109.719,-159.96,-57.3,1
2021-09-17,2021-09-20,SHORT,109.679,109.991,-117.45,-36.9,3
2021-09-20,2021-09-21,SHORT,109.951,109.457,-115.13,56.62,1
2021-09-21,2021-09-22,SHORT,109.417,109.169,-111.4,27.38,1
2021-09-22,2021-09-23,SHORT,109.129,109.842,-178.21,-127.46,1
2021-09-23,2021-09-24,SHORT,109.802,110.346,-99.52,-54.36,1
2021-09-24,2021-09-27,LONG,110.346,110.744,91.6,36.25,3
2021-09-27,2021-09-28,LONG,110.784,110.944,90.05,14.21,1
2021-09-28,2021-09-29,LONG,110.984,111.508,88.78,46.32,1
2021-09-29,2021-09-30,LONG,111.548,111.916,147.8,54.06,1
2021-09-30,2021-10-01,LONG,111.956,111.441,202.46,-104.72,1
2021-10-01,2021-10-04,LONG,111.481,110.927,126.26,-70.23,3
2021-10-04,2021-10-05,LONG,110.967,110.948,77.24,-1.64,1
2021-10-05,2021-10-06,LONG,110.988,111.467,118.0,56.26,1
2021-10-06,2021-10-07,LONG,111.507,111.393,167.67,-19.49,1
2021-10-07,2021-10-08,LONG,111.433,111.642,137.31,28.39,1
2021-10-08,2021-10-11,LONG,111.682,112.25,121.99,69.02,3
2021-10-11,2021-10-12,LONG,112.29,113.368,120.61,129.74,1
2021-10-12,2021-10-13,LONG,113.408,113.499,143.07,12.69,1
2021-10-13,2021-10-14,LONG,113.539,113.281,135.34,-35.22,1
2021-10-14,2021-10-15,LONG,113.321,113.814,101.3,49.71,1
2021-10-15,2021-10-18,LONG,113.854,114.304,167.69,75.08,3
2021-10-18,2021-10-19,LONG,114.344,114.265,245.84,-19.98,1
2021-10-19,2021-10-20,LONG,114.305,114.523,250.74,54.09,1
2021-10-20,2021-10-21,LONG,114.563,114.369,249.94,-49.06,1
2021-10-21,2021-10-22,LONG,114.409,113.83,241.34,-140.29,1
2021-10-22,2021-10-25,SHORT,113.83,113.684,-160.64,23.09,3
2021-10-25,2021-10-26,SHORT,113.644,113.785,-117.0,-16.76,1
2021-10-26,2021-10-27,SHORT,113.745,114.208,-78.11,-36.35,1
2021-10-27,2021-10-28,LONG,114.208,113.756,74.64,-33.91,1
2021-10-28,2021-10-29,SHORT,113.756,113.636,-73.48,8.65,1
2021-10-29,2021-11-01,SHORT,113.596,114.256,-80.76,-53.48,3
2021-11-01,2021-11-03,LONG,114.256,113.942,86.37,-27.32,2
2021-11-03,2021-11-04,LONG,113.982,114.05,84.4,5.55,1
2021-11-04,2021-11-05,LONG,114.09,113.817,87.94,-24.21,1
2021-11-05,2021-11-09,SHORT,113.817,113.274,-87.53,47.33,4
2021-11-09,2021-11-10,SHORT,113.234,112.932,-83.35,24.98,1
2021-11-10,2021-11-11,SHORT,112.892,113.925,-151.43,-156.78,1
2021-11-11,2021-11-12,LONG,113.925,114.023,78.23,7.49,1
2021-11-12,2021-11-15,LONG,114.063,113.961,77.37,-8.07,3
2021-11-15,2021-11-17,LONG,114.001,114.884,79.94,70.4,2
2021-11-17,2021-11-18,LONG,114.924,114.17,91.55,-69.24,1
2021-11-18,2021-11-19,LONG,114.21,114.262,79.5,3.95,1
2021-11-19,2021-11-22,LONG,114.302,114.118,78.77,-14.67,3
2021-11-22,2021-11-23,LONG,114.158,114.77,78.61,47.93,1
2021-11-23,2021-11-24,LONG,114.81,115.121,112.87,34.84,1
2021-11-24,2021-11-25,LONG,115.161,115.388,164.42,36.94,1
2021-11-25,2021-11-26,LONG,115.428,115.049,139.36,-53.14,1
2021-11-26,2021-11-29,LONG,115.089,113.699,78.15,-108.8,3
2021-11-29,2021-12-01,SHORT,113.699,113.319,-61.01,23.05,2
2021-12-01,2021-12-02,SHORT,113.279,112.902,-87.14,32.65,1
2021-12-02,2021-12-03,SHORT,112.862,113.042,-75.71,-13.8,1
2021-12-03,2021-12-06,SHORT,113.002,113.062,-69.75,-4.34,3
2021-12-06,2021-12-07,SHORT,113.022,113.478,-62.59,-28.68,1
2021-12-07,2021-12-08,SHORT,113.438,113.545,-81.08,-8.86,1
2021-12-08,2021-12-09,SHORT,113.505,113.704,-109.29,-22.0,1
2021-12-09,2021-12-10,SHORT,113.664,113.468,-123.69,23.96,1
2021-12-10,2021-12-13,SHORT,113.428,113.521,-122.08,-11.63,3
2021-12-13,2021-12-14,SHORT,113.481,113.597,-67.36,-7.97,1
2021-12-14,2021-12-15,SHORT,113.557,113.763,-69.44,-14.46,1
2021-12-15,2021-12-16,SHORT,113.723,114.156,-70.31,-30.6,1
2021-12-16,2021-12-17,SHORT,114.116,113.683,-233.45,100.55,1
2021-12-17,2021-12-20,SHORT,113.643,113.538,-111.45,11.45,3
2021-12-20,2021-12-21,SHORT,113.498,113.682,-100.06,-18.64,1
2021-12-21,2021-12-22,SHORT,113.642,114.014,-104.83,-39.24,1
2021-12-22,2021-12-23,SHORT,113.974,114.141,-103.39,-17.5,1
2021-12-23,2021-12-24,LONG,114.141,114.438,107.31,31.63,1
2021-12-24,2021-12-27,LONG,114.478,114.313,199.33,-33.34,3
2021-12-27,2021-12-28,LONG,114.353,114.772,162.18,67.58,1
2021-12-28,2021-12-29,LONG,114.812,114.753,203.67,-12.48,1
2021-12-29,2021-12-30,LONG,114.793,114.928,186.65,24.77,1
2021-12-30,2021-12-31,LONG,114.968,115.043,163.72,11.9,1
2021-12-31,2022-01-03,LONG,115.083,115.122,337.75,12.39,3
2022-01-03,2022-01-04,LONG,115.162,115.308,401.08,57.64,1
2022-01-04,2022-01-05,LONG,115.348,116.154,358.81,288.37,1
2022-01-05,2022-01-06,LONG,116.194,116.108,363.67,-32.12,1
2022-01-06,2022-01-07,LONG,116.148,115.845,366.44,-111.88,1
2022-01-07,2022-01-10,LONG,115.885,115.598,258.4,-74.76,3
2022-01-10,2022-01-11,SHORT,115.598,115.298,-218.99,65.19,1
2022-01-11,2022-01-12,SHORT,115.258,115.351,-105.99,-10.1,1
2022-01-12,2022-01-13,SHORT,115.311,114.695,-102.15,62.69,1
2022-01-13,2022-01-14,SHORT,114.655,114.138,-91.81,47.26,1
2022-01-14,2022-01-17,SHORT,114.098,114.326,-99.76,-22.97,3
2022-01-17,2022-01-18,SHORT,114.286,114.591,-87.08,-26.76,1
2022-01-18,2022-01-19,SHORT,114.551,114.574,-83.86,-2.12,1
2022-01-19,2022-01-20,SHORT,114.534,114.367,-204.03,33.61,1
2022-01-20,2022-01-21,SHORT,114.327,114.013,-204.84,63.85,1
2022-01-21,2022-01-24,SHORT,113.973,113.805,-202.22,33.51,3
2022-01-24,2022-01-25,SHORT,113.765,114.031,-214.57,-57.56,1
2022-01-25,2022-01-26,SHORT,113.991,113.895,-161.27,15.11,1
2022-01-26,2022-01-27,SHORT,113.855,114.741,-178.74,-158.77,1
2022-01-27,2022-01-28,SHORT,114.701,115.372,-77.6,-52.25,1
2022-01-28,2022-01-31,LONG,115.372,115.242,122.85,-16.25,3
2022-01-31,2022-02-01,LONG,115.282,115.101,99.52,-18.24,1
2022-02-01,2022-02-02,LONG,115.141,114.716,77.89,-33.28,1
2022-02-02,2022-02-04,SHORT,114.716,114.977,-80.8,-21.27,2
2022-02-04,2022-02-07,SHORT,114.937,115.244,-86.71,-26.82,3
2022-02-07,2022-02-08,LONG,115.244,115.043,130.68,-26.57,1
2022-02-08,2022-02-09,LONG,115.083,115.511,97.16,41.36,1
2022-02-09,2022-02-10,LONG,115.551,115.582,140.88,4.04,1
2022-02-10,2022-02-11,LONG,115.622,116.027,92.42,37.22,1
2022-02-11,2022-02-14,LONG,116.067,115.564,82.01,-41.44,3
2022-02-14,2022-02-15,LONG,115.604,115.516,77.71,-7.02,1
2022-02-15,2022-02-16,LONG,115.556,115.615,77.53,4.39,1
2022-02-16,2022-02-17,LONG,115.655,115.367,106.5,-30.92,1
2022-02-17,2022-02-18,LONG,115.407,114.846,125.7,-70.81,1
2022-02-18,2022-02-21,SHORT,114.846,114.981,-87.0,-11.94,3
2022-02-21,2022-02-22,SHORT,114.941,114.629,-90.61,28.06,1
2022-02-22,2022-02-23,SHORT,114.589,115.116,-92.9,-49.17,1
2022-02-23,2022-02-24,SHORT,115.076,114.918,-93.49,14.56,1
2022-02-24,2022-02-25,SHORT,114.878,115.591,-91.8,-65.67,1
2022-02-25,2022-02-28,LONG,115.591,115.565,88.95,-2.52,3
2022-02-28,2022-03-01,LONG,115.605,115.058,88.93,-48.85,1
2022-03-01,2022-03-02,SHORT,115.058,114.853,-85.69,17.37,1
2022-03-02,2022-03-03,SHORT,114.813,115.539,-85.32,-62.14,1
2022-03-03,2022-03-04,LONG,115.539,115.454,81.84,-7.15,1
2022-03-04,2022-03-07,LONG,115.494,114.93,83.01,-47.01,3
2022-03-07,2022-03-08,SHORT,114.93,115.393,-82.77,-38.51,1
2022-03-08,2022-03-09,LONG,115.393,115.702,79.22,24.3,1
2022-03-09,2022-03-10,LONG,115.742,115.889,80.84,11.7,1
2022-03-10,2022-03-11,LONG,115.929,116.159,90.68,20.65,1
2022-03-11,2022-03-14,LONG,116.199,117.509,74.97,98.03,3
2022-03-14,2022-03-15,LONG,117.549,118.198,115.22,74.5,1
2022-03-15,2022-03-16,LONG,118.238,118.272,174.61,5.52,1
2022-03-16,2022-03-17,LONG,118.312,118.85,214.52,114.9,1
2022-03-17,2022-03-18,LONG,118.89,118.466,213.82,-91.17,1
2022-03-18,2022-03-21,LONG,118.506,119.243,173.18,127.22,3
2022-03-21,2022-03-22,LONG,119.283,119.574,237.42,68.52,1
2022-03-22,2022-03-23,LONG,119.614,121.32,221.7,377.68,1
2022-03-23,2022-03-24,LONG,121.36,121.107,219.71,-56.12,1
2022-03-24,2022-03-25,LONG,121.147,122.326,199.46,234.67,1
2022-03-25,2022-03-28,LONG,122.366,122.25,197.87,-23.44,3
2022-03-28,2022-03-29,LONG,122.29,123.64,160.78,216.65,1
2022-03-29,2022-03-30,LONG,123.68,123.105,151.66,-87.58,1
2022-03-30,2022-03-31,LONG,123.145,122.001,114.05,-130.75,1
2022-03-31,2022-04-01,SHORT,122.001,121.776,-67.19,14.95,1
2022-04-01,2022-04-04,SHORT,121.736,122.63,-73.06,-65.5,3
2022-04-04,2022-04-05,LONG,122.63,122.789,72.96,11.42,1
2022-04-05,2022-04-06,LONG,122.829,123.636,68.76,55.32,1
2022-04-06,2022-04-07,LONG,123.676,123.703,54.85,1.35,1
2022-04-07,2022-04-08,LONG,123.743,124.076,64.1,21.19,1
2022-04-08,2022-04-11,LONG,124.116,124.365,49.26,12.14,3
2022-04-11,2022-04-12,LONG,124.405,125.452,57.54,60.1,1
2022-04-12,2022-04-13,LONG,125.492,125.396,52.88,-5.21,1
2022-04-13,2022-04-14,LONG,125.436,125.357,73.79,-6.01,1
2022-04-14,2022-04-15,LONG,125.397,126.159,138.78,105.4,1
2022-04-15,2022-04-18,LONG,126.199,126.598,175.89,69.73,3
2022-04-18,2022-04-19,LONG,126.638,127.078,191.2,83.64,1
2022-04-19,2022-04-20,LONG,127.118,129.313,193.24,423.65,1
2022-04-20,2022-04-21,LONG,129.353,127.993,191.95,-261.55,1
2022-04-21,2022-04-22,LONG,128.033,128.388,117.2,41.31,1
2022-04-22,2022-04-25,LONG,128.428,128.585,117.01,18.07,3
2022-04-25,2022-04-26,LONG,128.625,127.724,114.64,-103.58,1
2022-04-26,2022-04-27,SHORT,127.724,127.286,-62.5,27.21,1
2022-04-27,2022-04-28,SHORT,127.246,128.414,-45.87,-53.69,1
2022-04-28,2022-04-29,LONG,128.414,130.791,56.18,133.39,1
2022-04-29,2022-05-02,LONG,130.831,129.991,70.07,-59.04,3
2022-05-02,2022-05-03,LONG,130.031,130.092,49.83,2.91,1
2022-05-03,2022-05-04,LONG,130.132,130.096,46.7,-1.8,1
2022-05-04,2022-05-05,LONG,130.136,129.203,39.29,-36.75,1
2022-05-05,2022-05-06,LONG,129.243,130.31,38.62,41.1,1
2022-05-06,2022-05-09,LONG,130.35,130.729,37.03,13.94,3
2022-05-09,2022-05-10,LONG,130.769,130.357,40.57,-16.82,1
2022-05-10,2022-05-11,LONG,130.397,130.331,56.38,-3.87,1
2022-05-11,2022-05-12,LONG,130.371,129.815,71.3,-39.83,1
2022-05-12,2022-05-13,LONG,129.855,128.568,39.07,-50.38,1
2022-05-13,2022-05-16,SHORT,128.568,129.452,-62.78,-55.66,3
2022-05-16,2022-05-17,LONG,129.452,128.903,39.66,-21.87,1
2022-05-17,2022-05-18,SHORT,128.903,129.474,-40.4,-23.17,1
2022-05-18,2022-05-19,LONG,129.474,127.894,46.13,-73.01,1
2022-05-19,2022-05-20,SHORT,127.894,127.852,-46.04,1.82,1
2022-05-20,2022-05-23,SHORT,127.812,127.923,-77.46,-8.8,3
2022-05-23,2022-05-24,SHORT,127.883,127.866,-92.54,1.34,1
2022-05-24,2022-05-25,SHORT,127.826,126.789,-81.46,84.27,1
2022-05-25,2022-05-26,SHORT,126.749,127.172,-99.2,-42.22,1
2022-05-26,2022-05-27,SHORT,127.132,127.065,-78.22,5.04,1
2022-05-27,2022-05-30,SHORT,127.025,127.305,-56.82,-16.05,3
2022-05-30,2022-05-31,SHORT,127.265,127.804,-89.4,-48.42,1
2022-05-31,2022-06-01,SHORT,127.764,128.756,-46.71,-46.45,1
2022-06-01,2022-06-02,LONG,128.756,130.102,47.8,64.21,1
2022-06-02,2022-06-03,LONG,130.142,129.898,87.2,-21.5,1
2022-06-03,2022-06-06,LONG,129.938,130.687,79.17,59.09,3
2022-06-06,2022-06-07,LONG,130.727,132.156,88.94,126.87,1
2022-06-07,2022-06-08,LONG,132.196,132.827,104.98,65.96,1
2022-06-08,2022-06-09,LONG,132.867,134.41,157.81,243.07,1
2022-06-09,2022-06-10,LONG,134.45,134.398,153.58,-8.4,1
2022-06-10,2022-06-13,LONG,134.438,134.794,155.38,54.89,3
2022-06-13,2022-06-14,LONG,134.834,134.205,156.54,-98.88,1
2022-06-14,2022-06-15,LONG,134.245,135.274,132.81,136.3,1
2022-06-15,2022-06-16,LONG,135.314,134.095,133.21,-162.74,1
2022-06-16,2022-06-17,SHORT,134.095,132.441,-71.86,118.67,1
2022-06-17,2022-06-20,SHORT,132.401,135.296,-34.73,-100.64,3
2022-06-20,2022-06-21,LONG,135.296,135.067,49.3,-11.42,1
2022-06-21,2022-06-22,LONG,135.107,136.249,36.58,41.68,1
2022-06-22,2022-06-23,LONG,136.289,136.004,40.9,-11.77,1
2022-06-23,2022-06-24,LONG,136.044,134.82,31.29,-38.39,1
2022-06-24,2022-06-28,LONG,134.86,135.415,31.39,17.33,4
2022-06-28,2022-06-29,LONG,135.455,136.027,34.26,19.5,1
2022-06-29,2022-06-30,LONG,136.067,136.569,34.47,17.21,1
2022-06-30,2022-07-01,LONG,136.609,135.766,37.41,-31.64,1
2022-07-01,2022-07-04,LONG,135.806,135.023,55.82,-43.86,3
2022-07-04,2022-07-05,LONG,135.063,135.82,34.12,25.73,1
2022-07-05,2022-07-06,LONG,135.86,135.501,33.81,-12.23,1
2022-07-06,2022-07-07,LONG,135.541,135.946,37.91,15.25,1
2022-07-07,2022-07-08,LONG,135.986,135.893,42.69,-4.09,1
2022-07-08,2022-07-11,LONG,135.933,136.281,46.88,16.19,3
2022-07-11,2022-07-12,LONG,136.321,137.368,45.78,47.8,1
2022-07-12,2022-07-13,LONG,137.408,136.706,62.86,-44.3,1
2022-07-13,2022-07-14,LONG,136.746,137.608,48.77,41.91,1
2022-07-14,2022-07-15,LONG,137.648,138.947,46.21,59.9,1
2022-07-15,2022-07-18,LONG,138.987,138.294,85.38,-59.41,3
2022-07-18,2022-07-19,LONG,138.334,138.209,89.68,-11.46,1
2022-07-19,2022-07-20,LONG,138.249,138.171,75.58,-6.1,1
2022-07-20,2022-07-21,LONG,138.211,138.375,91.96,14.83,1
2022-07-21,2022-07-22,LONG,138.415,137.078,90.73,-121.56,1
2022-07-22,2022-07-25,LONG,137.118,136.292,45.57,-37.77,3
2022-07-25,2022-07-26,SHORT,136.292,136.451,-45.88,-7.42,1
2022-07-26,2022-07-27,SHORT,136.411,136.99,-46.98,-27.33,1
2022-07-27,2022-07-28,LONG,136.99,136.091,46.38,-41.82,1
2022-07-28,2022-07-29,SHORT,136.091,134.417,-44.11,73.71,1
2022-07-29,2022-08-01,SHORT,134.377,133.427,-115.17,109.11,3
2022-08-01,2022-08-02,SHORT,133.387,131.592,-109.68,196.58,1
2022-08-02,2022-08-03,SHORT,131.552,133.399,-109.48,-202.51,1
2022-08-03,2022-08-04,SHORT,133.359,133.982,-64.29,-40.23,1
2022-08-04,2022-08-05,SHORT,133.942,132.641,-57.34,74.45,1
2022-08-05,2022-08-08,SHORT,132.601,135.077,-53.93,-133.67,3
2022-08-08,2022-08-09,LONG,135.077,134.82,29.67,-7.71,1
2022-08-09,2022-08-10,SHORT,134.82,135.207,-29.64,-11.55,1
2022-08-10,2022-08-11,LONG,135.207,132.81,27.64,-66.33,1
2022-08-11,2022-08-12,SHORT,132.81,133.014,-27.08,-5.6,1
2022-08-12,2022-08-15,SHORT,132.974,133.308,-27.18,-9.15,3
2022-08-15,2022-08-16,SHORT,133.268,133.163,-26.83,2.75,1
2022-08-16,2022-08-17,SHORT,133.123,134.297,-26.2,-30.83,1
2022-08-17,2022-08-18,SHORT,134.257,134.964,-26.4,-18.74,1
2022-08-18,2022-08-19,LONG,134.964,135.775,28.52,23.05,1
2022-08-19,2022-08-22,LONG,135.815,137.021,42.81,51.51,3
2022-08-22,2022-08-23,LONG,137.061,137.526,32.31,14.94,1
2022-08-23,2022-08-24,LONG,137.566,136.713,44.22,-37.84,1
2022-08-24,2022-08-25,LONG,136.753,137.061,31.44,9.6,1
2022-08-25,2022-08-26,LONG,137.101,136.543,93.59,-52.48,1
2022-08-26,2022-08-29,LONG,136.583,137.5,80.0,73.14,3
2022-08-29,2022-08-30,LONG,137.54,138.576,79.62,82.27,1
2022-08-30,2022-08-31,LONG,138.616,138.714,97.48,9.28,1
2022-08-31,2022-09-01,LONG,138.754,139.276,103.01,53.49,1
2022-09-01,2022-09-02,LONG,139.316,140.061,100.07,74.27,1
2022-09-02,2022-09-05,LONG,140.101,140.467,97.15,35.28,3
2022-09-05,2022-09-06,LONG,140.507,140.41,93.68,-9.35,1
2022-09-06,2022-09-07,LONG,140.45,143.131,83.11,222.58,1
2022-09-07,2022-09-08,LONG,143.171,144.108,119.61,111.73,1
2022-09-08,2022-09-09,LONG,144.148,143.836,126.16,-39.72,1
2022-09-09,2022-09-12,LONG,143.876,142.576,130.26,-169.71,3
2022-09-12,2022-09-13,LONG,142.616,142.565,87.79,-4.73,1
2022-09-13,2022-09-14,LONG,142.605,144.384,74.8,132.85,1
2022-09-14,2022-09-15,LONG,144.424,142.903,81.89,-124.79,1
2022-09-15,2022-09-16,LONG,142.943,143.345,46.69,18.63,1
2022-09-16,2022-09-19,LONG,143.385,142.745,46.59,-29.95,3
2022-09-19,2022-09-20,SHORT,142.745,143.243,-34.28,-17.17,1
2022-09-20,2022-09-21,LONG,143.243,143.582,37.33,12.55,1
2022-09-21,2022-09-23,LONG,143.622,142.26,34.25,-46.75,2
2022-09-23,2022-09-26,SHORT,142.26,143.531,-27.69,-35.27,3
2022-09-26,2022-09-27,LONG,143.531,144.439,28.13,25.46,1
2022-09-27,2022-09-28,LONG,144.479,144.671,31.45,5.95,1
2022-09-28,2022-09-29,LONG,144.711,144.378,32.25,-10.83,1
2022-09-29,2022-09-30,LONG,144.418,144.411,34.91,-0.35,1
2022-09-30,2022-10-03,LONG,144.451,144.796,36.43,12.46,3
2022-10-03,2022-10-04,LONG,144.836,144.499,47.92,-16.29,1
2022-10-04,2022-10-05,LONG,144.539,143.767,42.38,-32.84,1
2022-10-05,2022-10-07,LONG,143.807,145.019,42.7,51.63,2
2022-10-07,2022-10-10,LONG,145.059,145.462,85.27,34.12,3
2022-10-10,2022-10-11,LONG,145.502,145.654,72.62,10.83,1
2022-10-11,2022-10-12,LONG,145.694,145.85,55.18,8.45,1
2022-10-12,2022-10-13,LONG,145.89,146.717,68.66,56.58,1
2022-10-13,2022-10-14,LONG,146.757,147.273,125.03,64.15,1
2022-10-14,2022-10-17,LONG,147.313,148.612,141.22,183.03,3
2022-10-17,2022-10-18,LONG,148.652,148.951,155.38,45.99,1
2022-10-18,2022-10-19,LONG,148.991,149.189,180.36,35.18,1
2022-10-19,2022-10-24,LONG,149.229,147.799,236.03,-338.21,5
2022-10-24,2022-10-25,SHORT,147.799,148.907,-54.01,-60.0,1
2022-10-25,2022-10-26,SHORT,148.867,148.0,-65.5,56.59,1
2022-10-26,2022-10-27,SHORT,147.96,146.154,-38.41,69.26,1
2022-10-27,2022-10-28,SHORT,146.114,146.294,-35.41,-6.48,1
2022-10-28,2022-10-31,SHORT,146.254,147.832,-33.96,-53.69,3
2022-10-31,2022-11-02,SHORT,147.792,147.935,-31.22,-4.56,2
2022-11-02,2022-11-03,SHORT,147.895,147.912,-30.47,-0.61,1
2022-11-03,2022-11-04,SHORT,147.872,148.413,-30.94,-16.83,1
2022-11-04,2022-11-07,SHORT,148.373,146.861,-30.69,46.32,3
2022-11-07,2022-11-08,SHORT,146.821,146.644,-29.05,5.06,1
2022-11-08,2022-11-09,SHORT,146.604,145.315,-30.23,38.87,1
2022-11-09,2022-11-10,SHORT,145.275,146.229,-33.5,-32.06,1
2022-11-10,2022-11-11,SHORT,146.189,141.754,-28.24,125.17,1
2022-11-11,2022-11-14,SHORT,141.714,139.573,-36.0,76.98,3
2022-11-14,2022-11-15,SHORT,139.533,140.135,-59.94,-36.25,1
2022-11-15,2022-11-16,SHORT,140.095,138.985,-63.83,70.67,1
2022-11-16,2022-11-17,SHORT,138.945,139.342,-67.24,-26.88,1
2022-11-17,2022-11-18,SHORT,139.302,140.432,-62.75,-71.08,1
2022-11-18,2022-11-21,SHORT,140.392,140.273,-58.17,6.76,3
2022-11-21,2022-11-22,SHORT,140.233,142.118,-53.4,-100.82,1
2022-11-22,2022-11-23,SHORT,142.078,141.175,-32.28,29.06,1
2022-11-23,2022-11-24,SHORT,141.135,139.298,-29.37,53.87,1
2022-11-24,2022-11-25,SHORT,139.258,138.623,-44.44,28.09,1
2022-11-25,2022-11-28,SHORT,138.583,139.12,-27.94,-15.08,3
2022-11-28,2022-11-29,SHORT,139.08,138.739,-23.98,8.11,1
2022-11-29,2022-11-30,SHORT,138.699,138.765,-23.96,-1.65,1
2022-11-30,2022-12-01,SHORT,138.725,137.379,-26.52,35.62,1
2022-12-01,2022-12-02,SHORT,137.339,135.17,-30.35,65.75,1
2022-12-02,2022-12-05,SHORT,135.13,134.495,-62.2,39.33,3
2022-12-05,2022-12-06,SHORT,134.455,136.672,-65.72,-145.89,1
2022-12-06,2022-12-07,SHORT,136.632,136.906,-56.86,-15.73,1
2022-12-07,2022-12-08,SHORT,136.866,136.401,-48.28,22.32,1
2022-12-08,2022-12-09,SHORT,136.361,136.634,-38.19,-10.53,1
2022-12-09,2022-12-12,SHORT,136.594,136.732,-29.43,-4.14,3
2022-12-12,2022-12-13,SHORT,136.692,137.524,-36.69,-30.63,1
2022-12-13,2022-12-14,SHORT,137.484,135.604,-29.65,55.65,1
2022-12-14,2022-12-15,SHORT,135.564,135.368,-36.99,7.15,1
2022-12-15,2022-12-16,SHORT,135.328,137.771,-28.52,-69.74,1
2022-12-16,2022-12-19,SHORT,137.731,136.71,-31.44,32.01,3
2022-12-19,2022-12-20,SHORT,136.67,137.015,-27.55,-9.58,1
2022-12-20,2022-12-21,SHORT,136.975,131.912,-23.85,120.68,1
2022-12-21,2022-12-22,SHORT,131.872,132.39,-35.52,-18.49,1
2022-12-22,2022-12-23,SHORT,132.35,132.377,-30.69,-0.91,1
2022-12-23,2022-12-26,SHORT,132.337,132.81,-34.71,-16.51,3
2022-12-26,2022-12-27,SHORT,132.77,132.784,-33.08,-0.55,1
2022-12-27,2022-12-28,SHORT,132.744,133.506,-43.18,-33.01,1
2022-12-28,2022-12-29,SHORT,133.466,134.054,-26.67,-15.75,1
2022-12-29,2022-12-30,SHORT,134.014,132.936,-26.66,28.67,1
2022-12-30,2023-01-02,SHORT,132.896,130.865,-50.31,102.06,3
2023-01-02,2023-01-03,SHORT,130.825,130.814,-56.86,0.48,1
2023-01-03,2023-01-04,SHORT,130.774,131.268,-64.04,-31.81,1
2023-01-04,2023-01-05,SHORT,131.228,132.266,-27.63,-28.75,1
2023-01-05,2023-01-06,SHORT,132.226,133.327,-27.32,-30.15,1
2023-01-06,2023-01-09,SHORT,133.287,131.882,-26.82,37.61,3
2023-01-09,2023-01-10,SHORT,131.842,131.749,-31.11,2.81,1
2023-01-10,2023-01-11,SHORT,131.709,132.121,-36.98,-15.33,1
2023-01-11,2023-01-12,SHORT,132.081,131.922,-36.81,5.76,1
2023-01-12,2023-01-13,SHORT,131.882,129.192,-37.07,99.61,1
2023-01-13,2023-01-16,SHORT,129.152,128.046,-47.55,52.47,3
2023-01-16,2023-01-17,SHORT,128.006,128.341,-38.4,-12.96,1
2023-01-17,2023-01-18,SHORT,128.301,128.301,-33.35,-0.09,1
2023-01-18,2023-01-19,SHORT,128.261,128.559,-38.43,-11.55,1
2023-01-19,2023-01-20,SHORT,128.519,128.39,-55.22,6.98,1
2023-01-20,2023-01-23,SHORT,128.35,129.374,-83.34,-85.56,3
2023-01-23,2023-01-24,SHORT,129.334,130.617,-44.1,-56.7,1
2023-01-24,2023-01-25,SHORT,130.577,130.259,-28.22,8.9,1
2023-01-25,2023-01-26,SHORT,130.219,129.257,-29.71,28.51,1
2023-01-26,2023-01-27,SHORT,129.217,129.82,-39.76,-24.08,1
2023-01-27,2023-01-30,SHORT,129.78,129.874,-31.74,-3.07,3
2023-01-30,2023-01-31,SHORT,129.834,130.499,-46.35,-30.94,1
2023-01-31,2023-02-01,SHORT,130.459,130.13,-52.07,16.99,1
2023-02-01,2023-02-02,SHORT,130.09,128.642,-43.58,62.99,1
2023-02-02,2023-02-06,SHORT,128.602,132.029,-36.99,-126.88,4
2023-02-06,2023-02-07,SHORT,131.989,132.643,-36.94,-24.26,1
2023-02-07,2023-02-08,SHORT,132.603,131.062,-34.75,53.46,1
2023-02-08,2023-02-09,SHORT,131.022,131.407,-33.43,-12.96,1
2023-02-09,2023-02-10,SHORT,131.367,131.539,-34.47,-6.02,1
2023-02-10,2023-02-13,SHORT,131.499,131.571,-35.17,-2.62,3
2023-02-13,2023-02-14,SHORT,131.531,132.357,-35.62,-29.52,1
2023-02-14,2023-02-15,SHORT,132.317,133.011,-35.22,-24.54,1
2023-02-15,2023-02-16,SHORT,132.971,133.923,-44.2,-42.19,1
2023-02-16,2023-02-17,LONG,133.923,134.054,85.0,10.91,1
2023-02-17,2023-02-20,LONG,134.094,134.287,85.56,16.28,3
2023-02-20,2023-02-21,LONG,134.327,134.316,57.64,-0.79,1
2023-02-21,2023-02-22,LONG,134.356,134.956,48.57,29.01,1
2023-02-22,2023-02-23,LONG,134.996,134.912,145.89,-12.65,1
2023-02-23,2023-02-24,LONG,134.952,134.608,156.11,-54.12,1
2023-02-24,2023-02-27,LONG,134.648,136.375,143.12,246.78,3
2023-02-27,2023-02-28,LONG,136.415,136.297,150.98,-18.23,1
2023-02-28,2023-03-01,LONG,136.337,136.328,150.57,-1.76,1
2023-03-01,2023-03-02,LONG,136.368,136.174,147.77,-29.07,1
2023-03-02,2023-03-03,LONG,136.214,136.685,129.98,60.87,1
2023-03-03,2023-03-06,LONG,136.725,135.84,139.87,-124.17,3
2023-03-06,2023-03-07,SHORT,135.84,136.019,-71.98,-13.08,1
2023-03-07,2023-03-08,SHORT,135.979,137.411,-78.02,-111.94,1
2023-03-08,2023-03-09,LONG,137.411,137.206,94.34,-19.6,1
2023-03-09,2023-03-10,LONG,137.246,136.375,86.42,-75.51,1
2023-03-10,2023-03-13,LONG,136.415,134.96,52.94,-77.17,3
2023-03-13,2023-03-14,SHORT,134.96,133.134,-38.9,70.93,1
2023-03-14,2023-03-15,SHORT,133.094,134.417,-63.38,-84.02,1
2023-03-15,2023-03-16,SHORT,134.377,132.949,-33.34,47.52,1
2023-03-16,2023-03-17,SHORT,132.909,133.388,-43.27,-20.84,1
2023-03-17,2023-03-20,SHORT,133.348,132.304,-44.74,46.59,3
2023-03-20,2023-03-21,SHORT,132.264,131.412,-43.64,37.07,1
2023-03-21,2023-03-22,SHORT,131.372,132.368,-52.01,-51.94,1
2023-03-22,2023-03-23,SHORT,132.328,131.199,-57.98,65.31,1
2023-03-23,2023-03-24,SHORT,131.159,130.885,-61.39,16.66,1
2023-03-24,2023-03-27,SHORT,130.845,130.866,-58.45,-1.38,3
2023-03-27,2023-03-28,SHORT,130.826,131.253,-50.34,-21.63,1
2023-03-28,2023-03-29,SHORT,131.213,131.066,-29.94,4.32,1
2023-03-29,2023-03-30,SHORT,131.026,132.596,-57.32,-90.14,1
2023-03-30,2023-04-03,SHORT,132.556,133.367,-30.74,-25.01,4
2023-04-03,2023-04-04,SHORT,133.327,132.319,-35.11,35.3,1
2023-04-04,2023-04-05,SHORT,132.279,131.505,-36.68,28.29,1
2023-04-05,2023-04-06,SHORT,131.465,130.954,-38.39,19.51,1
2023-04-06,2023-04-07,SHORT,130.914,131.689,-39.57,-30.77,1
2023-04-07,2023-04-10,SHORT,131.649,132.117,-42.31,-19.91,3
2023-04-10,2023-04-11,SHORT,132.077,133.489,-40.73,-57.62,1
2023-04-11,2023-04-12,SHORT,133.449,133.614,-49.01,-8.22,1
2023-04-12,2023-04-13,SHORT,133.574,133.105,-58.11,27.1,1
2023-04-13,2023-04-14,SHORT,133.065,132.507,-41.95,23.29,1
2023-04-14,2023-04-17,SHORT,132.467,133.991,-41.27,-63.0,3
2023-04-17,2023-04-18,SHORT,133.951,134.445,-38.9,-19.32,1
2023-04-18,2023-04-19,LONG,134.445,134.024,48.85,-20.7,1
2023-04-19,2023-04-20,SHORT,134.024,134.724,-65.06,-45.72,1
2023-04-20,2023-04-21,LONG,134.724,133.976,94.47,-70.91,1
2023-04-21,2023-04-24,SHORT,133.976,133.981,-59.51,-0.46,3
2023-04-24,2023-04-25,SHORT,133.941,134.104,-53.12,-8.8,1
2023-04-25,2023-04-26,SHORT,134.064,133.731,-47.32,15.63,1
2023-04-26,2023-04-28,SHORT,133.691,133.822,-47.35,-6.33,2
2023-04-28,2023-05-01,SHORT,133.782,136.406,-50.76,-133.34,3
2023-05-01,2023-05-02,LONG,136.406,137.501,68.19,74.47,1
2023-05-02,2023-05-03,LONG,137.541,136.446,77.97,-85.59,1
2023-05-03,2023-05-04,LONG,136.486,134.524,52.97,-104.07,1
2023-05-04,2023-05-08,SHORT,134.524,135.219,-37.51,-26.17,4
2023-05-08,2023-05-09,LONG,135.219,135.053,38.63,-6.52,1
2023-05-09,2023-05-10,LONG,135.093,135.268,39.5,6.81,1
2023-05-10,2023-05-11,LONG,135.308,134.067,39.12,-48.65,1
2023-05-11,2023-05-15,SHORT,134.067,135.842,-38.4,-68.26,4
2023-05-15,2023-05-16,LONG,135.842,136.025,35.45,6.39,1
2023-05-16,2023-05-17,LONG,136.065,136.41,35.57,12.18,1
2023-05-17,2023-05-18,LONG,136.45,137.594,34.67,39.56,1
2023-05-18,2023-05-19,LONG,137.634,138.6,68.33,65.82,1
2023-05-19,2023-05-22,LONG,138.64,137.672,100.2,-97.27,3
2023-05-22,2023-05-23,LONG,137.712,138.652,57.48,53.87,1
2023-05-23,2023-05-24,LONG,138.692,138.578,78.75,-9.19,1
2023-05-24,2023-05-25,LONG,138.618,139.263,81.3,52.21,1
2023-05-25,2023-05-26,LONG,139.303,139.997,136.32,94.23,1
2023-05-26,2023-05-29,LONG,140.037,140.851,136.06,110.37,3
2023-05-29,2023-05-30,LONG,140.891,140.421,131.05,-61.96,1
2023-05-30,2023-05-31,LONG,140.461,139.772,109.67,-75.87,1
2023-05-31,2023-06-01,LONG,139.812,139.107,82.6,-58.46,1
2023-06-01,2023-06-02,LONG,139.147,138.728,46.39,-19.57,1
2023-06-02,2023-06-05,SHORT,138.728,140.227,-48.0,-72.09,3
2023-06-05,2023-06-06,LONG,140.227,139.363,67.08,-58.15,1
2023-06-06,2023-06-07,LONG,139.403,139.507,47.11,4.77,1
2023-06-07,2023-06-08,LONG,139.547,139.879,50.59,16.66,1
2023-06-08,2023-06-09,LONG,139.919,138.843,50.37,-54.34,1
2023-06-09,2023-06-12,SHORT,138.843,139.391,-50.78,-27.97,3
2023-06-12,2023-06-13,LONG,139.391,139.44,51.75,2.39,1
2023-06-13,2023-06-14,LONG,139.48,140.157,51.24,34.55,1
2023-06-14,2023-06-15,LONG,140.197,139.957,52.48,-12.74,1
2023-06-15,2023-06-16,LONG,139.997,140.248,52.09,12.93,1
2023-06-16,2023-06-19,LONG,140.288,141.847,52.57,81.81,3
2023-06-19,2023-06-20,LONG,141.887,141.879,54.85,-0.59,1
2023-06-20,2023-06-21,LONG,141.919,141.315,97.12,-58.94,1
2023-06-21,2023-06-22,LONG,141.355,141.668,66.12,20.51,1
2023-06-22,2023-06-23,LONG,141.708,143.01,64.16,83.35,1
2023-06-23,2023-06-26,LONG,143.05,143.521,137.98,64.59,3
2023-06-26,2023-06-27,LONG,143.561,143.44,141.15,-17.48,1
2023-06-27,2023-06-28,LONG,143.48,143.862,136.4,51.71,1
2023-06-28,2023-06-29,LONG,143.902,144.369,134.38,62.37,1
2023-06-29,2023-06-30,LONG,144.409,144.76,151.5,52.74,1
2023-06-30,2023-07-03,LONG,144.8,144.378,152.93,-64.98,3
2023-07-03,2023-07-04,LONG,144.418,144.564,109.7,15.7,1
2023-07-04,2023-07-05,LONG,144.604,144.386,115.52,-25.52,1
2023-07-05,2023-07-06,LONG,144.426,144.469,151.71,6.08,1
2023-07-06,2023-07-07,LONG,144.509,143.931,156.84,-91.1,1
2023-07-07,2023-07-10,SHORT,143.931,142.229,-61.43,104.38,3
2023-07-10,2023-07-11,SHORT,142.189,141.317,-59.26,51.51,1
2023-07-11,2023-07-12,SHORT,141.277,140.138,-76.49,86.91,1
2023-07-12,2023-07-13,SHORT,140.098,138.335,-107.93,189.97,1
2023-07-13,2023-07-14,SHORT,138.295,138.095,-144.95,28.59,1
2023-07-14,2023-07-17,SHORT,138.055,138.702,-154.92,-100.66,3
2023-07-17,2023-07-18,SHORT,138.662,138.749,-124.76,-11.2,1
2023-07-18,2023-07-19,SHORT,138.709,139.047,-130.23,-44.38,1
2023-07-19,2023-07-20,SHORT,139.007,139.618,-116.23,-71.34,1
2023-07-20,2023-07-21,SHORT,139.578,139.884,-96.47,-29.79,1
2023-07-21,2023-07-24,SHORT,139.844,141.77,-78.24,-150.92,3
2023-07-24,2023-07-26,LONG,141.77,140.893,34.45,-30.31,2
2023-07-26,2023-07-27,LONG,140.933,140.347,33.78,-19.89,1
2023-07-27,2023-07-28,LONG,140.387,138.844,53.36,-82.49,1
2023-07-28,2023-07-31,SHORT,138.844,140.778,-33.78,-65.43,3
2023-07-31,2023-08-01,LONG,140.778,142.303,33.4,50.84,1
2023-08-01,2023-08-02,LONG,142.343,142.95,49.22,29.74,1
2023-08-02,2023-08-03,LONG,142.99,143.324,53.83,17.83,1
2023-08-03,2023-08-04,LONG,143.364,142.578,52.22,-41.19,1
2023-08-04,2023-08-07,LONG,142.618,141.856,35.69,-27.3,3
2023-08-07,2023-08-08,LONG,141.896,142.504,32.67,19.77,1
2023-08-08,2023-08-09,LONG,142.544,143.258,32.34,23.0,1
2023-08-09,2023-08-10,LONG,143.298,143.707,32.8,13.32,1
2023-08-10,2023-08-11,LONG,143.747,144.834,49.22,53.36,1
2023-08-11,2023-08-14,LONG,144.874,144.797,94.06,-7.52,3
2023-08-14,2023-08-15,LONG,144.837,145.417,80.54,46.48,1
2023-08-15,2023-08-16,LONG,145.457,145.588,72.25,9.26,1
2023-08-16,2023-08-17,LONG,145.628,146.313,70.22,47.9,1
2023-08-17,2023-08-18,LONG,146.353,145.694,82.0,-54.28,1
2023-08-18,2023-08-21,LONG,145.734,145.285,99.59,-45.01,3
2023-08-21,2023-08-22,LONG,145.325,146.218,125.72,111.9,1
2023-08-22,2023-08-23,LONG,146.258,145.743,130.74,-67.72,1
2023-08-23,2023-08-24,LONG,145.783,144.653,92.44,-104.73,1
2023-08-24,2023-08-25,SHORT,144.653,146.087,-53.12,-76.33,1
2023-08-25,2023-08-28,LONG,146.087,146.511,50.36,21.2,3
2023-08-28,2023-08-29,LONG,146.551,146.444,53.19,-5.85,1
2023-08-29,2023-08-30,LONG,146.484,145.968,52.19,-27.08,1
2023-08-30,2023-09-04,LONG,146.008,146.037,52.94,1.38,5
2023-09-04,2023-09-05,LONG,146.077,146.523,51.88,22.98,1
2023-09-05,2023-09-06,LONG,146.563,147.451,48.66,43.07,1
2023-09-06,2023-09-07,LONG,147.491,147.689,52.44,10.23,1
2023-09-07,2023-09-08,LONG,147.729,147.311,110.43,-46.49,1
2023-09-08,2023-09-11,LONG,147.351,147.093,57.23,-14.93,3
2023-09-11,2023-09-12,LONG,147.133,146.658,48.38,-23.12,1
2023-09-12,2023-09-13,LONG,146.698,147.138,50.99,22.29,1
2023-09-13,2023-09-14,LONG,147.178,147.326,54.51,7.91,1
2023-09-14,2023-09-15,LONG,147.366,147.462,62.58,5.82,1
2023-09-15,2023-09-18,LONG,147.502,147.848,113.27,38.86,3
2023-09-18,2023-09-19,LONG,147.888,147.585,116.1,-35.52,1
2023-09-19,2023-09-20,LONG,147.625,147.722,75.43,7.09,1
2023-09-20,2023-09-21,LONG,147.762,148.301,65.32,35.01,1
2023-09-21,2023-09-22,LONG,148.341,147.624,68.64,-49.42,1
2023-09-22,2023-09-25,LONG,147.664,148.414,69.36,51.81,3
2023-09-25,2023-09-26,LONG,148.454,148.791,92.83,31.01,1
2023-09-26,2023-09-27,LONG,148.831,149.025,158.95,30.36,1
2023-09-27,2023-09-28,LONG,149.065,149.478,151.54,62.13,1
2023-09-28,2023-09-29,LONG,149.518,149.317,170.05,-34.69,1
2023-09-29,2023-10-02,LONG,149.357,149.52,151.95,24.31,3
2023-10-02,2023-10-03,LONG,149.56,149.831,146.61,39.29,1
2023-10-03,2023-10-04,LONG,149.871,149.172,185.62,-130.3,1
2023-10-04,2023-10-05,LONG,149.212,148.946,99.8,-26.84,1
2023-10-05,2023-10-06,LONG,148.986,148.443,74.57,-40.71,1
2023-10-06,2023-10-09,LONG,148.483,149.14,70.54,46.14,3
2023-10-09,2023-10-10,LONG,149.18,148.307,68.46,-59.97,1
2023-10-10,2023-10-11,SHORT,148.307,148.648,-66.18,-22.77,1
2023-10-11,2023-10-12,LONG,148.648,149.016,67.57,24.66,1
2023-10-12,2023-10-13,LONG,149.056,149.77,66.14,47.03,1
2023-10-13,2023-10-18,LONG,149.81,149.739,68.95,-5.1,5
2023-10-18,2023-10-19,LONG,149.779,149.722,72.91,-4.37,1
2023-10-19,2023-10-20,LONG,149.762,149.782,77.83,1.32,1
2023-10-20,2023-10-23,LONG,149.822,149.86,122.65,4.29,3
2023-10-23,2023-10-24,LONG,149.9,149.749,90.17,-13.89,1
2023-10-24,2023-10-25,LONG,149.789,149.834,255.46,10.73,1
2023-10-25,2023-10-26,LONG,149.874,150.078,261.49,52.56,1
2023-10-26,2023-10-27,LONG,150.118,150.346,250.99,56.47,1
2023-10-27,2023-10-30,LONG,150.386,149.713,185.9,-125.66,3
2023-10-30,2023-10-31,LONG,149.753,149.091,96.26,-64.01,1
2023-10-31,2023-11-01,SHORT,149.091,151.314,-81.08,-180.49,1
2023-11-01,2023-11-02,LONG,151.314,150.555,103.8,-79.1,1
2023-11-02,2023-11-03,LONG,150.595,150.477,68.72,-8.32,1
2023-11-03,2023-11-06,LONG,150.517,149.429,64.02,-69.85,3
2023-11-06,2023-11-07,SHORT,149.429,150.009,-60.96,-35.54,1
2023-11-07,2023-11-09,LONG,150.009,150.844,57.32,47.69,2
2023-11-09,2023-11-10,LONG,150.884,151.329,52.73,23.31,1
2023-11-10,2023-11-13,LONG,151.369,151.449,51.33,3.95,3
2023-11-13,2023-11-14,LONG,151.489,151.626,53.18,7.12,1
2023-11-14,2023-11-15,LONG,151.666,150.465,79.04,-95.17,1
2023-11-15,2023-11-16,LONG,150.505,151.195,47.16,32.4,1
2023-11-16,2023-11-17,LONG,151.235,150.685,46.48,-25.71,1
2023-11-17,2023-11-20,LONG,150.725,149.922,45.34,-36.55,3
2023-11-20,2023-11-21,SHORT,149.922,148.382,-45.07,69.28,1
2023-11-21,2023-11-22,SHORT,148.342,148.172,-44.81,7.49,1
2023-11-22,2023-11-23,SHORT,148.132,149.48,-63.1,-85.25,1
2023-11-23,2023-11-24,SHORT,149.44,149.655,-43.05,-9.38,1
2023-11-24,2023-11-27,SHORT,149.615,149.591,-45.25,0.95,3
2023-11-27,2023-11-28,SHORT,149.551,148.472,-51.22,55.12,1
2023-11-28,2023-11-29,SHORT,148.432,147.083,-71.16,95.78,1
2023-11-29,2023-11-30,SHORT,147.043,147.059,-70.71,-1.34,1
2023-11-30,2023-12-01,SHORT,147.019,148.019,-91.0,-91.26,1
2023-12-01,2023-12-04,SHORT,147.979,146.413,-53.4,83.47,3
2023-12-04,2023-12-05,SHORT,146.373,147.347,-61.34,-59.92,1
2023-12-05,2023-12-06,SHORT,147.307,147.205,-37.05,3.67,1
2023-12-06,2023-12-07,SHORT,147.165,147.204,-37.96,-1.59,1
2023-12-07,2023-12-08,SHORT,147.164,144.298,-50.84,145.57,1
2023-12-08,2023-12-11,SHORT,144.258,145.003,-77.42,-57.9,3
2023-12-11,2023-12-12,SHORT,144.963,146.105,-63.11,-72.26,1
2023-12-12,2023-12-13,SHORT,146.065,145.3,-34.07,25.97,1
2023-12-13,2023-12-14,SHORT,145.26,142.793,-34.81,85.78,1
2023-12-14,2023-12-15,SHORT,142.753,142.299,-44.21,19.94,1
2023-12-15,2023-12-18,SHORT,142.259,142.333,-61.06,-4.69,3
2023-12-18,2023-12-19,SHORT,142.293,142.742,-52.74,-23.83,1
2023-12-19,2023-12-20,SHORT,142.702,143.909,-60.87,-73.65,1
2023-12-20,2023-12-21,SHORT,143.869,143.543,-39.43,12.74,1
2023-12-21,2023-12-22,SHORT,143.503,142.09,-41.74,58.85,1
2023-12-22,2023-12-25,SHORT,142.05,142.362,-30.06,-9.46,3
2023-12-25,2023-12-26,SHORT,142.322,142.25,-37.64,2.6,1
2023-12-26,2023-12-27,SHORT,142.21,142.481,-62.23,-17.04,1
2023-12-27,2023-12-28,SHORT,142.441,141.419,-53.79,54.82,1
2023-12-28,2023-12-29,SHORT,141.379,141.45,-37.33,-2.76,1
2023-12-29,2024-01-01,SHORT,141.41,140.972,-39.42,17.15,3
2024-01-01,2024-01-02,SHORT,140.932,141.146,-41.0,-8.89,1
2024-01-02,2024-01-03,SHORT,141.106,142.175,-48.45,-51.94,1
2024-01-03,2024-01-04,SHORT,142.135,143.019,-58.66,-52.02,1
2024-01-04,2024-01-05,SHORT,142.979,144.785,-41.07,-74.29,1
2024-01-05,2024-01-08,SHORT,144.745,144.736,-67.45,0.41,3
2024-01-08,2024-01-09,SHORT,144.696,144.25,-66.26,29.36,1
2024-01-09,2024-01-10,SHORT,144.21,144.448,-52.65,-12.68,1
2024-01-10,2024-01-11,SHORT,144.408,145.754,-52.68,-71.06,1
2024-01-11,2024-01-12,SHORT,145.714,145.066,-109.93,70.91,1
2024-01-12,2024-01-15,SHORT,145.026,145.169,-79.6,-11.61,3
2024-01-15,2024-01-16,SHORT,145.129,145.814,-95.94,-66.0,1
2024-01-16,2024-01-17,LONG,145.814,147.226,95.06,133.95,1
2024-01-17,2024-01-18,LONG,147.266,148.098,95.92,79.52,1
2024-01-18,2024-01-19,LONG,148.138,148.108,96.32,-3.17,1
2024-01-19,2024-01-22,LONG,148.148,148.101,80.86,-4.04,3
2024-01-22,2024-01-23,LONG,148.141,148.122,84.55,-1.86,1
2024-01-23,2024-01-24,LONG,148.162,148.231,110.45,7.29,1
2024-01-24,2024-01-25,LONG,148.271,147.571,115.48,-81.18,1
2024-01-25,2024-01-26,LONG,147.611,147.703,69.81,6.22,1
2024-01-26,2024-01-29,LONG,147.743,148.12,117.53,43.96,3
2024-01-29,2024-01-30,LONG,148.16,147.448,125.46,-89.7,1
2024-01-30,2024-01-31,SHORT,147.448,147.389,-71.76,4.02,1
2024-01-31,2024-02-01,SHORT,147.349,147.016,-46.96,15.5,1
2024-02-01,2024-02-02,SHORT,146.976,146.471,-83.95,42.15,1
2024-02-02,2024-02-05,SHORT,146.431,148.521,-95.89,-200.7,3
2024-02-05,2024-02-09,LONG,148.521,149.239,42.31,30.25,4
2024-02-09,2024-02-12,LONG,149.279,149.147,43.27,-5.84,3
2024-02-12,2024-02-13,LONG,149.187,149.385,45.59,8.89,1
2024-02-13,2024-02-14,LONG,149.425,150.704,60.84,77.62,1
2024-02-14,2024-02-15,LONG,150.744,150.524,86.14,-19.21,1
2024-02-15,2024-02-16,LONG,150.564,149.926,91.99,-58.97,1
2024-02-16,2024-02-19,LONG,149.966,150.071,89.85,9.17,3
2024-02-19,2024-02-20,LONG,150.111,150.25,58.78,7.99,1
2024-02-20,2024-02-21,LONG,150.29,149.919,63.49,-23.75,1
2024-02-21,2024-02-22,LONG,149.959,150.335,97.21,36.26,1
2024-02-22,2024-02-23,LONG,150.375,150.463,111.86,9.51,1
2024-02-23,2024-02-26,LONG,150.503,150.478,89.83,-2.52,3
2024-02-26,2024-02-27,LONG,150.518,150.546,101.87,2.54,1
2024-02-27,2024-02-28,LONG,150.586,150.475,97.28,-11.09,1
2024-02-28,2024-02-29,LONG,150.515,150.636,78.62,9.28,1
2024-02-29,2024-03-07,LONG,150.676,149.249,79.07,-113.06,7
2024-03-07,2024-03-08,SHORT,149.249,147.888,-124.15,168.6,1
2024-03-08,2024-03-11,SHORT,147.848,146.794,-165.21,173.65,3
2024-03-11,2024-03-12,SHORT,146.754,146.752,-176.31,-0.16,1
2024-03-12,2024-03-13,SHORT,146.712,147.639,-172.16,-160.11,1
2024-03-13,2024-03-14,SHORT,147.599,147.641,-106.21,-4.77,1
2024-03-14,2024-03-15,SHORT,147.601,148.316,-112.9,-81.06,1
2024-03-15,2024-03-18,SHORT,148.276,148.975,-61.63,-43.26,3
2024-03-18,2024-03-19,LONG,148.975,149.124,47.02,6.86,1
2024-03-19,2024-03-20,LONG,149.164,151.015,43.57,80.53,1
2024-03-20,2024-03-21,LONG,151.055,150.74,41.06,-13.06,1
2024-03-21,2024-03-22,LONG,150.78,151.613,39.61,32.88,1
2024-03-22,2024-03-25,LONG,151.653,151.285,89.1,-33.06,3
2024-03-25,2024-03-26,LONG,151.325,151.353,122.57,3.06,1
2024-03-26,2024-03-27,LONG,151.393,151.51,130.82,14.91,1
2024-03-27,2024-03-28,LONG,151.55,151.267,136.38,-39.01,1
2024-03-28,2024-03-29,LONG,151.307,151.42,139.49,15.34,1
2024-03-29,2024-04-01,LONG,151.46,151.378,141.58,-12.04,3
2024-04-01,2024-04-02,LONG,151.418,151.561,133.05,18.62,1
2024-04-02,2024-04-03,LONG,151.601,151.52,141.74,-11.91,1
2024-04-03,2024-04-04,LONG,151.56,151.561,62.63,-0.13,1
2024-04-04,2024-04-05,LONG,151.601,151.272,106.79,-35.45,1
2024-04-05,2024-04-08,LONG,151.312,151.67,69.96,24.83,3
2024-04-08,2024-04-09,LONG,151.71,151.823,78.04,8.58,1
2024-04-09,2024-04-10,LONG,151.863,151.757,109.59,-11.95,1
2024-04-10,2024-04-11,LONG,151.797,152.944,100.64,115.13,1
2024-04-11,2024-04-12,LONG,152.984,153.172,251.68,46.54,1
2024-04-12,2024-04-15,LONG,153.212,153.263,250.46,12.01,3
2024-04-15,2024-04-16,LONG,153.303,154.186,241.28,212.31,1
2024-04-16,2024-04-17,LONG,154.226,154.678,249.94,112.2,1
2024-04-17,2024-04-18,LONG,154.718,154.322,262.87,-104.91,1
2024-04-18,2024-04-19,LONG,154.362,154.59,204.47,45.99,1
2024-04-19,2024-04-22,LONG,154.63,154.62,235.48,-3.08,3
2024-04-22,2024-04-23,LONG,154.66,154.793,233.53,30.34,1
2024-04-23,2024-04-24,LONG,154.833,154.724,238.46,-26.73,1
2024-04-24,2024-04-25,LONG,154.764,155.239,234.97,110.88,1
2024-04-25,2024-04-26,LONG,155.279,155.577,219.08,64.6,1
2024-04-26,2024-04-29,LONG,155.617,158.204,192.26,496.77,3
2024-04-29,2024-04-30,LONG,158.244,156.294,161.91,-316.24,1
2024-04-30,2024-05-01,LONG,156.334,157.702,56.24,76.76,1
2024-05-01,2024-05-02,LONG,157.742,155.684,70.68,-145.68,1
2024-05-02,2024-05-03,SHORT,155.684,153.065,-37.94,99.26,1
2024-05-03,2024-05-06,SHORT,153.025,153.586,-34.12,-19.25,3
2024-05-06,2024-05-13,SHORT,153.546,155.838,-34.83,-79.93,7
2024-05-13,2024-05-14,SHORT,155.798,156.253,-31.85,-14.59,1
2024-05-14,2024-05-15,LONG,156.253,156.478,31.3,6.94,1
2024-05-15,2024-05-16,LONG,156.518,154.262,30.41,-68.71,1
2024-05-16,2024-05-17,SHORT,154.262,155.399,-29.84,-34.02,1
2024-05-17,2024-05-20,SHORT,155.359,155.774,-46.86,-19.59,3
2024-05-20,2024-05-21,SHORT,155.734,156.39,-47.1,-31.05,1
2024-05-21,2024-05-22,LONG,156.39,156.231,48.08,-7.8,1
2024-05-22,2024-05-23,LONG,156.271,156.684,44.69,18.32,1
2024-05-23,2024-05-24,LONG,156.724,156.953,52.74,11.91,1
2024-05-24,2024-05-27,LONG,156.993,156.85,55.25,-8.07,3
2024-05-27,2024-05-28,LONG,156.89,156.825,57.37,-3.91,1
2024-05-28,2024-05-29,LONG,156.865,157.242,61.66,23.05,1
2024-05-29,2024-05-30,LONG,157.282,157.588,63.54,19.24,1
2024-05-30,2024-05-31,LONG,157.628,156.933,210.51,-146.97,1
2024-05-31,2024-06-03,LONG,156.973,157.16,110.62,20.34,3
2024-06-03,2024-06-04,LONG,157.2,156.056,100.47,-115.25,1
2024-06-04,2024-06-05,SHORT,156.056,155.144,-53.93,49.02,1
2024-06-05,2024-06-06,SHORT,155.104,155.949,-59.85,-50.76,1
2024-06-06,2024-06-07,SHORT,155.909,155.717,-61.61,11.64,1
2024-06-07,2024-06-10,SHORT,155.677,156.853,-59.93,-70.67,3
2024-06-10,2024-06-13,LONG,156.853,156.78,54.43,-4.14,3
2024-06-13,2024-06-14,LONG,156.82,157.108,50.74,14.45,1
2024-06-14,2024-06-18,LONG,157.148,157.68,47.49,25.11,4
2024-06-18,2024-06-19,LONG,157.72,157.851,65.76,8.41,1
2024-06-19,2024-06-20,LONG,157.891,157.938,140.68,6.17,1
2024-06-20,2024-06-21,LONG,157.978,158.911,128.99,119.94,1
2024-06-21,2024-06-24,LONG,158.951,159.841,164.74,146.1,3
2024-06-24,2024-06-25,LONG,159.881,159.666,179.97,-39.27,1
2024-06-25,2024-06-26,LONG,159.706,159.666,166.47,-7.19,1
2024-06-26,2024-06-27,LONG,159.706,160.601,166.79,148.74,1
2024-06-27,2024-06-28,LONG,160.641,160.667,223.54,5.09,1
2024-06-28,2024-07-01,LONG,160.707,160.887,230.81,40.8,3
2024-07-01,2024-07-02,LONG,160.927,161.492,222.37,124.92,1
2024-07-02,2024-07-03,LONG,161.532,161.484,239.38,-12.26,1
2024-07-03,2024-07-04,LONG,161.524,161.601,231.16,17.05,1
2024-07-04,2024-07-05,LONG,161.641,161.338,246.27,-75.42,1
2024-07-05,2024-07-08,LONG,161.378,160.618,192.45,-146.88,3
2024-07-08,2024-07-09,SHORT,160.618,160.877,-63.73,-16.71,1
2024-07-09,2024-07-10,SHORT,160.837,161.351,-91.08,-47.11,1
2024-07-10,2024-07-11,LONG,161.351,161.587,111.26,25.9,1
2024-07-11,2024-07-12,LONG,161.627,158.181,68.69,-236.93,1
2024-07-12,2024-07-15,SHORT,158.181,158.333,-67.8,-10.52,3
2024-07-15,2024-07-16,SHORT,158.293,158.161,-71.97,9.27,1
2024-07-16,2024-07-17,SHORT,158.121,158.37,-102.71,-25.9,1
2024-07-17,2024-07-18,SHORT,158.33,155.706,-86.48,226.64,1
2024-07-18,2024-07-19,SHORT,155.666,157.17,-105.04,-158.31,1
2024-07-19,2024-07-22,SHORT,157.13,157.442,-61.94,-19.52,3
2024-07-22,2024-07-23,SHORT,157.402,156.911,-48.62,23.72,1
2024-07-23,2024-07-24,SHORT,156.871,155.788,-56.83,61.37,1
2024-07-24,2024-07-25,SHORT,155.748,153.911,-66.34,121.66,1
2024-07-25,2024-07-26,SHORT,153.871,153.717,-72.92,11.0,1
2024-07-26,2024-07-29,SHORT,153.677,154.159,-57.72,-28.0,3
2024-07-29,2024-07-30,SHORT,154.119,153.853,-50.8,13.36,1
2024-07-30,2024-07-31,SHORT,153.813,152.69,-50.62,56.7,1
2024-07-31,2024-08-01,SHORT,152.65,149.764,-60.64,174.82,1
2024-08-01,2024-08-02,SHORT,149.724,149.221,-62.17,31.08,1
2024-08-02,2024-08-05,SHORT,149.181,145.604,-84.17,300.83,3
2024-08-05,2024-08-06,SHORT,145.564,145.81,-77.75,-19.35,1
2024-08-06,2024-08-07,SHORT,145.77,144.752,-75.27,76.41,1
2024-08-07,2024-08-08,SHORT,144.712,146.144,-74.59,-107.03,1
2024-08-08,2024-08-09,SHORT,146.104,147.689,-53.78,-85.4,1
2024-08-09,2024-08-12,SHORT,147.649,147.062,-37.13,21.69,3
2024-08-12,2024-08-13,SHORT,147.022,147.002,-43.22,0.74,1
2024-08-13,2024-08-14,SHORT,146.962,146.991,-45.47,-1.45,1
2024-08-14,2024-08-15,SHORT,146.951,147.273,-44.05,-14.32,1
2024-08-15,2024-08-16,SHORT,147.233,149.242,-24.16,-48.62,1
2024-08-16,2024-08-19,LONG,149.242,147.936,22.22,-29.09,3
2024-08-19,2024-08-20,SHORT,147.936,146.719,-23.54,28.58,1
2024-08-20,2024-08-22,SHORT,146.679,145.138,-21.82,33.56,2
2024-08-22,2024-08-23,SHORT,145.098,146.222,-24.47,-27.58,1
2024-08-23,2024-08-26,SHORT,146.182,144.02,-29.11,62.86,3
2024-08-26,2024-08-27,SHORT,143.98,144.536,-35.86,-20.04,1
2024-08-27,2024-08-28,SHORT,144.496,143.995,-30.77,15.33,1
2024-08-28,2024-08-29,SHORT,143.955,144.453,-36.61,-18.33,1
2024-08-29,2024-08-30,SHORT,144.413,144.91,-33.96,-16.98,1
2024-08-30,2024-09-02,SHORT,144.87,146.401,-60.52,-92.83,3
2024-09-02,2024-09-03,SHORT,146.361,146.742,-31.2,-11.98,1
2024-09-03,2024-09-05,SHORT,146.702,143.344,-30.59,102.63,2
2024-09-05,2024-09-06,SHORT,143.304,143.413,-29.68,-3.32,1
2024-09-06,2024-09-09,SHORT,143.373,142.506,-37.68,32.56,3
2024-09-09,2024-09-10,SHORT,142.466,143.197,-33.11,-24.3,1
2024-09-10,2024-09-11,SHORT,143.157,142.254,-33.49,30.14,1
2024-09-11,2024-09-12,SHORT,142.214,142.61,-32.33,-12.89,1
2024-09-12,2024-09-13,SHORT,142.57,141.519,-33.28,34.88,1
2024-09-13,2024-09-16,SHORT,141.479,140.81,-49.63,33.06,3
2024-09-16,2024-09-17,SHORT,140.77,140.81,-86.78,-3.72,1
2024-09-17,2024-09-18,SHORT,140.77,142.035,-94.42,-119.71,1
2024-09-18,2024-09-19,SHORT,141.995,142.73,-54.55,-40.25,1
2024-09-19,2024-09-23,SHORT,142.69,144.024,-32.26,-43.12,4
2024-09-23,2024-09-24,SHORT,143.984,143.658,-32.18,10.4,1
2024-09-24,2024-09-25,SHORT,143.618,142.983,-34.02,21.5,1
2024-09-25,2024-09-26,SHORT,142.943,144.703,-35.21,-62.07,1
2024-09-26,2024-09-27,SHORT,144.663,145.096,-37.65,-16.41,1
2024-09-27,2024-09-30,SHORT,145.056,142.803,-63.75,143.45,3
2024-09-30,2024-10-01,SHORT,142.763,143.73,-29.45,-28.56,1
2024-10-01,2024-10-02,SHORT,143.69,143.756,-36.79,-2.53,1
2024-10-02,2024-10-03,SHORT,143.716,146.602,-28.57,-82.54,1
2024-10-03,2024-10-04,LONG,146.602,146.82,40.25,8.66,1
2024-10-04,2024-10-07,LONG,146.86,148.8,39.86,77.22,3
2024-10-07,2024-10-08,LONG,148.84,148.126,44.2,-31.69,1
2024-10-08,2024-10-09,LONG,148.166,148.139,40.06,-1.2,1
2024-10-09,2024-10-10,LONG,148.179,149.14,49.96,47.87,1
2024-10-10,2024-10-11,LONG,149.18,148.684,48.07,-23.99,1
2024-10-11,2024-10-14,LONG,148.724,149.314,39.63,23.26,3
2024-10-14,2024-10-15,LONG,149.354,149.65,85.12,24.94,1
2024-10-15,2024-10-16,LONG,149.69,149.079,85.21,-52.32,1
2024-10-16,2024-10-17,LONG,149.119,149.556,75.49,32.76,1
2024-10-17,2024-10-18,LONG,149.596,150.08,64.66,31.1,1
2024-10-18,2024-10-21,LONG,150.12,149.58,76.2,-41.38,3
2024-10-21,2024-10-22,LONG,149.62,150.585,39.47,37.97,1
2024-10-22,2024-10-23,LONG,150.625,151.118,74.55,36.53,1
2024-10-23,2024-10-24,LONG,151.158,152.749,86.42,137.22,1
2024-10-24,2024-10-25,LONG,152.789,151.763,101.03,-103.96,1
2024-10-25,2024-10-28,LONG,151.803,152.932,82.67,93.08,3
2024-10-28,2024-10-29,LONG,152.972,153.159,87.35,16.07,1
2024-10-29,2024-10-30,LONG,153.199,153.254,86.71,4.5,1
2024-10-30,2024-10-31,LONG,153.294,153.184,114.4,-12.94,1
2024-10-31,2024-11-01,LONG,153.224,151.96,100.99,-127.96,1
2024-11-01,2024-11-04,LONG,152.0,152.267,46.97,12.4,3
2024-11-04,2024-11-05,LONG,152.307,152.256,69.51,-3.76,1
2024-11-05,2024-11-06,LONG,152.296,151.415,50.28,-44.45,1
2024-11-06,2024-11-07,SHORT,151.415,154.34,-41.83,-122.48,1
2024-11-07,2024-11-08,LONG,154.34,153.16,36.98,-43.76,1
2024-11-08,2024-11-11,LONG,153.2,152.884,35.78,-11.42,3
2024-11-11,2024-11-13,LONG,152.924,154.635,36.47,62.28,2
2024-11-13,2024-11-14,LONG,154.675,155.409,37.34,27.29,1
2024-11-14,2024-11-15,LONG,155.449,156.448,36.87,36.72,1
2024-11-15,2024-11-18,LONG,156.488,154.644,72.99,-134.82,3
2024-11-18,2024-11-19,LONG,154.684,154.597,34.35,-3.09,1
2024-11-19,2024-11-20,LONG,154.637,154.698,33.55,1.94,1
2024-11-20,2024-11-21,LONG,154.738,155.275,45.54,24.32,1
2024-11-21,2024-11-22,LONG,155.315,154.198,34.13,-38.23,1
2024-11-22,2024-11-25,LONG,154.238,154.126,33.33,-3.84,3
2024-11-25,2024-11-26,LONG,154.166,154.358,32.8,6.2,1
2024-11-26,2024-11-27,LONG,154.398,152.989,35.46,-50.07,1
2024-11-27,2024-11-28,LONG,153.029,151.316,34.59,-59.36,1
2024-11-28,2024-11-29,SHORT,151.316,151.194,-72.03,8.57,1
2024-11-29,2024-12-02,SHORT,151.154,149.918,-101.86,125.59,3
2024-12-02,2024-12-03,SHORT,149.878,149.528,-98.52,34.19,1
2024-12-03,2024-12-04,SHORT,149.488,149.667,-101.45,-18.46,1
2024-12-04,2024-12-05,SHORT,149.627,150.587,-99.6,-95.92,1
2024-12-05,2024-12-06,SHORT,150.547,150.227,-92.68,29.38,1
2024-12-06,2024-12-09,SHORT,150.187,150.05,-92.4,12.38,3
2024-12-09,2024-12-10,SHORT,150.01,151.428,-92.2,-131.02,1
2024-12-10,2024-12-11,LONG,151.428,151.787,54.57,19.42,1
2024-12-11,2024-12-12,LONG,151.827,152.225,35.66,14.08,1
2024-12-12,2024-12-13,LONG,152.265,152.567,36.21,10.83,1
2024-12-13,2024-12-16,LONG,152.607,153.433,35.65,29.34,3
2024-12-16,2024-12-17,LONG,153.473,154.066,91.72,54.11,1
2024-12-17,2024-12-18,LONG,154.106,153.552,128.43,-71.54,1
2024-12-18,2024-12-19,LONG,153.592,154.653,107.95,114.21,1
2024-12-19,2024-12-20,LONG,154.693,157.624,98.16,287.4,1
2024-12-20,2024-12-23,LONG,157.664,156.513,119.96,-138.45,3
2024-12-23,2024-12-24,LONG,156.553,157.145,95.59,56.29,1
2024-12-24,2024-12-25,LONG,157.185,157.087,95.16,-9.62,1
2024-12-25,2024-12-26,LONG,157.127,157.113,62.43,-1.07,1
2024-12-26,2024-12-27,LONG,157.153,157.728,60.93,34.84,1
2024-12-27,2024-12-30,LONG,157.768,157.853,63.78,5.22,3
2024-12-30,2024-12-31,LONG,157.893,156.975,61.23,-56.4,1
2024-12-31,2025-01-02,LONG,157.015,157.699,38.71,26.35,2
2025-01-02,2025-01-03,LONG,157.739,157.342,53.22,-21.3,1
2025-01-03,2025-01-06,LONG,157.382,157.461,38.91,2.95,3
2025-01-06,2025-01-07,LONG,157.501,157.723,27.31,5.98,1
2025-01-07,2025-01-08,LONG,157.763,158.216,34.71,15.61,1
2025-01-08,2025-01-09,LONG,158.256,158.172,31.84,-2.78,1
2025-01-09,2025-01-10,LONG,158.212,158.028,36.39,-6.81,1
2025-01-10,2025-01-13,LONG,158.068,157.867,32.34,-6.6,3
2025-01-13,2025-01-14,LONG,157.907,157.344,32.54,-18.42,1
2025-01-14,2025-01-15,LONG,157.384,158.03,32.37,20.81,1
2025-01-15,2025-01-16,LONG,158.07,156.235,60.63,-111.44,1
2025-01-16,2025-01-17,SHORT,156.235,155.376,-57.78,49.45,1
2025-01-17,2025-01-20,SHORT,155.336,156.326,-68.71,-68.23,3
2025-01-20,2025-01-21,SHORT,156.286,155.269,-44.49,45.11,1
2025-01-21,2025-01-22,SHORT,155.229,155.794,-66.91,-38.01,1
2025-01-22,2025-01-23,SHORT,155.754,156.46,-65.44,-46.41,1
2025-01-23,2025-01-24,SHORT,156.42,156.175,-44.38,10.74,1
2025-01-24,2025-01-27,SHORT,156.135,155.764,-44.47,16.36,3
2025-01-27,2025-01-28,SHORT,155.724,154.929,-45.31,35.88,1
2025-01-28,2025-01-29,SHORT,154.889,155.579,-49.09,-34.03,1
2025-01-29,2025-01-30,SHORT,155.539,155.19,-49.66,17.18,1
2025-01-30,2025-01-31,SHORT,155.15,154.117,-40.02,41.21,1
2025-01-31,2025-02-03,SHORT,154.077,155.383,-39.87,-52.19,3
2025-02-03,2025-02-04,SHORT,155.343,155.297,-38.28,1.64,1
2025-02-04,2025-02-05,SHORT,155.257,154.153,-40.24,44.3,1
2025-02-05,2025-02-06,SHORT,154.113,152.626,-39.85,59.14,1
2025-02-06,2025-02-07,SHORT,152.586,151.213,-76.06,104.2,1
2025-02-07,2025-02-10,SHORT,151.173,151.866,-83.92,-58.41,3
2025-02-10,2025-02-11,SHORT,151.826,151.779,-64.57,2.84,1
2025-02-11,2025-02-12,SHORT,151.739,152.759,-58.14,-59.48,1
2025-02-12,2025-02-13,SHORT,152.719,154.275,-45.81,-71.42,1
2025-02-13,2025-02-14,SHORT,154.235,153.009,-34.67,42.39,1
2025-02-14,2025-02-17,SHORT,152.969,152.043,-35.08,32.38,3
2025-02-17,2025-02-18,SHORT,152.003,151.464,-47.72,25.57,1
2025-02-18,2025-02-19,SHORT,151.424,151.951,-52.33,-27.73,1
2025-02-19,2025-02-20,SHORT,151.911,151.24,-35.57,23.76,1
2025-02-20,2025-02-21,SHORT,151.2,149.428,-33.91,59.99,1
2025-02-21,2025-02-24,SHORT,149.388,149.407,-34.0,-0.75,3
2025-02-24,2025-02-25,SHORT,149.367,149.884,-39.69,-20.64,1
2025-02-25,2025-02-26,SHORT,149.844,149.098,-36.07,26.8,1
2025-02-26,2025-02-27,SHORT,149.058,148.858,-64.61,12.73,1
2025-02-27,2025-02-28,SHORT,148.818,150.032,-113.82,-138.52,1
2025-02-28,2025-03-03,SHORT,149.992,150.791,-61.0,-48.93,3
2025-03-03,2025-03-04,SHORT,150.751,149.325,-36.4,51.8,1
2025-03-04,2025-03-05,SHORT,149.285,149.819,-39.92,-21.43,1
2025-03-05,2025-03-06,SHORT,149.779,148.918,-39.99,34.31,1
2025-03-06,2025-03-07,SHORT,148.878,148.128,-42.12,31.46,1
2025-03-07,2025-03-10,SHORT,148.088,147.628,-36.49,16.68,3
2025-03-10,2025-03-11,SHORT,147.588,147.089,-35.45,17.59,1
2025-03-11,2025-03-12,SHORT,147.049,148.062,-50.74,-51.55,1
2025-03-12,2025-03-13,SHORT,148.022,148.299,-35.14,-9.84,1
2025-03-13,2025-03-14,SHORT,148.259,147.969,-36.68,10.53,1
2025-03-14,2025-03-17,SHORT,147.929,148.618,-43.08,-29.81,3
2025-03-17,2025-03-18,SHORT,148.578,149.399,-47.19,-38.89,1
2025-03-18,2025-03-24,SHORT,149.359,149.697,-37.15,-12.67,6
2025-03-24,2025-03-25,SHORT,149.657,150.794,-58.48,-66.67,1
2025-03-25,2025-03-26,SHORT,150.754,149.97,-97.02,75.77,1
2025-03-26,2025-03-27,SHORT,149.93,150.493,-55.36,-31.34,1
2025-03-27,2025-03-28,SHORT,150.453,150.867,-63.33,-26.41,1
2025-03-28,2025-03-31,SHORT,150.827,149.637,-83.91,99.6,3
2025-03-31,2025-04-01,SHORT,149.597,149.933,-45.51,-15.43,1
2025-04-01,2025-04-04,SHORT,149.893,146.251,-48.35,175.93,3
2025-04-04,2025-04-07,SHORT,146.211,145.453,-38.29,28.91,3
2025-04-07,2025-04-08,SHORT,145.413,147.809,-66.61,-159.79,1
2025-04-08,2025-04-09,SHORT,147.769,145.865,-38.53,73.24,1
2025-04-09,2025-04-10,SHORT,145.825,147.419,-43.68,-69.75,1
2025-04-10,2025-04-11,SHORT,147.379,143.767,-27.79,100.31,1
2025-04-11,2025-04-14,SHORT,143.727,143.716,-46.07,0.37,3
2025-04-14,2025-04-15,SHORT,143.676,143.241,-41.1,17.76,1
2025-04-15,2025-04-16,SHORT,143.201,143.201,-45.69,-0.13,1
2025-04-16,2025-04-17,SHORT,143.161,141.948,-45.33,54.86,1
2025-04-17,2025-04-22,SHORT,141.908,140.896,-42.83,43.22,5
2025-04-22,2025-04-23,SHORT,140.856,142.708,-40.46,-75.05,1
2025-04-23,2025-04-24,SHORT,142.668,143.243,-24.24,-14.01,1
2025-04-24,2025-04-25,SHORT,143.203,142.899,-35.72,10.76,1
2025-04-25,2025-04-28,SHORT,142.859,143.861,-29.34,-29.49,3
2025-04-28,2025-04-29,SHORT,143.821,142.198,-39.74,64.38,1
2025-04-29,2025-04-30,SHORT,142.158,142.319,-29.46,-4.83,1
2025-04-30,2025-05-01,SHORT,142.279,143.029,-31.08,-23.4,1
2025-05-01,2025-05-02,SHORT,142.989,145.468,-31.53,-78.26,1
2025-05-02,2025-05-05,SHORT,145.428,144.644,-32.03,25.02,3
2025-05-05,2025-05-06,SHORT,144.604,143.674,-37.8,35.04,1
2025-05-06,2025-05-07,SHORT,143.634,143.055,-38.5,22.18,1
2025-05-07,2025-05-09,SHORT,143.015,146.035,-36.28,-109.66,2
2025-05-09,2025-05-12,SHORT,145.995,145.832,-36.51,5.85,3
2025-05-12,2025-05-13,SHORT,145.792,148.33,-31.86,-80.95,1
2025-05-13,2025-05-14,SHORT,148.29,147.548,-67.26,49.71,1
2025-05-14,2025-05-15,SHORT,147.508,146.67,-51.19,42.75,1
2025-05-15,2025-05-16,SHORT,146.63,145.633,-34.1,33.89,1
2025-05-16,2025-05-20,SHORT,145.593,144.995,-28.1,16.72,4
2025-05-20,2025-05-21,SHORT,144.955,144.348,-28.56,17.25,1
2025-05-21,2025-05-22,SHORT,144.308,143.775,-30.4,16.12,1
2025-05-22,2025-05-23,SHORT,143.735,143.878,-31.98,-4.67,1
2025-05-23,2025-05-26,SHORT,143.838,142.887,-38.0,36.03,3
2025-05-26,2025-05-27,SHORT,142.847,142.675,-48.05,8.13,1
2025-05-27,2025-05-28,SHORT,142.635,144.197,-121.59,-190.27,1
2025-05-28,2025-05-29,SHORT,144.157,145.717,-63.98,-100.0,1
2025-05-29,2025-05-30,SHORT,145.677,143.799,-31.6,59.25,1
2025-05-30,2025-06-02,SHORT,143.759,143.835,-32.36,-2.55,3
2025-06-02,2025-06-03,SHORT,143.795,142.472,-33.87,44.71,1
2025-06-03,2025-06-04,SHORT,142.432,143.857,-40.3,-57.54,1
2025-06-04,2025-06-05,SHORT,143.817,142.752,-35.75,37.97,1
2025-06-05,2025-06-06,SHORT,142.712,143.562,-36.32,-30.98,1
2025-06-06,2025-06-09,SHORT,143.522,144.711,-34.29,-40.87,3
2025-06-09,2025-06-10,SHORT,144.671,144.56,-34.2,3.7,1
2025-06-10,2025-06-11,SHORT,144.52,144.858,-35.09,-11.96,1
2025-06-11,2025-06-12,SHORT,144.818,144.223,-35.76,21.17,1
2025-06-12,2025-06-13,SHORT,144.183,143.214,-35.64,34.43,1
2025-06-13,2025-06-17,SHORT,143.174,144.749,-35.63,-56.22,4
2025-06-17,2025-06-18,SHORT,144.709,145.396,-44.11,-30.43,1
2025-06-18,2025-06-19,SHORT,145.356,144.975,-41.54,15.71,1
2025-06-19,2025-06-20,SHORT,144.935,145.238,-59.05,-18.06,1
2025-06-20,2025-06-23,SHORT,145.198,146.244,-49.13,-51.53,3
2025-06-23,2025-06-24,LONG,146.244,145.908,43.19,-14.64,1
2025-06-24,2025-06-25,LONG,145.948,144.937,42.41,-43.0,1
2025-06-25,2025-06-26,SHORT,144.937,144.924,-42.46,0.43,1
2025-06-26,2025-06-27,SHORT,144.884,144.714,-45.04,7.53,1
2025-06-27,2025-06-30,SHORT,144.674,144.537,-51.84,6.95,3
2025-06-30,2025-07-01,SHORT,144.497,143.82,-46.55,31.38,1
2025-07-01,2025-07-02,SHORT,143.78,143.422,-44.68,15.87,1
2025-07-02,2025-07-03,SHORT,143.382,143.546,-81.55,-13.61,1
2025-07-03,2025-07-04,SHORT,143.506,144.702,-62.61,-75.06,1
2025-07-04,2025-07-07,SHORT,144.662,144.518,-46.4,6.55,3
2025-07-07,2025-07-08,SHORT,144.478,145.912,-72.85,-104.69,1
2025-07-08,2025-07-09,LONG,145.912,146.829,41.66,38.08,1
2025-07-09,2025-07-10,LONG,146.869,146.094,58.02,-45.13,1
2025-07-10,2025-07-11,LONG,146.134,146.268,40.96,5.37,1
2025-07-11,2025-07-14,LONG,146.308,147.275,46.55,44.88,3
2025-07-14,2025-07-15,LONG,147.315,147.772,72.39,32.87,1
2025-07-15,2025-07-16,LONG,147.812,148.741,105.37,97.57,1
2025-07-16,2025-07-17,LONG,148.781,147.983,124.07,-99.37,1
2025-07-17,2025-07-18,LONG,148.023,148.422,93.82,37.15,1
2025-07-18,2025-07-21,LONG,148.462,148.411,87.0,-4.7,3
2025-07-21,2025-07-22,LONG,148.451,147.389,95.69,-101.9,1
2025-07-22,2025-07-23,SHORT,147.389,146.805,-39.7,23.07,1
2025-07-23,2025-07-25,SHORT,146.765,147.025,-40.75,-10.71,2
2025-07-25,2025-07-28,SHORT,146.985,147.833,-41.22,-35.07,3
2025-07-28,2025-07-29,LONG,147.833,148.459,43.25,26.94,1
2025-07-29,2025-07-30,LONG,148.499,148.422,43.92,-3.51,1
2025-07-30,2025-07-31,LONG,148.462,149.206,43.47,32.21,1
2025-07-31,2025-08-01,LONG,149.246,150.752,41.79,62.81,1
2025-08-01,2025-08-04,LONG,150.792,147.323,54.36,-188.73,3
2025-08-04,2025-08-05,SHORT,147.323,146.813,-34.88,17.69,1
2025-08-05,2025-08-12,SHORT,146.773,148.145,-36.37,-50.0,7
2025-08-12,2025-08-13,LONG,148.145,147.738,38.28,-15.69,1
2025-08-13,2025-08-14,SHORT,147.738,147.14,-38.32,22.8,1
2025-08-14,2025-08-15,SHORT,147.1,147.711,-38.33,-23.54,1
2025-08-15,2025-08-18,SHORT,147.671,147.284,-58.03,22.28,3
2025-08-18,2025-08-19,SHORT,147.244,147.936,-39.49,-27.45,1
2025-08-19,2025-08-20,LONG,147.936,147.711,40.32,-9.19,1
2025-08-20,2025-08-22,SHORT,147.711,148.406,-42.64,-29.76,2
2025-08-22,2025-08-25,LONG,148.406,147.195,58.28,-70.75,3
2025-08-25,2025-08-26,SHORT,147.195,147.842,-52.43,-34.08,1
2025-08-26,2025-08-27,LONG,147.842,147.442,53.01,-21.36,1
2025-08-27,2025-08-29,SHORT,147.442,146.81,-53.76,33.82,2
2025-08-29,2025-09-01,SHORT,146.77,147.117,-57.8,-20.23,3
2025-09-01,2025-09-02,SHORT,147.077,147.104,-59.05,-1.77,1
2025-09-02,2025-09-03,SHORT,147.064,148.568,-56.0,-84.39,1
2025-09-03,2025-09-04,LONG,148.568,147.96,54.27,-33.16,1
2025-09-04,2025-09-05,LONG,148.0,148.355,54.33,19.12,1
2025-09-05,2025-09-08,LONG,148.395,148.324,51.85,-3.84,3
2025-09-08,2025-09-09,LONG,148.364,147.344,52.23,-53.42,1
2025-09-09,2025-09-12,SHORT,147.344,147.244,-48.16,4.67,3
2025-09-12,2025-09-15,SHORT,147.204,147.686,-55.21,-26.78,3
2025-09-15,2025-09-16,SHORT,147.646,147.425,-56.79,12.38,1
2025-09-16,2025-09-17,SHORT,147.385,146.433,-55.34,52.52,1
2025-09-17,2025-09-18,SHORT,146.393,146.911,-118.32,-61.64,1
2025-09-18,2025-09-19,SHORT,146.871,147.967,-57.28,-62.94,1
2025-09-19,2025-09-24,LONG,147.967,147.593,47.42,-17.87,5
2025-09-24,2025-09-25,SHORT,147.593,148.771,-54.53,-64.39,1
2025-09-25,2025-09-26,LONG,148.771,149.841,58.27,62.17,1
2025-09-26,2025-09-29,LONG,149.881,149.385,90.02,-44.92,3
2025-09-29,2025-09-30,LONG,149.425,148.575,61.54,-52.49,1
2025-09-30,2025-10-01,LONG,148.615,147.977,50.0,-32.05,1
2025-10-01,2025-10-02,SHORT,147.977,147.103,-47.59,41.46,1
2025-10-02,2025-10-03,SHORT,147.063,147.17,-45.89,-5.05,1
2025-10-03,2025-10-06,SHORT,147.13,149.626,-45.22,-113.0,3
2025-10-06,2025-10-07,LONG,149.626,150.311,40.43,27.57,1
2025-10-07,2025-10-08,LONG,150.351,152.031,49.33,82.72,1
2025-10-08,2025-10-09,LONG,152.071,152.66,67.99,39.84,1
2025-10-09,2025-10-10,LONG,152.7,152.945,64.05,15.5,1
2025-10-10,2025-10-13,LONG,152.985,152.036,53.03,-50.49,3
2025-10-13,2025-10-14,LONG,152.076,152.414,41.81,14.01,1
2025-10-14,2025-10-15,LONG,152.454,151.711,64.46,-48.09,1
2025-10-15,2025-10-16,LONG,151.751,150.954,63.78,-51.03,1
2025-10-16,2025-10-17,LONG,150.994,150.1,67.53,-60.57,1
2025-10-17,2025-10-20,SHORT,150.1,150.92,-46.81,-38.53,3
2025-10-20,2025-10-21,LONG,150.92,150.754,38.2,-6.46,1
2025-10-21,2025-10-23,LONG,150.794,151.934,38.75,44.06,2
2025-10-23,2025-10-24,LONG,151.974,152.582,38.74,23.43,1
2025-10-24,2025-10-27,LONG,152.622,153.041,43.16,17.95,3
2025-10-27,2025-10-28,LONG,153.081,152.672,45.33,-18.68,1
2025-10-28,2025-10-30,LONG,152.712,152.702,48.88,-0.64,2
2025-10-30,2025-10-31,LONG,152.742,153.88,50.53,57.35,1
2025-10-31,2025-11-03,LONG,153.92,154.175,101.75,25.63,3
2025-11-03,2025-11-04,LONG,154.215,154.184,98.59,-3.36,1
2025-11-04,2025-11-05,LONG,154.224,153.537,106.83,-73.72,1
2025-11-05,2025-11-06,LONG,153.577,154.053,55.59,26.29,1
2025-11-06,2025-11-07,LONG,154.093,152.928,67.06,-78.33,1
2025-11-07,2025-11-10,LONG,152.968,153.797,47.58,39.3,3
2025-11-10,2025-11-11,LONG,153.837,154.126,48.67,13.92,1
2025-11-11,2025-11-12,LONG,154.166,154.055,50.01,-5.71,1
2025-11-12,2025-11-13,LONG,154.095,154.693,77.42,46.06,1
2025-11-13,2025-11-14,LONG,154.733,154.613,70.72,-8.71,1
2025-11-14,2025-11-17,LONG,154.653,154.565,49.13,-4.48,3
2025-11-17,2025-11-18,LONG,154.605,155.253,50.38,32.49,1
2025-11-18,2025-11-19,LONG,155.293,155.528,51.12,11.86,1
2025-11-19,2025-11-20,LONG,155.568,156.972,94.87,132.9,1
2025-11-20,2025-11-21,LONG,157.012,157.349,111.23,37.13,1
2025-11-21,2025-11-24,LONG,157.389,156.668,184.15,-133.35,3
2025-11-24,2025-11-25,LONG,156.708,156.919,126.12,26.21,1
2025-11-25,2025-11-26,LONG,156.959,156.21,127.28,-95.73,1
2025-11-26,2025-11-27,LONG,156.25,156.219,85.37,-2.91,1
2025-11-27,2025-11-28,LONG,156.259,156.264,71.13,0.13,1
2025-11-28,2025-12-01,LONG,156.304,155.908,81.09,-32.37,3
2025-12-01,2025-12-02,LONG,155.948,155.537,58.61,-24.27,1
2025-12-02,2025-12-03,SHORT,155.537,155.827,-53.58,-15.7,1
2025-12-03,2025-12-04,LONG,155.827,155.087,53.99,-40.12,1
2025-12-04,2025-12-05,SHORT,155.087,155.162,-107.18,-8.37,1
2025-12-05,2025-12-08,SHORT,155.122,155.36,-137.15,-33.07,3
2025-12-08,2025-12-09,SHORT,155.32,155.864,-95.69,-52.36,1
2025-12-09,2025-12-10,LONG,155.864,156.818,71.04,67.55,1
2025-12-10,2025-12-11,LONG,156.858,155.77,55.95,-61.05,1
2025-12-11,2025-12-12,LONG,155.81,155.547,53.76,-14.31,1
2025-12-12,2025-12-15,SHORT,155.547,155.908,-54.48,-19.84,3
2025-12-15,2025-12-16,LONG,155.908,154.995,54.24,-49.69,1
2025-12-16,2025-12-17,SHORT,154.995,154.798,-53.66,10.4,1
2025-12-17,2025-12-18,SHORT,154.758,155.515,-52.22,-39.69,1
2025-12-18,2025-12-22,SHORT,155.475,157.696,-50.32,-111.92,4
2025-12-22,2025-12-23,LONG,157.696,156.857,59.81,-50.37,1
2025-12-23,2025-12-24,LONG,156.897,156.156,42.54,-31.66,1
2025-12-24,2025-12-29,LONG,156.196,156.443,42.48,10.36,5
2025-12-29,2025-12-30,LONG,156.483,155.993,44.74,-22.06,1
2025-12-30,2025-12-31,LONG,156.033,156.393,46.64,16.65,1
2025-12-31,2026-01-02,LONG,156.433,156.711,46.92,12.9,2
2026-01-02,2026-01-05,LONG,156.751,156.969,65.71,14.12,3
2026-01-05,2026-01-06,LONG,157.009,156.606,53.4,-21.69,1
2026-01-06,2026-01-07,LONG,156.646,156.66,50.58,0.55,1
2026-01-07,2026-01-08,LONG,156.7,156.711,56.15,0.44,1
2026-01-08,2026-01-09,LONG,156.751,156.86,55.44,5.87,1
2026-01-09,2026-01-12,LONG,156.9,158.129,61.41,75.28,3
2026-01-12,2026-01-13,LONG,158.169,157.966,127.87,-26.36,1
2026-01-13,2026-01-14,LONG,158.006,159.159,106.38,122.31,1
2026-01-14,2026-01-15,LONG,159.199,158.382,190.4,-156.16,1
2026-01-15,2026-01-16,LONG,158.422,158.576,112.42,16.96,1
2026-01-16,2026-01-19,LONG,158.616,157.515,106.61,-117.71,3
2026-01-19,2026-01-20,LONG,157.555,158.157,60.94,36.49,1
2026-01-20,2026-01-21,LONG,158.197,158.142,66.91,-3.89,1
2026-01-21,2026-01-22,LONG,158.182,158.436,66.43,16.66,1
2026-01-22,2026-01-23,LONG,158.476,158.481,73.35,0.14,1
2026-01-23,2026-01-26,LONG,158.521,155.146,66.12,-223.37,3
2026-01-26,2026-01-27,SHORT,155.146,154.356,-68.28,53.73,1
2026-01-27,2026-01-28,SHORT,154.316,152.473,-70.32,129.39,1
2026-01-28,2026-01-29,SHORT,152.433,153.116,-112.33,-77.06,1
2026-01-29,2026-01-30,SHORT,153.076,153.182,-91.37,-9.97,1
2026-01-30,2026-02-02,SHORT,153.142,155.222,-93.38,-194.52,3
2026-02-02,2026-02-03,SHORT,155.182,155.463,-35.6,-10.11,1
2026-02-03,2026-02-04,SHORT,155.423,155.819,-42.51,-16.97,1
2026-02-04,2026-02-05,SHORT,155.779,156.937,-35.79,-41.56,1
2026-02-05,2026-02-06,LONG,156.937,156.764,34.74,-6.12,1
2026-02-06,2026-02-09,LONG,156.804,157.224,35.61,14.84,3
2026-02-09,2026-02-10,LONG,157.264,156.112,37.04,-42.79,1
2026-02-10,2026-02-11,SHORT,156.112,154.502,-31.17,50.08,1
2026-02-11,2026-02-12,SHORT,154.462,153.289,-29.49,34.51,1
2026-02-12,2026-02-16,SHORT,153.249,152.799,-28.06,12.54,4
2026-02-16,2026-02-17,SHORT,152.759,153.629,-49.72,-43.41,1
2026-02-17,2026-02-18,SHORT,153.589,153.169,-35.95,14.99,1
2026-02-18,2026-02-19,SHORT,153.129,154.713,-50.27,-79.78,1
2026-02-19,2026-02-20,SHORT,154.673,155.18,-39.0,-19.9,1
2026-02-20,2026-02-23,SHORT,155.14,154.359,-37.06,28.83,3
2026-02-23,2026-02-24,SHORT,154.319,154.655,-49.52,-16.79,1
2026-02-24,2026-02-25,SHORT,154.615,155.9,-35.79,-46.1,1
2026-02-25,2026-02-26,LONG,155.9,156.18,34.78,9.63,1
2026-02-26,2026-02-27,LONG,156.22,155.839,63.21,-24.28,1
2026-02-27,2026-03-02,SHORT,155.839,156.653,-69.67,-56.93,3
2026-03-02,2026-03-03,LONG,156.653,157.237,83.96,48.77,1
2026-03-03,2026-03-04,LONG,157.277,157.753,90.31,42.7,1
2026-03-04,2026-03-05,LONG,157.793,156.963,121.46,-101.19,1
2026-03-05,2026-03-06,LONG,157.003,157.514,65.91,33.47,1
2026-03-06,2026-03-09,LONG,157.554,158.407,66.59,56.59,3
2026-03-09,2026-03-10,LONG,158.447,157.828,112.45,-69.96,1
2026-03-10,2026-03-11,LONG,157.868,158.094,85.7,19.1,1
2026-03-11,2026-03-12,LONG,158.134,159.055,74.63,68.5,1
2026-03-12,2026-03-13,LONG,159.095,159.186,85.23,7.48,1
2026-03-13,2026-03-16,LONG,159.226,159.548,105.88,33.76,3
2026-03-16,2026-03-17,LONG,159.588,159.085,106.74,-54.03,1
2026-03-17,2026-03-18,LONG,159.125,158.869,75.35,-19.53,1
2026-03-18,2026-03-19,LONG,158.909,159.775,54.37,46.91,1
2026-03-19,2026-03-20,LONG,159.815,157.904,107.35,-205.48,1
2026-03-20,2026-03-23,SHORT,157.904,159.254,-50.09,-67.78,3
2026-03-23,2026-03-24,LONG,159.254,158.459,48.85,-38.99,1
2026-03-24,2026-03-31,LONG,158.499,159.821,49.21,64.9,7
2026-03-31,2026-04-01,LONG,159.861,158.559,52.93,-69.08,1
2026-04-01,2026-04-02,LONG,158.599,158.668,51.54,3.39,1
2026-04-02,2026-04-03,LONG,158.708,159.471,49.87,37.89,1
2026-04-03,2026-04-06,LONG,159.511,159.76,49.19,12.09,3
2026-04-06,2026-04-07,LONG,159.8,159.663,50.31,-7.05,1
2026-04-07,2026-04-08,LONG,159.703,158.696,52.94,-53.48,1
2026-04-08,2026-04-09,LONG,158.736,158.622,51.54,-6.04,1
2026-04-09,2026-04-10,LONG,158.662,159.092,56.55,24.14,1
2026-04-10,2026-04-13,LONG,159.132,159.66,60.8,31.91,3
2026-04-13,2026-04-14,LONG,159.7,159.194,61.24,-31.18,1
2026-04-14,2026-04-15,LONG,159.234,158.772,59.72,-27.78,1
2026-04-15,2026-04-20,LONG,158.812,159.141,61.52,20.04,5
2026-04-20,2026-04-21,LONG,159.181,158.824,59.19,-21.32,1
2026-04-21,2026-04-22,LONG,158.864,159.353,63.44,30.82,1
2026-04-22,2026-04-23,LONG,159.393,159.468,66.05,4.74,1
2026-04-23,2026-04-24,LONG,159.508,159.727,70.25,15.16,1
2026-04-24,2026-04-27,LONG,159.767,159.556,68.88,-14.75,3
2026-04-27,2026-04-29,LONG,159.596,159.532,68.2,-4.58,2
2026-04-29,2026-04-30,LONG,159.572,160.164,98.11,57.76,1
2026-04-30,2026-05-01,LONG,160.204,156.958,100.25,-325.72,1
2026-05-01,2026-05-04,SHORT,156.958,156.866,-64.65,5.75,3
2026-05-04,2026-05-05,SHORT,156.826,157.214,-65.1,-25.46,1
2026-05-05,2026-05-06,SHORT,157.174,157.697,-45.16,-23.76,1
2026-05-06,2026-05-07,SHORT,157.657,156.528,-42.93,48.33,1
2026-05-07,2026-05-08,SHORT,156.488,156.849,-64.59,-23.52,1
2026-05-08,2026-05-11,SHORT,156.809,156.878,-62.98,-4.54,3
2026-05-11,2026-05-12,SHORT,156.838,157.251,-60.69,-25.25,1
2026-05-12,2026-05-13,SHORT,157.211,157.691,-45.8,-22.13,1
2026-05-13,2026-05-14,SHORT,157.651,157.871,-38.79,-8.66,1
2026-05-14,2026-05-15,SHORT,157.831,158.402,-51.18,-29.39,1
2026-05-15,2026-05-18,SHORT,158.362,158.864,-50.81,-25.67,3
2026-05-18,2026-05-19,LONG,158.864,158.841,67.18,-1.76,1
2026-05-19,2026-05-20,LONG,158.881,159.015,61.98,8.11,1
2026-05-20,2026-05-21,LONG,159.055,158.868,69.25,-13.17,1
2026-05-21,2026-05-22,LONG,158.908,158.998,221.18,19.2,1
2026-05-22,2026-05-25,LONG,159.038,158.926,239.81,-27.62,3
2026-05-25,2026-05-26,LONG,158.966,158.934,238.93,-8.41,1
2026-05-26,2026-05-27,LONG,158.974,159.223,292.24,71.84,1
2026-05-27,2026-05-28,LONG,159.263,159.548,326.83,92.1,1
2026-05-28,2026-05-29,LONG,159.588,159.25,335.77,-114.56,1
2026-05-29,2026-05-29,LONG,159.29,159.27,191.04,-4.43,0
